0.23906,0.237572,0.05644,-0.544599,0.812639,-0.039292,0.180566,16.9003,0.213928,0.34390345056228894,14.0,35.0,0.887222,1.894119,0.012266308840452194,0.015693607971225328,0.00851066679227502,0.125911204945046,0.0,0.13774,0.136975,0.018762,-0.430713,0.328621,0.021189,0.105025,10.1937,0.129034,0.1292872201147004,16.0,33.0,-0.230016,0.803686,0.0002985985096422127,0.0013259213984276332,0.00010715404932186881,0.07082801938608772,0.0
0.245994,0.244454,0.059758,-0.544599,0.812639,-0.030836,0.186406,18.5236,0.234476,0.355165805376777,15.0,36.0,0.792751,1.545335,0.011769586830765937,0.016279983175202472,0.008471234186517415,0.12216195262828239,0.0,0.142068,0.141197,0.019937,-0.430713,0.328621,-0.004715,0.109069,11.8031,0.149406,0.3286206725340267,20.0,32.0,-0.107767,0.528914,0.0004421634832541193,0.0014053231983679687,0.00011414178299211302,0.07311711223408046,0.0
0.201905,0.200641,0.040257,-0.544599,0.812639,-0.007965,0.1532,14.9133,0.188776,0.18989069329972696,15.0,34.0,0.693447,2.504923,0.005481940330832589,0.008899117268771151,0.004077266758927189,0.10271633422139458,0.0,0.124325,0.123579,0.015272,-0.269656,0.395763,-0.010612,0.097702,11.3259,0.143366,0.10852160377279792,23.0,27.0,0.24586,0.428764,0.00033139775649337384,0.0007942227546507074,8.957838557438763e-05,0.0695610018010146,0.0
0.192295,0.191135,0.036532,-0.388646,0.456265,0.026424,0.158046,14.6333,0.185232,0.32181271628942926,16.0,35.0,-0.016723,-0.532745,0.0003377762047416938,0.003291578171771104,0.00011481088385221156,0.11204065967548069,0.0,0.137219,0.136362,0.018595,-0.278709,0.395763,0.005376,0.110911,12.2539,0.155113,0.17201270506159042,21.0,29.0,0.063765,-0.238534,0.00021521705431454727,0.0009554274024174643,7.405637471479683e-05,0.07671163575768172,0.0
0.213023,0.211725,0.044827,-0.498946,0.531648,-0.003454,0.171157,16.1722,0.204711,0.1905152727099894,15.0,36.0,-0.068963,-0.217551,0.00011942055789596167,0.005581243303539086,6.961570455114017e-05,0.11890026521580287,0.0,0.136117,0.135266,0.018297,-0.329793,0.395763,-0.000401,0.107347,11.4699,0.145189,0.1787113994623188,21.0,32.0,0.010381,0.045732,2.1754064004743822e-05,0.0010195474398336957,3.803384022032167e-05,0.06967833862676737,0.0
0.268405,0.267106,0.071346,-0.54802,0.96832,-0.019157,0.20389,20.2858,0.256783,0.2954772746661374,16.0,39.0,0.671865,1.450483,0.015809054944216284,0.023341998319051017,0.01355376093299199,0.14395447144775517,0.0,0.148372,0.147442,0.021739,-0.441012,0.395763,-0.002348,0.111446,12.3037,0.155744,0.20838131533831294,21.0,32.0,-0.291158,0.644412,0.0009412783063425849,0.0017227599384478573,0.00017911659843238662,0.06640803283215062,0.0
0.468753,0.466269,0.217407,-1.745396,1.10365,-0.049898,0.325506,33.241,0.420772,0.3617621949827948,15.0,37.0,-0.750205,2.874769,0.08924095888299806,0.2833922455525933,0.31668715154299215,0.1980079253516403,1.0,0.265378,0.263911,0.069649,-0.994338,0.945292,-0.000401,0.179361,19.1914,0.242929,0.18154367566661553,20.0,35.0,-0.288404,3.50981,0.007420083919548653,0.03174423171706764,0.0049343236154319094,0.09492494974851261,0.0
0.731578,0.726992,0.528518,-1.96964,1.902032,-0.048218,0.507854,55.2305,0.699121,0.5316480143086345,15.0,39.0,-0.205062,1.07654,0.08051952292646684,1.139046223642731,0.3291361695367756,0.2733052745823514,1.0,0.404177,0.401645,0.161318,-1.43567,1.026464,0.006045,0.277226,32.6066,0.412742,0.3150233448229818,22.0,29.0,-0.216009,2.037294,0.01341795143648299,0.13102093110996607,0.04789007059036912,0.1383486265409094,1.0
0.886463,0.881405,0.776875,-1.96964,2.382019,-0.022902,0.654774,70.8678,0.89706,0.726742746544291,18.0,37.0,-0.013126,0.276335,0.06017730348197816,1.9759393678114396,0.6165307838028685,0.3693468147171246,1.0,0.484029,0.481089,0.231447,-1.43567,1.121773,0.020878,0.360187,42.9192,0.54328,0.9452915696184873,21.0,26.0,-0.235339,0.671481,0.019548606936650822,0.1956419311063177,0.060325230867967726,0.2085947894211348,1.0
1.036815,1.030994,1.062949,-2.644496,2.382019,-0.022902,0.803883,85.9389,1.087834,0.8225882105165826,18.0,35.0,-0.1776,-0.234009,0.3134664132074471,3.154952593122003,1.6552598947890833,0.4758559806847116,1.0,0.660005,0.655868,0.430162,-1.986707,1.654476,0.039928,0.500748,61.7011,0.781027,0.6340709491751103,21.0,25.0,-0.356107,0.819375,0.09896953691205061,0.7062687407765078,0.40724004498580973,0.3294179871902947,1.0
1.032141,1.025728,1.052118,-2.644496,2.382019,0.031898,0.7939,88.3664,1.118561,1.8044141140043666,20.0,31.0,-0.183937,-0.141848,0.16410632843232711,3.1552289260987756,1.2124719325684523,0.4703964907687478,1.0,0.711213,0.706756,0.499504,-1.986707,1.654476,0.025755,0.537373,66.1726,0.837628,0.5846120539107089,20.0,26.0,-0.483021,0.652104,0.1681966916773196,0.910156888353502,0.7310764389288524,0.338483597475441,1.0
0.941494,0.935632,0.875407,-2.644496,2.382019,0.026461,0.716658,81.1656,1.027413,1.234577178712592,21.0,29.0,-0.164766,0.363373,0.1120672528143197,2.572730086241626,0.9543407174586183,0.4435581003980765,1.0,0.742154,0.737512,0.543924,-1.986707,1.746156,0.04218,0.546094,69.0159,0.87362,1.1217733877676805,20.0,25.0,-0.463334,0.763655,0.17933020246726308,1.1105033619426126,0.7496169132416501,0.3237046062119699,1.0
0.891401,0.887142,0.787022,-2.644496,1.921366,0.021162,0.70017,75.9141,0.960938,1.485320569102534,20.0,30.0,-0.379414,0.208197,0.3781452480198334,2.037610561413099,2.3108546143294104,0.4651585968422772,1.0,0.757559,0.753151,0.567237,-1.986707,1.746156,0.007893,0.562534,68.3917,0.865718,1.654476288334339,21.0,29.0,-0.277452,0.565315,0.15696560094234804,1.1575824891784394,0.665306384193514,0.328992170322738,1.0
0.872938,0.867512,0.752578,-2.298957,2.140451,-0.052247,0.694339,75.4985,0.955678,1.514814943520539,21.0,30.0,-0.014279,0.049204,0.01118226370834594,1.726642042562738,0.07449019360509226,0.4778109072825246,1.0,0.806991,0.801968,0.643153,-2.729626,1.746156,-0.011657,0.60459,74.0401,0.937216,0.6365314888141056,23.0,25.0,-0.402009,0.974916,0.22217546135814112,1.65051454331859,1.9192936648293415,0.3683020757486007,1.0
1.092968,1.08619,1.179809,-4.096363,2.436571,0.088306,0.833936,89.9291,1.138343,1.9213656558467325,20.0,34.0,-0.645775,1.639511,0.7822597794597984,6.415131139043578,14.370839591802968,0.5802764778413305,1.0,0.854956,0.849607,0.721833,-2.729626,1.746156,0.063947,0.652493,83.6782,1.059218,0.9349305639605506,24.0,23.0,-0.417437,0.466507,0.24642639769885957,1.8016603185957305,2.0012090755693746,0.39492216600154967,1.0
1.122121,1.115088,1.243422,-4.096363,2.436571,0.110463,0.869698,94.1802,1.192155,1.0242821135730307,19.0,32.0,-0.685653,1.246685,0.959681561096955,6.574962139831688,15.177258644810383,0.6092717922829167,1.0,0.818812,0.813691,0.662093,-2.729626,1.667271,0.060049,0.631718,79.6233,1.007889,1.4910310551692596,23.0,23.0,-0.433221,0.570755,0.24232211012805455,1.5694871452473254,1.9732882064879445,0.3936909062163718,1.0
1.166651,1.159362,1.34412,-4.096363,2.436571,0.068173,0.886346,104.9264,1.328182,1.7602474150458682,21.0,28.0,-0.49843,0.974578,0.7458620712500205,7.156823856130577,14.419999680526047,0.5681431003784997,2.0,0.865756,0.86033,0.740168,-2.729626,1.667271,0.124382,0.67692,87.2242,1.104104,1.5777616286365186,24.0,21.0,-0.613036,0.340116,0.3941952981326512,1.8325640950781303,2.580452546473931,0.453121475278717,1.0
1.191139,1.183683,1.401106,-4.096363,2.436571,0.068173,0.916012,106.0194,1.342018,0.9569315685747257,20.0,30.0,-0.447891,0.675906,0.7203857012385843,7.200277889966642,14.164864679675123,0.5774757432000238,2.0,0.755195,0.750649,0.563474,-2.021168,1.279134,0.143025,0.600839,70.9263,0.897802,0.7753630257896817,21.0,24.0,-0.653892,-0.019803,0.2478924188859482,0.9275982908339492,0.9906830728315568,0.41336679569482077,1.0
0.992858,0.986758,0.973691,-2.174754,2.023118,-0.083417,0.778417,86.5777,1.09592,0.9554930923721325,20.0,28.0,0.160955,-0.349092,0.10870163132342274,2.503711060498224,0.28778760471956016,0.4930261135077796,1.0,0.702419,0.698035,0.487253,-2.021168,1.228619,0.095867,0.574386,68.1686,0.862894,0.8176657111909431,23.0,22.0,-0.478572,-0.231215,0.15494579462876426,0.653879610816994,0.5869102593160116,0.42460315739296406,1.0
1.017135,1.010828,1.021774,-2.174754,2.542371,-0.083417,0.785691,85.1578,1.077947,2.0231183494785556,19.0,34.0,0.365101,-0.168066,0.34034005043947435,2.9386079029745678,1.8376868049837924,0.47550123688002893,1.0,0.791875,0.787263,0.619784,-2.158917,1.999749,0.073051,0.638639,74.8031,0.946875,0.933020010430324,24.0,26.0,-0.317459,-0.03581,0.19851849583330083,1.153258074448706,0.7890018804913439,0.46067284115908524,1.0
1.101629,1.094843,1.198681,-2.508922,2.971507,-0.058342,0.853306,90.9601,1.151394,1.943973920638856,18.0,36.0,0.28263,-0.052042,0.4292702075165756,4.259889750818952,3.351421377771775,0.5297994946526648,1.0,0.820192,0.815271,0.664666,-2.158917,1.999749,0.048237,0.666524,81.6465,1.033499,0.7267836889328491,26.0,25.0,-0.155415,-0.015142,0.04635411209044364,1.3122783806061062,0.42623693040235466,0.45842358845017855,1.0
1.063295,1.05681,1.116848,-2.508922,2.971507,-0.034658,0.811542,89.9933,1.139155,1.3673083542026923,19.0,32.0,0.343478,0.203273,0.47086364264208685,4.027196959132474,3.734376382408315,0.4997565096962322,1.0,0.842979,0.837817,0.701938,-2.158917,2.019793,-0.132637,0.689275,87.4299,1.106707,0.9377167142351815,27.0,25.0,0.112673,0.010638,0.03597683799095932,1.479579766982766,0.010946254676891342,0.48472912890621256,1.0
1.071956,1.065667,1.135647,-2.508922,2.971507,0.023699,0.826517,91.6454,1.160068,1.3841051296255582,20.0,35.0,0.292664,0.115346,0.4570606373077923,4.060526369078555,3.731264094998943,0.5230875434024542,1.0,0.905063,0.899392,0.808907,-2.533774,2.019793,-0.059964,0.711532,88.4147,1.119173,1.99974892657085,24.0,29.0,-0.057667,0.359674,0.04865266315539799,2.1987954453052287,0.8807684650754262,0.4473469635181257,1.0
1.229086,1.221381,1.491771,-2.588777,2.971507,-0.048221,0.946291,105.6128,1.33687,1.1070336583633669,22.0,33.0,0.156936,-0.180746,0.28085241585711457,6.272612816496843,2.757077747667254,0.5852686063779226,2.0,0.888851,0.883361,0.780326,-2.533774,2.019793,0.003972,0.707078,87.289,1.104924,1.8122586979479105,21.0,26.0,-0.210252,0.179302,0.1165282312377351,1.9288437403764018,0.981065517495226,0.43100552078624715,1.0
1.13252,1.125621,1.267022,-2.588777,2.79599,0.034729,0.896909,92.8876,1.175792,1.2592353726044063,21.0,34.0,0.039144,-0.200969,0.136757744150237,4.4983942774138725,0.9285780613892929,0.5997859135915931,2.0,0.817316,0.812195,0.65966,-2.533774,2.019793,-0.009466,0.633946,75.105,0.950696,0.6966839327316197,19.0,32.0,-0.171385,0.488019,0.09577897055908276,1.5185487641402307,0.705766656881481,0.36807208089031423,1.0
1.16778,1.160464,1.346677,-2.588777,2.79599,0.112139,0.941547,92.953,1.17662,1.8963836712345297,18.0,37.0,-0.149804,-0.318023,0.24853050882365096,4.867223992068867,1.2617705118610751,0.6681395471604886,2.0,0.828607,0.823615,0.678341,-2.533774,2.010821,0.003972,0.61701,76.4328,0.967503,0.6982611986739754,21.0,29.0,-0.555603,0.680247,0.34735105770545294,1.7158149732211085,2.0108903090023476,0.3203140282624852,1.0
1.345496,1.337511,1.788935,-3.44559,2.921083,0.046137,1.082457,97.7939,1.237897,2.069770365023018,15.0,40.0,-0.085854,-0.182407,0.3913863790078387,9.046380581611931,3.9721787332941405,0.792150274478309,2.0,0.855509,0.850162,0.722775,-2.402765,1.745945,0.012615,0.657346,77.6076,0.982375,0.8155270042720827,21.0,30.0,-0.417805,0.204258,0.26827534651896234,1.679384167813567,1.6765452276364599,0.37356251037590743,1.0
1.170168,1.16316,1.35294,-3.44559,2.921083,0.131131,0.929481,82.3971,1.043001,1.2124022498447053,15.0,38.0,-0.263028,0.45245,0.30156861609600394,6.272925275099547,3.975691286191117,0.6643587969509384,1.0,0.829516,0.82453,0.679849,-2.402765,1.745945,-0.009806,0.641433,72.8496,0.922147,0.7832059598051064,22.0,33.0,-0.361395,0.391695,0.16409242509902117,1.552212744882797,1.431700203520211,0.3849498295116036,1.0
1.360149,1.352008,1.827926,-3.924429,2.921083,0.135465,1.030003,92.6621,1.172938,1.1613169433945991,14.0,39.0,-0.60307,0.674939,1.6663477513506428,12.469107205431389,24.596705706996836,0.6757802379471732,2.0,0.832197,0.82698,0.683896,-2.402765,1.745945,-0.028017,0.651715,71.483,0.904848,0.6818967097217199,20.0,31.0,-0.309865,0.30256,0.1732843956707128,1.5439797426091484,1.4640816571336805,0.43080667579224785,1.0
1.37451,1.365914,1.86572,-3.924429,2.921083,0.076527,1.032817,97.5176,1.2344,2.9210834953896745,15.0,34.0,-0.468134,0.71549,1.2360449399828846,12.969877537053785,21.6873361017948,0.678872570535397,2.0,0.845657,0.840587,0.706587,-2.402765,1.745945,0.035261,0.677397,70.9674,0.898322,1.5843332915665245,19.0,32.0,-0.268051,-0.037451,0.1172440110478554,1.4665545861974123,0.9756814864935821,0.4691300987317676,1.0
1.230672,1.22316,1.496121,-3.924429,2.48608,0.199272,0.92287,92.7827,1.174465,1.2736305935251158,16.0,33.0,-0.718571,1.094369,1.2140537478202593,9.04563486961607,19.613101678126448,0.5453012461593587,2.0,0.77466,0.769804,0.592598,-2.010213,1.517578,0.035261,0.627697,69.7508,0.882922,0.8129255330624934,21.0,30.0,-0.345995,-0.377175,0.15535063961719328,0.9201828531774374,0.6064240124940825,0.43613148211366803,1.0
1.221127,1.213476,1.472524,-3.924429,2.48608,0.138593,0.937273,92.845,1.175253,2.074409776590438,17.0,35.0,-0.672852,1.115014,1.186740439734758,8.905728233694346,19.49517940259729,0.6177874436451757,2.0,0.745821,0.741193,0.549367,-2.010213,1.517578,0.063478,0.59144,70.6172,0.893889,1.4453809217835896,23.0,28.0,-0.41981,-0.136087,0.18478792952944023,0.870108928160856,0.6486219146962323,0.4042834973561287,1.0
1.076503,1.069886,1.144656,-2.692176,2.667513,-0.078818,0.831184,86.8029,1.098771,1.4227223953590618,18.0,37.0,-0.000901,0.257388,0.05894477636054844,4.267858755309135,0.23467915732802958,0.5202973075528938,1.0,0.75189,0.747186,0.558288,-2.010213,1.572572,0.123627,0.593735,73.7751,0.933863,0.7004454493317386,25.0,29.0,-0.455942,-0.022359,0.18360035331651603,0.9250951089157999,0.6475409418467342,0.4071748649695706,1.0
1.01757,1.011503,1.023138,-2.692176,2.667513,-0.078818,0.795065,84.0368,1.063757,1.015497340786652,18.0,39.0,-0.050195,0.119189,0.1290643871221208,3.2702712207354736,1.2901127487652535,0.49435014986909553,1.0,0.769665,0.764928,0.585115,-1.916419,1.572572,0.051009,0.601595,77.7691,0.984419,0.8643347790189486,24.0,28.0,-0.481953,-0.144753,0.23612841311642802,0.9876178047158255,0.8096936222266897,0.4007214979469767,1.0
1.084257,1.077598,1.161218,-3.048493,2.667513,-0.039158,0.843684,89.6536,1.134855,0.8608861216297142,18.0,37.0,-0.256324,0.339066,0.2601831428701022,4.479999921612294,3.5781655427944634,0.5356794194163653,1.0,0.758889,0.754314,0.56899,-1.916419,1.73961,0.060566,0.59685,73.6803,0.932663,0.8998580178671363,22.0,30.0,-0.383505,-0.041713,0.13611977966377928,0.9468217897123175,0.4740656770208286,0.40578499492689435,1.0
1.096778,1.09019,1.188514,-3.048493,2.667513,-0.087019,0.841674,94.0622,1.190661,1.3190397084982404,18.0,32.0,-0.226246,0.298044,0.3823003732208139,4.687641913684807,4.067313405125987,0.5252880449132692,2.0,0.725711,0.721187,0.52011,-1.916419,1.73961,0.039623,0.562286,70.5939,0.893594,1.5725724199714934,23.0,30.0,-0.279846,0.169135,0.09552157736026312,0.8547515990563592,0.35311073938094856,0.37633982094285795,1.0
1.011051,1.004978,1.00998,-3.048493,2.086707,0.006938,0.802329,92.7649,1.17424,1.6873248932409166,21.0,27.0,-0.255549,0.095399,0.1891785803054918,3.1334298547960118,2.714810886400125,0.5192436560706581,1.0,0.752838,0.74812,0.559684,-1.916419,1.844925,0.073112,0.569648,72.2324,0.914334,0.9786197257277278,23.0,28.0,-0.376985,0.318219,0.15452848251986837,1.0381701877275624,0.4729022155306607,0.3671750828302643,1.0
0.940355,0.934463,0.873221,-3.048493,2.086707,0.060434,0.727291,84.168,1.065417,2.0867070108103984,20.0,25.0,-0.422189,0.663603,0.33715143034192396,2.7896791466991315,3.2852887764396685,0.4695635758231759,1.0,0.666923,0.662753,0.439242,-1.793316,1.844925,-0.023098,0.519348,65.0311,0.823178,0.9345644124331854,22.0,29.0,-0.068011,0.402046,0.01454310530363091,0.6560469088646375,0.07185240577230675,0.3640016798715787,1.0
0.838708,0.834407,0.696235,-2.065267,1.93084,-0.046453,0.67518,77.9037,0.986123,1.1173397971241243,20.0,26.0,-0.084461,-0.234004,0.13221859743615763,1.3491261455609984,0.5702570164276229,0.48157946729371054,1.0,0.639584,0.635592,0.403977,-1.793316,1.844925,-0.023098,0.493652,64.1739,0.812328,0.71130560776134,23.0,30.0,-0.169159,0.452491,0.037644667111523956,0.5626010319187922,0.061278207119372465,0.33779750278237436,1.0
0.916762,0.911185,0.830257,-2.731308,2.360397,0.043599,0.705793,82.8816,1.049134,1.1130751716871647,22.0,28.0,-0.088727,0.518626,0.023236730803019957,2.4204918941820774,0.5922819027587589,0.4620640873723077,1.0,0.684702,0.68047,0.46304,-1.793316,1.844925,-0.030755,0.543566,68.2043,0.863346,0.8111161998046729,22.0,32.0,-0.157225,-0.037659,0.06219151840595063,0.6369522348959347,0.11711216649308094,0.38289482276307074,1.0
0.904397,0.89875,0.807752,-2.731308,2.360397,0.125878,0.71549,78.0511,0.987989,1.2585909836049956,19.0,29.0,-0.06251,0.439913,0.02979152234938871,2.2432194226376767,0.5429141783038969,0.5085285151555835,1.0,0.61958,0.615758,0.379157,-1.40426,1.178587,-0.030755,0.510668,59.6136,0.754603,0.900010642279689,21.0,36.0,-0.04136,-0.696393,0.0003018560845706175,0.3308695689357718,0.027983115582181705,0.3718884975974588,1.0
0.900532,0.894988,0.801004,-2.731308,2.360397,0.056284,0.722228,77.3447,0.979047,0.9293161918129572,18.0,29.0,0.019851,0.318048,0.04671643233326002,2.1295600593034885,0.23094914085733861,0.5194700865722193,1.0,0.677906,0.673709,0.453884,-1.884087,1.225921,0.01159,0.53741,63.3006,0.801273,1.1785871185966041,22.0,33.0,-0.372795,0.119778,0.10235602008266516,0.6388125683683965,0.5198544301224085,0.367424737111123,1.0
0.867586,0.862633,0.744136,-2.731308,2.360397,0.098157,0.687038,75.4048,0.954491,0.9688631434394932,19.0,26.0,-0.130608,0.729558,0.01911911670756843,2.0545941759441515,0.5476838913780577,0.4963903965165524,1.0,0.664258,0.660096,0.435727,-1.884087,1.499916,0.01159,0.521776,60.6173,0.767307,0.8900619324050162,23.0,31.0,-0.356297,0.346107,0.10493790118682893,0.6360561565728861,0.4838783613223983,0.3543910582835249,1.0
0.725449,0.720934,0.519746,-1.901062,1.752373,0.060859,0.595205,65.1686,0.824919,0.7807453402565349,19.0,28.0,-0.217789,-0.375291,0.07081486687421827,0.7067899815171044,0.1998143383031888,0.41683764570236237,1.0,0.642075,0.638244,0.407355,-1.884087,1.499916,0.038553,0.490484,56.6251,0.716773,0.5198262190471354,21.0,33.0,-0.404863,0.796376,0.08591796258094676,0.623174323970495,0.4658269452767446,0.31897344713765813,1.0
0.711976,0.707717,0.500863,-1.901062,1.555937,-0.016845,0.568737,62.8433,0.795485,0.6406151702076206,20.0,30.0,-0.216525,-0.223567,0.05112317084950959,0.6913503643983552,0.2885384774959755,0.3767884936151891,1.0,0.678967,0.674762,0.455304,-1.884087,1.499916,0.040262,0.510078,61.9379,0.784024,1.2259208218826474,23.0,28.0,-0.565705,0.500375,0.18527318635607265,0.731463071721065,0.6672237220200892,0.311120572427439,1.0
0.730527,0.726006,0.527084,-2.173026,1.555937,-0.016845,0.573138,65.2497,0.825946,1.272448407856775,21.0,29.0,-0.465325,0.249437,0.19267139020524343,0.909326768939691,0.9236250382968034,0.37472580924755255,1.0,0.662437,0.658319,0.433384,-1.456612,1.772011,-0.009264,0.512346,61.843,0.782822,1.499916015652856,22.0,31.0,0.020434,0.083107,0.014721911633806836,0.5792296729061819,0.08232346835677677,0.3231339876529752,1.0
0.75291,0.748263,0.559898,-2.173026,1.555937,-0.024078,0.593112,67.3086,0.852008,0.6762027279840512,21.0,32.0,-0.401828,0.058958,0.185934945738801,0.9660016492914594,0.9127865329330633,0.38342482573194103,1.0,0.670998,0.667195,0.445149,-1.456612,1.772011,-0.011404,0.522435,59.6133,0.754599,1.096441237998543,20.0,32.0,0.128961,-0.036036,0.007265905735958533,0.5838002310834938,0.09060311922513462,0.3181989269379299,1.0
0.847773,0.842515,0.709831,-2.3502,2.144214,-0.073343,0.661369,71.0371,0.899204,1.0656317567146398,19.0,31.0,-0.196916,0.286809,0.13865172160760228,1.6606796980159295,1.0462529017730093,0.44784798781249474,1.0,0.671401,0.667339,0.445341,-1.456612,1.772011,-0.023068,0.533732,60.2867,0.763123,0.7400720608332484,21.0,32.0,0.152681,-0.164117,0.02659647241439405,0.5599203083382205,0.14523980568605288,0.3416639293542645,1.0
0.894509,0.889114,0.790523,-2.3502,2.144214,-0.041894,0.70549,76.1216,0.963565,0.936658819777325,19.0,28.0,-0.33619,0.149912,0.28225535102080973,1.9867504986439002,1.6430411522181132,0.4823074099562447,1.0,0.661982,0.657832,0.432743,-1.26603,1.772011,-0.05778,0.537168,60.2117,0.762174,1.7720112039694802,20.0,31.0,0.382671,-0.296521,0.10822874352969256,0.5060328147396851,0.3465435345185433,0.3565086788520343,1.0
0.905861,0.900544,0.81098,-2.3502,2.144214,0.030906,0.739417,75.5114,0.95584,0.956235477416185,17.0,28.0,-0.308438,-0.177861,0.16284414688088528,1.833278101639166,1.095706397058581,0.5292931502459507,1.0,0.671847,0.667681,0.445797,-1.559128,1.627477,-0.014635,0.53644,60.6938,0.768276,0.7216115865974502,19.0,31.0,0.226659,-0.188541,0.056954023686878144,0.5566289665246444,0.20677239239366005,0.31537857778550443,1.0
0.880329,0.874817,0.765305,-2.3502,2.144214,0.030906,0.704538,70.5861,0.893495,1.522812028668403,18.0,27.0,-0.320403,0.000983,0.22278250637682584,1.7607445260310215,1.1806576803006898,0.4842179824895778,1.0,0.627969,0.624395,0.38987,-1.559128,1.627477,0.015239,0.479704,55.74,0.70557,1.1957691606814256,19.0,30.0,0.105879,0.157496,0.05063371392669112,0.482070794796608,0.14288906995812117,0.257028077993123,1.0
0.823092,0.818125,0.669329,-2.010362,1.712597,0.06865,0.659555,62.6102,0.792534,0.6643929415928556,18.0,30.0,-0.364979,-0.234279,0.2354402553345567,1.2533607250986973,0.8891384302670293,0.4404414515877097,1.0,0.599243,0.595508,0.35463,-1.559128,1.627477,0.021783,0.438377,51.9785,0.657956,0.9298025745108898,18.0,30.0,0.14173,0.588203,0.03545584645917334,0.4518721039631776,0.12589953722844716,0.223437167547094,1.0
0.811911,0.806876,0.651048,-1.866908,1.867824,0.024037,0.646567,61.5127,0.778642,1.050712465953227,18.0,35.0,-0.075802,-0.277409,0.05825519251180887,1.1555434391664576,0.15256114919692473,0.43593178367561075,1.0,0.582264,0.578774,0.334979,-1.634449,1.627477,0.001406,0.403208,45.3993,0.574675,1.627477138298708,18.0,34.0,-0.117114,1.256884,0.036351962842304936,0.4787468738807391,0.0764606320385531,0.1841450285569228,1.0
0.787186,0.782917,0.612958,-1.866908,1.867824,-0.026347,0.61028,63.0287,0.797831,0.7165704983446083,19.0,37.0,0.102369,-0.012759,0.010323767903955162,1.1160438425080454,0.014472183611929567,0.3859038525720372,1.0,0.486659,0.483653,0.23392,-1.634449,1.115112,0.02659,0.346742,40.7298,0.515567,0.3718791292574205,19.0,28.0,-0.502852,1.238424,0.052235152879914204,0.2303914968369134,0.16113273475945902,0.18416341309339362,1.0
0.821747,0.816774,0.667119,-2.120029,1.867824,-0.02138,0.635534,69.852,0.884202,1.7125967738450802,20.0,36.0,0.07073,-0.092365,0.07266430777727342,1.2967032662240192,0.02274436988839055,0.3899444820892427,1.0,0.520481,0.517303,0.267603,-1.634449,1.139103,0.007283,0.373725,42.8977,0.543009,0.9765723608282086,18.0,27.0,-0.558644,0.992314,0.0848586041654562,0.28876041891848214,0.2261375067528882,0.20433311618979463,1.0
0.82866,0.823494,0.678142,-2.120029,1.867824,-0.063009,0.644696,75.7689,0.9591,1.5604168784007204,22.0,34.0,0.057507,-0.126092,0.01799867775516768,1.3207588191337116,0.17908071606511058,0.4062112927685057,1.0,0.550002,0.54662,0.298794,-1.634449,1.139103,0.02534,0.414284,46.764,0.591949,0.8944797291952563,19.0,25.0,-0.491975,0.401858,0.08794973063733881,0.30642654321734364,0.21854519235975944,0.24201790255373684,1.0
0.836308,0.831092,0.690713,-2.120029,1.769635,-0.02138,0.665465,74.4066,0.941856,1.1957817328312284,20.0,35.0,0.10756,-0.424413,0.07571307673478614,1.2304657293858596,0.013329420914738677,0.41623404652947427,1.0,0.560436,0.556924,0.310164,-1.355787,1.55097,0.027787,0.437193,51.6276,0.653514,0.46355143244196517,20.0,21.0,-0.057681,0.103022,0.01127623558427368,0.2985720315653658,0.02235414889982148,0.28383859370443126,1.0
0.810162,0.805308,0.648521,-2.120029,1.769635,-0.038004,0.630186,69.6841,0.882078,1.3805352385498073,19.0,32.0,0.073643,-0.181352,0.07551764846270596,1.1884816731035475,0.021398769781140727,0.3975020257433967,1.0,0.556616,0.553145,0.30597,-1.355787,1.55097,0.034621,0.427162,52.1485,0.660108,1.1391025382345328,21.0,23.0,-0.00343,0.337262,0.004800746527474614,0.31243265247953256,0.03996525807768157,0.2777020348614536,1.0
0.833065,0.827936,0.685478,-1.742975,1.818442,-0.063009,0.662005,73.5363,0.930839,0.8069073998751024,20.0,32.0,0.266619,-0.452502,0.12566731156199426,1.1895806628606622,0.5455443399087905,0.4283279305755492,1.0,0.594082,0.590539,0.348736,-1.241691,1.793885,0.146779,0.465812,56.6438,0.71701,0.5013733701785368,22.0,23.0,0.077343,0.476097,0.031230973157580843,0.42361294454836146,0.2428772427433854,0.3309800688594449,1.0
0.813327,0.808291,0.653334,-1.392309,1.818442,-0.007466,0.66285,71.7487,0.908212,1.6114936363068602,18.0,31.0,0.272081,-0.663382,0.1633775243076932,1.0032467030137415,0.6074657871403133,0.44939100213190464,1.0,0.615511,0.611668,0.374137,-1.38721,1.793885,0.085356,0.468011,57.8217,0.73192,0.8928169401620828,21.0,26.0,0.060978,0.532394,0.01887523148261239,0.49469694001562914,0.2160914415388107,0.308039573539461,1.0
0.862501,0.857183,0.734763,-2.432897,1.968056,-0.048471,0.682681,72.6462,0.919573,1.53183561245908,18.0,34.0,0.061591,-0.030909,0.06614367089420946,1.6048778622206494,0.21808340603705778,0.460881691414633,1.0,0.585588,0.581966,0.338684,-1.38721,1.793885,0.110648,0.44594,53.1606,0.672919,1.1877642643780895,18.0,29.0,-0.099085,0.675536,0.011860402979126727,0.42099486238658174,0.11142905610693003,0.2982093554131825,1.0
0.953045,0.947188,0.897166,-2.432897,1.968056,0.05197,0.767116,79.5668,1.007174,1.608392243741081,17.0,32.0,-0.144888,-0.252288,0.1634665540293238,2.2191412898218035,1.2474563984167606,0.531415003788984,1.0,0.65669,0.65264,0.425938,-1.780602,2.097812,0.120172,0.48542,58.391,0.739126,0.6321379912163706,18.0,30.0,0.044075,1.279371,0.000278340514589992,0.7758239813875452,0.3545648084448011,0.31954911353201787,1.0
0.955871,0.949889,0.902289,-2.432897,2.430981,0.036491,0.734399,73.0145,0.924234,0.948663685293471,16.0,33.0,-0.101822,0.193867,0.09955588422908987,2.6017858171690733,0.7208579649784665,0.48399225195907947,1.0,0.651325,0.647447,0.419188,-1.780602,2.097812,0.056705,0.481619,56.7599,0.71848,0.5946623508685795,17.0,29.0,0.127852,1.337215,0.014129086160584304,0.7595649112344025,0.2879332097983579,0.31420903833848035,1.0
0.9984,0.992295,0.984649,-2.695725,2.430981,0.120277,0.759387,75.6726,0.957881,0.8199008780277776,14.0,33.0,-0.351742,0.410246,0.2918395926469903,3.282062815292863,2.4043633690805604,0.47351446153164944,1.0,0.60035,0.59659,0.35592,-1.780602,2.097812,0.063357,0.438915,52.6055,0.665892,0.9380326554894252,18.0,25.0,0.167554,2.141359,0.03802631892832025,0.6516209561033603,0.31862773395548954,0.2867923269002275,1.0
1.063433,1.056893,1.117023,-3.159147,2.430981,0.138284,0.786387,79.653,1.008266,1.7166859706642819,16.0,28.0,-0.632023,0.710368,0.8009013908115914,4.678139494752569,6.975640842042234,0.4663778106936789,1.0,0.656876,0.652816,0.426169,-2.414402,2.097812,0.035713,0.462415,54.5245,0.690184,2.0978120041463106,20.0,23.0,-0.316698,2.884607,0.09924113627229085,1.0716481688155284,0.6463640685111797,0.2902097014689289,1.0
1.006195,0.999941,0.999882,-3.159147,2.430981,0.122638,0.728506,74.3561,0.941216,2.4309813292398545,16.0,33.0,-0.697055,1.205916,0.728171882345424,4.233797508789341,6.484527194390942,0.4244037208498991,1.0,0.589731,0.586101,0.343514,-2.414402,1.689323,-0.018902,0.433568,49.3043,0.624105,0.8391643099578308,19.0,26.0,-0.669642,2.98925,0.14391266380759574,0.7113633172234636,0.9359504735888216,0.2857395878227158,1.0
1.042809,1.036366,1.074055,-3.159147,3.62864,0.110194,0.749972,82.6921,1.046735,1.4609181439834535,18.0,31.0,-0.208427,2.032538,0.2773379495398552,5.817717761440153,0.5746347613930404,0.44734471139928805,1.0,0.559899,0.556389,0.309569,-2.414402,1.258622,-0.025649,0.413872,45.4248,0.574998,0.7896796079100339,19.0,30.0,-0.901517,3.184624,0.15462661594770516,0.5922546747707469,0.9929589720232561,0.2712809836091191,1.0
1.040613,1.034247,1.069666,-3.159147,3.62864,0.037815,0.767133,83.4335,1.056121,1.6197493371831735,19.0,33.0,-0.067806,1.694184,0.1328744513503642,5.375248138697386,1.98836731422969,0.4976972078712166,1.0,0.585472,0.581811,0.338504,-2.414402,1.258622,0.004096,0.44519,49.0919,0.621416,0.4895190625108404,22.0,29.0,-0.726193,2.443498,0.14650424464539272,0.6256918607690336,0.9674008981893525,0.3063339706247043,1.0
0.872542,0.867085,0.751837,-1.938117,3.62864,0.070977,0.645711,74.2195,0.939488,0.8316829267046483,18.0,33.0,0.495955,2.760503,0.3122978167086745,3.24976766968828,6.856231857140818,0.4393067668654281,1.0,0.501068,0.498066,0.24807,-1.067987,1.258622,0.046743,0.40794,45.4612,0.575459,0.6277047695793533,22.0,29.0,-0.072048,-0.213793,0.00010645048730886786,0.17105386410251852,0.02045798041259516,0.29114230846510974,1.0
0.887866,0.882849,0.779423,-1.886647,3.62864,0.022666,0.65549,69.6715,0.881918,1.5012055094929613,16.0,32.0,0.70098,2.385084,0.5542176071000666,3.3278096713576333,7.827713249301754,0.41201928530934817,1.0,0.478214,0.475483,0.226084,-1.026899,1.258622,0.04123,0.384355,44.285,0.56057,0.6442332887101294,22.0,28.0,0.047683,-0.109694,0.01593791256770729,0.14807497957283608,0.04344097335167052,0.2682067548504894,1.0
0.774755,0.76995,0.592823,-1.886647,2.109346,0.022666,0.601093,62.401,0.789887,0.975843822721459,14.0,31.0,-0.001419,0.076097,0.016663702866416406,1.081075851999956,0.021863207097609295,0.3782447771816368,1.0,0.458917,0.456075,0.208005,-1.558834,1.241545,0.02687,0.35843,43.4213,0.549636,0.5153249872031056,21.0,27.0,-0.367067,0.82602,0.03834431628500689,0.16631307288644867,0.0870642265356629,0.23880365455038982,1.0
0.887085,0.881534,0.777103,-1.921972,2.27623,0.022666,0.676186,71.6492,0.906953,1.4493254054573144,15.0,32.0,0.043092,0.053106,0.03995698138486563,1.84426329239352,0.441136129802023,0.4046214804418179,1.0,0.459604,0.456814,0.208679,-1.558834,0.992747,0.061103,0.359837,40.5177,0.512882,0.5223397116325434,20.0,30.0,-0.849369,0.928888,0.07521357539880673,0.1681076236151246,0.1573449000334727,0.24011469086634624,1.0
0.864178,0.858842,0.737609,-1.921972,2.27623,-0.001938,0.653878,69.4151,0.878672,1.2629089651255647,17.0,33.0,0.155385,0.082509,0.12465766435594768,1.6817449608276527,0.709568987890975,0.363343606578366,1.0,0.46456,0.461682,0.213151,-1.558834,0.992747,0.06893,0.36408,40.18,0.508608,0.6181936998542785,20.0,33.0,-0.780575,0.872998,0.07318442449351066,0.17421476666955726,0.1546176383530066,0.25143097578500384,1.0
0.890145,0.884584,0.78249,-1.921972,2.27623,-0.032198,0.676826,75.0778,0.950352,0.9535046794228718,19.0,27.0,0.110579,-0.124827,0.062335633065233466,1.758595145739378,0.4225112653870949,0.3913281156604709,1.0,0.467534,0.464616,0.215868,-1.558834,0.992747,0.016887,0.365925,40.2537,0.509541,0.9927465841583307,18.0,30.0,-0.681896,0.794408,0.06612084502837012,0.1758550365450779,0.15002312099226267,0.24914857468484014,1.0
0.912418,0.906854,0.822385,-1.921972,2.27623,-0.0163,0.695712,74.1306,0.938362,2.2762297772772335,18.0,30.0,0.105557,-0.23767,0.1202245166291214,1.8736202370068007,0.5897587736907908,0.40425277006787,1.0,0.494169,0.491079,0.241159,-1.149035,1.323306,0.078433,0.394716,46.6637,0.59068,0.4349993533134192,23.0,24.0,-0.112344,0.060363,0.015353823980975368,0.17813363917596958,0.003145974795741302,0.2837663673601138,1.0
0.860381,0.85511,0.731214,-2.677068,3.196986,-0.032934,0.613765,67.9055,0.859564,1.3017311283773279,19.0,28.0,0.506529,2.186188,0.28471728037682525,2.753845025594683,2.893997077813747,0.334770507338847,1.0,0.450649,0.447827,0.200549,-1.08157,1.323306,0.038484,0.349159,41.5529,0.525986,0.6338010558672655,22.0,26.0,0.164665,0.421917,0.013802393200387638,0.13753181389655783,0.046090899046295965,0.2470275805443281,1.0
0.880125,0.87475,0.765188,-2.677068,3.196986,-0.032934,0.63936,69.0508,0.874061,1.1222712434762434,18.0,29.0,0.47901,1.843563,0.2841515467706156,2.8149775941994433,2.8933408657298854,0.35115962788668714,1.0,0.470207,0.467651,0.218698,-1.417016,1.323306,0.062933,0.362305,42.8832,0.542826,0.610682067798464,21.0,26.0,-0.141094,0.733552,0.026947676313775294,0.17955604479295567,0.028819841546278292,0.251160773433103,1.0
0.874378,0.868987,0.755138,-2.677068,3.196986,0.010605,0.645352,66.7977,0.84554,1.6060775350058272,17.0,33.0,0.233403,1.787681,0.12467476634606682,2.7219805289536096,2.3170926107443317,0.3578337578574015,1.0,0.490134,0.48714,0.237306,-1.417016,1.323306,0.090257,0.379741,43.9621,0.556482,1.166287246061887,22.0,28.0,-0.127923,0.530163,0.008510485699665693,0.19825718246851837,0.014228435302321717,0.2718853330737433,1.0
0.89343,0.887865,0.788305,-2.677068,3.196986,-0.000414,0.652386,71.4657,0.904629,1.1707158683233156,16.0,33.0,0.173476,1.651798,0.10216416969292381,2.886620850396767,2.2154639612299913,0.3576099526698804,1.0,0.464923,0.46202,0.213462,-1.417016,0.982608,0.071565,0.3712,42.8184,0.542006,0.6200704436225495,20.0,31.0,-0.368986,0.079591,0.034304125812135836,0.1398507713852937,0.07528211917269598,0.27225429075316554,1.0
0.873686,0.868218,0.753803,-2.95841,1.758947,0.013124,0.651645,69.9037,0.884857,1.4467790725391243,16.0,34.0,-0.491313,0.677433,0.3120719393502672,2.084185966710142,2.8823498171845503,0.3534820390885871,1.0,0.467695,0.465037,0.216259,-1.417016,0.982608,-0.036599,0.380836,44.7524,0.566486,0.5885438574923441,21.0,28.0,-0.189995,-0.087274,0.029422774831810338,0.13745007211737248,0.06983497412754144,0.28180048778323613,1.0
0.929223,0.923432,0.852727,-2.95841,1.859881,0.012203,0.701527,76.8226,0.972438,1.2720948632527276,19.0,34.0,-0.382609,0.406536,0.32170674499175894,2.486633364640312,3.018760000411594,0.4112970091818107,1.0,0.431037,0.428383,0.183512,-1.02359,0.982608,-0.036599,0.348473,40.0393,0.506826,0.7787866618166793,19.0,29.0,0.139716,-0.499902,0.014526930906448021,0.08448570471758982,0.006418864043056069,0.2467602127178172,1.0
0.951948,0.94614,0.89518,-2.95841,2.112199,-0.034923,0.725577,77.2604,0.977979,1.5335615392027329,18.0,37.0,-0.160229,0.316874,0.08892230896414174,2.648355738633654,2.1703674565113715,0.43120098284454883,1.0,0.427008,0.424464,0.18017,-1.02359,0.796295,-0.032853,0.351996,38.2555,0.484246,0.6917306529654927,19.0,30.0,0.008001,-0.736245,0.005144396052792677,0.07348812372184632,0.008257692223749368,0.24902330693567923,1.0
0.968549,0.962577,0.926555,-2.95841,2.112199,-0.021599,0.754971,74.3848,0.94158,1.5098687122907002,17.0,39.0,-0.230666,0.135804,0.16684389169984834,2.68056305922826,2.491456183743753,0.45802257466862534,1.0,0.445918,0.443123,0.196358,-1.97465,0.796295,0.010892,0.344254,39.9566,0.50578,0.48176151423888586,20.0,25.0,-0.971909,3.132643,0.08422970115320456,0.23625863066669348,0.3675864174200426,0.2263474637286931,1.0
0.961907,0.956398,0.914698,-2.107003,2.364252,-0.043936,0.762181,73.9267,0.93578,1.859880644346892,18.0,38.0,0.227973,-0.231555,0.28575106134677786,2.341864919399737,1.516699730705556,0.503693091325238,1.0,0.493265,0.490375,0.240467,-1.97465,0.910624,0.045138,0.368273,41.432,0.524456,0.5520844478091099,19.0,26.0,-1.135207,2.967076,0.12353452361101151,0.33722223180724253,0.501472796688416,0.2344458800540434,1.0
0.88043,0.875095,0.765791,-1.956021,2.364252,-0.042513,0.684101,68.4581,0.866558,1.0631300709786382,16.0,36.0,0.342466,0.103588,0.2706556421227074,1.8365021343663646,1.6185065523615727,0.4243246734522441,1.0,0.585932,0.582482,0.339286,-1.97465,1.083703,0.091908,0.448116,50.9793,0.645308,0.5523369885257443,22.0,28.0,-0.927056,1.198408,0.16657390481668904,0.4712672747345993,0.5951461373465301,0.29227460989459536,1.0
0.852109,0.846777,0.717031,-2.243438,2.364252,0.036089,0.643201,67.756,0.857671,1.6290191952302093,17.0,33.0,-0.010648,0.5828,0.002363664566351653,1.8419162995594598,0.2934844504213524,0.39603379346866513,1.0,0.649615,0.645558,0.416745,-2.037076,1.615962,0.116067,0.483302,57.0122,0.721673,0.5630055639874301,22.0,29.0,-0.84993,1.422398,0.2341637064296768,0.7720800289680894,0.9092864299454643,0.3155053482932194,1.0
0.876941,0.871515,0.759539,-2.243438,2.364252,0.0652,0.671167,73.0412,0.924573,0.8176407758006169,18.0,33.0,-0.103069,0.393111,0.04255079770524406,1.95433646048728,0.12274183432303384,0.43447609642491014,1.0,0.623387,0.619521,0.383807,-2.037076,1.615962,0.069953,0.468242,53.8457,0.681591,0.9106238674659033,20.0,34.0,-0.650618,1.08948,0.14632205206881346,0.5978820008266841,0.5411087751953909,0.3022729588956377,1.0
0.846876,0.841931,0.708847,-2.243438,1.480316,0.034356,0.64409,68.8462,0.87147,0.868425614335347,17.0,34.0,-0.505424,0.012316,0.3538501507570273,1.5433950572536728,1.6829964175809735,0.3904751402421022,1.0,0.594624,0.590975,0.349252,-2.037076,1.615962,0.047308,0.451444,52.9559,0.670328,0.4840540986719502,20.0,31.0,-0.514562,1.14238,0.11629100114880728,0.5093060730253123,0.42011559403422877,0.30317636797627956,1.0
0.912706,0.907017,0.82268,-2.243438,2.004961,0.091788,0.723443,73.3915,0.929006,1.2480299230834548,17.0,37.0,-0.348681,-0.314607,0.27924522364050486,1.825560863261511,1.3037271374162824,0.48414317900970716,1.0,0.528099,0.525028,0.275654,-2.037076,1.615962,0.006886,0.392588,45.9332,0.581432,0.5257825532656036,20.0,31.0,-0.596235,2.337221,0.09927162883031597,0.4106889601014716,0.370244706734744,0.24826490176661672,1.0
0.977272,0.971145,0.943123,-2.251167,2.004961,0.005804,0.774463,80.9149,1.02424,0.9181270161403957,19.0,35.0,-0.021169,-0.400993,0.021819064383720922,2.3118327546582673,0.22931569623854564,0.5042226167495064,1.0,0.451897,0.449084,0.201677,-1.280899,0.872404,-0.001309,0.36438,39.5161,0.500203,0.5901920297044226,19.0,32.0,-0.255453,-0.285369,0.02570201485515396,0.11080833636125442,0.05081176464627977,0.24040256039361674,1.0
0.979566,0.973804,0.948294,-2.251167,2.004961,-0.079753,0.777639,81.8851,1.03652,1.022984853158929,19.0,34.0,0.195672,-0.458171,0.10314001346034388,2.266775533002066,0.2909129327012973,0.4992886766059818,1.0,0.529389,0.526312,0.277004,-1.280899,1.319796,-0.057063,0.423678,48.476,0.61362,0.6689606190652101,20.0,29.0,-0.00629,-0.197737,0.014168976729157828,0.21510759113749506,0.02554460958984948,0.28604632416375625,1.0
1.043272,1.036732,1.074813,-2.819122,2.004961,-0.079753,0.835074,89.4931,1.132824,2.0049611422865867,20.0,34.0,-0.122757,-0.149094,0.14196394637460816,3.294311202113336,2.450015866196706,0.583473403194659,1.0,0.582256,0.578617,0.334797,-1.280899,1.319796,-0.046024,0.475221,52.7874,0.668195,0.6269763751230419,20.0,31.0,0.011241,-0.562189,0.005763238075534427,0.2732885142636154,0.0069740628978885,0.31857530818269797,1.0
1.048857,1.042946,1.087736,-2.819122,1.966568,-0.028772,0.82039,89.0288,1.126947,1.9015641335928526,19.0,36.0,-0.211493,-0.077179,0.1181003028269548,3.4227673930314766,2.5294171020555267,0.5138511605193223,1.0,0.581111,0.577474,0.333476,-1.241453,1.319796,-0.040526,0.470341,52.22,0.661013,0.5971590116655741,20.0,32.0,0.107713,-0.598947,0.018048654547217352,0.2667912210217144,0.020806819549806715,0.31609456889672066,1.0
1.011048,1.004721,1.009463,-2.819122,1.966568,-0.029319,0.807329,85.8981,1.087317,1.3248416129163678,18.0,39.0,-0.303272,-0.231612,0.2932677319895407,2.815229287434545,2.9829357729812735,0.5136725914066662,1.0,0.604725,0.601018,0.361223,-1.241453,1.427407,-0.023965,0.480813,55.5166,0.702741,1.3197955062858044,22.0,29.0,0.115106,-0.495352,0.035902174310811094,0.3278549893232222,0.0789970027366003,0.30032488334438023,1.0
0.952513,0.946683,0.896209,-2.819122,1.966568,0.048871,0.759235,78.1573,0.989333,0.7911538041012851,17.0,38.0,-0.45708,0.106869,0.3434901558497344,2.4698994829483003,3.12745711267367,0.4947212977710592,1.0,0.551163,0.547804,0.30009,-1.172492,1.427407,-0.029786,0.431604,48.0006,0.607603,1.1407786677507752,21.0,32.0,0.028486,-0.293795,0.013933499137164327,0.24391506274032554,0.03651564433041684,0.26884359751520226,1.0
0.950338,0.944572,0.892216,-2.698334,2.255479,-0.00323,0.753782,78.2805,0.990893,0.8176383279743387,17.0,35.0,-0.09301,-0.104151,0.02733978584614869,2.299334183790726,0.7172136375210246,0.45662029541671423,1.0,0.577005,0.573425,0.328816,-1.539284,1.662531,-0.015003,0.429593,49.944,0.632202,0.7731915418374602,23.0,32.0,-0.078797,0.645575,0.008427033571541991,0.39375400897504237,0.03394648787923204,0.2564830610450353,1.0
0.917789,0.912144,0.832006,-2.698334,2.255479,-0.010304,0.718343,76.1266,0.963628,1.3051028079338094,19.0,31.0,-0.118353,0.055419,0.1249778934458364,2.1201129170549438,1.0876781609898394,0.437702845717369,1.0,0.581776,0.578194,0.334308,-1.539284,1.662531,0.002968,0.449578,54.3949,0.688542,1.4274065443440322,24.0,29.0,-0.084819,0.474179,0.007672941998476512,0.3876867104452605,0.03661621557270023,0.3006653532133503,1.0
0.898081,0.892498,0.796554,-2.698334,2.255479,0.080229,0.671516,77.0841,0.975748,0.7853326970423473,20.0,28.0,-0.297005,0.685808,0.18889175763498584,2.3306888394676966,1.6570195921178736,0.3938410844452146,1.0,0.554511,0.551053,0.303659,-1.539284,1.662531,0.025821,0.410525,52.3905,0.663171,0.7475108150525476,26.0,27.0,-0.256139,0.838287,0.03869961315741825,0.3531319434764129,0.04441375587542852,0.2587595151150537,1.0
0.969135,0.963108,0.927577,-2.698334,2.255479,0.032921,0.728228,83.1331,1.052317,1.9067493106804867,20.0,30.0,-0.331269,0.444575,0.3230259385678789,2.97517152194499,2.621430178929183,0.42561785742058,1.0,0.552406,0.548951,0.301347,-1.539284,1.662531,0.063728,0.417277,52.3502,0.662661,1.662531167468235,26.0,24.0,-0.099384,0.774656,0.013776601939826183,0.34257825061063074,0.004467309840899514,0.26976208255256995,1.0
0.994943,0.989058,0.978235,-2.816287,2.137407,0.100739,0.75173,84.6112,1.071027,1.5293508475305244,20.0,31.0,-0.509501,0.366484,0.5698514793043794,3.2730223697643575,4.0840124075578945,0.4480402953132112,1.0,0.524024,0.520828,0.271262,-1.197089,1.191944,0.019477,0.405168,52.9162,0.669826,0.7643364922162768,25.0,24.0,-0.137211,-0.177226,0.02722333164388782,0.2084646626826317,0.04063191142843244,0.2503056053379516,1.0
0.992006,0.985918,0.972034,-2.816287,2.137407,0.123954,0.759957,82.0411,1.038495,1.6025968615681188,18.0,34.0,-0.530252,0.32251,0.5548459283552152,3.1717865919673462,4.008312990059944,0.45086978554943197,1.0,0.561522,0.558022,0.311389,-1.232538,1.191944,0.047703,0.437704,55.9124,0.707752,0.9916673311461914,24.0,25.0,-0.303409,-0.30116,0.04826441402925778,0.2606869571518587,0.08533851240822975,0.2679746555453397,1.0
0.933197,0.927594,0.860431,-2.816287,2.137407,-0.006053,0.713302,72.9628,0.92358,0.8539917560970837,19.0,32.0,-0.469224,0.564753,0.4294683405210913,2.6707437086664005,3.252471961675428,0.43913407204175486,1.0,0.592619,0.588966,0.346881,-1.287144,1.191944,0.022725,0.483304,56.5,0.71519,1.0999181342825453,21.0,30.0,-0.258802,-0.577489,0.06180600851962661,0.2933405953426211,0.10549375337698226,0.31381733184641303,1.0
1.004991,0.998805,0.997611,-2.816287,2.137407,0.1104,0.770836,79.9711,1.012293,0.9897090528816832,18.0,31.0,-0.459465,0.216918,0.41239909967915767,3.173776799066369,3.364164203919594,0.4675955668613775,1.0,0.57864,0.575012,0.330639,-1.287144,1.191944,0.001695,0.462819,53.5028,0.67725,0.5420416615263373,19.0,32.0,-0.391603,-0.440365,0.07477207031796684,0.27992033503693425,0.12697729350241288,0.27783518098925397,1.0
1.028158,1.021877,1.044233,-3.006572,1.997889,0.051444,0.801451,80.8606,1.023552,0.8599678398213723,18.0,32.0,-0.409415,0.040347,0.37908855062350144,3.283126623622762,3.854139871364018,0.4975207394203201,1.0,0.61562,0.611798,0.374297,-1.703618,1.470589,0.069008,0.480201,52.4078,0.66339,0.5492649841038989,18.0,36.0,-0.629141,0.33914,0.1363800851748864,0.46386352124481717,0.3453947775426132,0.303637501868477,1.0
1.021812,1.01565,1.031546,-3.006572,1.997889,0.070123,0.792449,81.3221,1.029394,1.0341188278624192,18.0,32.0,-0.374294,0.124797,0.3229158006225022,3.2899952916234567,3.640206626589257,0.512514133192573,1.0,0.590881,0.587177,0.344776,-1.703618,1.470589,0.020578,0.458228,50.3959,0.637923,0.8780376721549772,18.0,35.0,-0.485023,0.506435,0.09780049391817593,0.4166643713841445,0.2789922396611181,0.2886114937040926,1.0
1.045077,1.038539,1.078562,-3.006572,1.997889,0.070123,0.840819,86.1028,1.089909,1.7216842944019133,18.0,34.0,-0.315759,-0.147127,0.37101068891655614,3.326325895397497,3.7016409342031102,0.5788227912238348,1.0,0.579023,0.575414,0.331101,-1.703618,1.470589,0.020175,0.442826,51.0975,0.646803,0.4671260314275343,18.0,32.0,-0.575983,0.650803,0.1145972537187668,0.4023721370898737,0.30323325076412677,0.27048006520622186,1.0
0.983378,0.977236,0.954991,-3.119106,1.997889,0.186713,0.771886,79.1124,1.001422,1.4198538341067954,18.0,32.0,-0.695882,0.822426,0.6296856024591453,3.468145355119868,6.434862423576911,0.5320375755207902,1.0,0.610059,0.606269,0.367562,-1.703618,1.489546,0.021669,0.468331,55.8212,0.706597,0.5626209125381673,20.0,30.0,-0.239881,0.633686,0.046279402703553386,0.4895074577393269,0.1580449324909662,0.30248893815934524,1.0
0.987452,0.981283,0.962916,-3.119106,1.880537,0.181071,0.784492,80.0528,1.013327,1.7580160488801295,18.0,31.0,-0.621905,0.453015,0.5686335407064261,3.1861926259394657,5.232105941762783,0.5609093349715883,1.0,0.556756,0.553378,0.306227,-1.302791,1.489546,-0.055635,0.438946,52.0665,0.65907,0.6072167338109231,20.0,27.0,0.330457,0.168855,0.04571975750363151,0.294648931883655,0.1314851972469968,0.2880682334524372,1.0
1.008085,1.002267,1.004539,-3.119106,1.880537,0.166163,0.821765,80.4254,1.018043,1.125900411652141,18.0,33.0,-0.575824,0.102698,0.6744782283548314,3.2042248630037293,5.515835913688298,0.6191586876097512,1.0,0.560647,0.557251,0.310529,-1.302791,1.489546,-0.055635,0.427537,49.5996,0.627843,0.5410854993322887,20.0,27.0,0.284303,0.431281,0.038447249006427674,0.3285731867589628,0.1161070455140913,0.26609940833711676,1.0
1.003778,0.997485,0.994976,-3.119106,1.880537,0.203857,0.802182,79.9282,1.01175,0.9121438491222457,17.0,35.0,-0.628871,0.280235,0.6240149285020424,3.247255594992718,5.405336373274635,0.5356365472409227,1.0,0.54349,0.540359,0.291988,-1.242844,1.489546,-0.037124,0.404556,47.5638,0.602074,1.4895455274292397,19.0,23.0,0.34242,0.593776,0.06906410016884139,0.3100172105292113,0.16504003386477728,0.2544851802673774,1.0
0.995898,0.990417,0.980926,-2.549528,2.225008,-0.025623,0.80206,74.5489,0.943657,1.6829222280239857,18.0,40.0,-0.099372,-0.314022,0.21055872891274285,2.6003873964358646,1.3928764512127656,0.5145997633816165,1.0,0.508673,0.505548,0.255579,-1.242844,1.399739,-0.024249,0.384006,42.8073,0.541864,0.7373694287632978,19.0,23.0,0.124358,0.520114,0.022262679682106507,0.23043859518075654,0.051005621322847014,0.24466701115108141,1.0
0.942838,0.937013,0.877994,-2.371448,2.225008,-0.025623,0.735449,68.0711,0.861659,1.3740216536602239,18.0,39.0,-0.096454,0.040985,0.11293604482780313,2.3482516054139437,0.9802630070916493,0.4536201382136021,1.0,0.496145,0.493184,0.243231,-1.411914,1.165445,0.010177,0.375679,42.23,0.534557,1.0749658403553082,19.0,26.0,-0.164937,0.670078,0.010900158286223099,0.21611649663340585,0.050174017088787395,0.24388193595836533,1.0
0.941524,0.935705,0.875545,-2.371448,2.225008,-0.039612,0.719532,65.9726,0.835096,1.592904705502532,15.0,39.0,-0.057825,0.139106,0.014437785144520232,2.403957342027249,0.7230647030561144,0.40517812928547675,1.0,0.469808,0.466866,0.217964,-1.411914,1.165445,0.07132,0.35422,41.1058,0.520327,1.0555046100382153,19.0,28.0,-0.346082,0.763457,0.03649819966298222,0.17907039393399074,0.0725835313674027,0.22915329675731158,1.0
0.981075,0.97509,0.9508,-2.371448,2.225008,-0.039612,0.776796,69.817,0.883759,0.8998615428319151,15.0,38.0,-0.12498,-0.199445,0.06453292213423042,2.5235499642793116,0.947792651059092,0.5048741761464078,1.0,0.536224,0.532954,0.28404,-1.411914,1.271827,0.076969,0.420419,46.4339,0.587771,0.5573834539785243,22.0,30.0,-0.043387,-0.001907,0.0018497966119568666,0.2416222774202109,0.010941574309167156,0.28439008181754155,1.0
1.087435,1.080832,1.168198,-3.813729,2.540366,-0.011549,0.816396,81.8475,1.036044,1.8842448923543567,16.0,38.0,-0.610799,1.265569,0.6953349896752492,5.753430644261565,11.210585659795818,0.5164134584971871,1.0,0.629864,0.625916,0.391771,-1.689143,1.504239,0.083596,0.483562,54.871,0.69457,0.953024502655776,21.0,31.0,-0.18943,0.063776,0.04493548937682867,0.47000336400403836,0.12842770857578362,0.30860449591424755,1.0
0.951382,0.945421,0.893821,-3.813729,2.540366,-0.011549,0.686061,72.4098,0.91658,1.7783714346180377,16.0,37.0,-0.724869,2.77115,0.6056876406965285,4.604375649456713,10.11001268833692,0.42153747580679873,1.0,0.669286,0.665136,0.442406,-1.689143,1.504239,0.085276,0.518921,59.2123,0.749523,0.6562552832161339,22.0,29.0,-0.066414,-0.198077,0.029986797478539284,0.5490277277059539,0.06190519502423877,0.32437138227841456,1.0
1.01081,1.004557,1.009135,-3.813729,2.540366,0.123029,0.750315,74.6983,0.945548,1.3009204484047259,16.0,35.0,-0.75098,2.071203,0.7216474948996519,5.123883730940465,10.933882299908772,0.5078618236266175,1.0,0.670387,0.666321,0.443984,-1.689143,1.504239,0.067125,0.528552,60.3092,0.763408,0.9303097688479054,23.0,29.0,-0.084454,-0.264403,0.006925145559012341,0.5379359607155229,0.03945627706055181,0.33598276566947594,1.0
1.036125,1.029655,1.06019,-3.813729,2.540366,0.110199,0.7637,75.8468,0.960086,1.6578430956443326,16.0,38.0,-0.566881,1.885407,0.6423951762266741,5.50937331483666,10.15331414231169,0.5130673679714437,1.0,0.677657,0.673673,0.453836,-1.689143,1.504239,-0.023335,0.515466,62.2141,0.787521,0.5860350271636114,24.0,29.0,-0.197384,0.009026,0.08600315531921159,0.6243152668358707,0.2284052661489684,0.3152280308239361,1.0
1.005565,0.999316,0.998632,-2.414231,2.445251,0.111049,0.781702,71.8419,0.909391,1.1475011083790694,15.0,38.0,-0.081826,0.088645,0.05009831457339511,3.076742994499112,0.10131713015966,0.5388899897424425,1.0,0.618666,0.615004,0.37823,-1.497603,1.472654,-0.030753,0.482979,54.7355,0.692855,0.8585630601446006,23.0,31.0,-0.214216,-0.126442,0.06831751661392074,0.41436588833528143,0.15021696416554134,0.3144768083614138,1.0
1.049762,1.043293,1.08846,-2.414231,2.445251,0.168905,0.85118,76.2244,0.964866,1.7923675775956454,15.0,38.0,-0.061363,-0.286372,0.019476740751126577,3.2108250377728864,0.006385112018404726,0.6220098249216405,1.0,0.605947,0.602158,0.362594,-1.497603,1.211448,0.006608,0.478798,57.9226,0.733198,0.5025120322847272,23.0,27.0,-0.486916,-0.072272,0.10251450767189844,0.3834390729311343,0.2520384118610708,0.32777398568404675,1.0
1.014421,1.0086,1.017275,-2.49948,2.445251,0.10716,0.790589,73.7979,0.934151,2.3693134986226303,18.0,36.0,-0.120365,-0.035816,0.22384710721332643,3.0838172599849196,0.7208153391826663,0.5080838462486885,1.0,0.609899,0.60612,0.367381,-1.497603,1.211448,0.006608,0.478036,59.566,0.754,1.2114481599395022,24.0,26.0,-0.433968,-0.051997,0.10475728685418724,0.4007469696731881,0.2562078279902226,0.33743874436504884,1.0
0.960625,0.954608,0.911277,-2.49948,2.445251,0.098175,0.737511,71.4774,0.904777,1.0094973109003313,19.0,32.0,-0.258887,0.101785,0.23399484148892266,2.5786941467803612,1.2689115000473101,0.4546094800802938,1.0,0.685016,0.680729,0.463392,-2.135191,2.026041,0.076043,0.529411,64.9732,0.822446,0.9602893017315061,24.0,25.0,-0.237925,0.820737,0.07960571446421398,0.8214116242827885,0.26187643997756815,0.37032179362501993,1.0
0.80505,0.800121,0.640194,-2.49948,1.578948,0.094624,0.630513,63.7197,0.806579,1.0100759351276287,21.0,27.0,-0.402562,0.026341,0.23255709753782366,1.2516863856884752,1.282234133989169,0.3808951148960696,1.0,0.679715,0.675475,0.456267,-2.135191,2.026041,0.086423,0.51591,68.0368,0.861225,1.09596205068467,25.0,20.0,-0.302977,1.086872,0.10083269754974475,0.8528094392265745,0.33545888693355363,0.3686343702481106,1.0
0.782835,0.778049,0.605361,-2.49948,1.578948,0.094624,0.607487,63.6111,0.805204,0.6738405486727337,20.0,24.0,-0.46415,0.231235,0.24352840164342485,1.196113133373829,1.3442297548963587,0.373314741318507,1.0,0.637961,0.633993,0.401947,-2.135191,2.026041,-0.039639,0.470172,62.1917,0.787237,0.7455852062741941,24.0,18.0,-0.106955,1.788505,0.034862876055083356,0.7742670649345491,0.19894471078321949,0.31475203325497536,1.0
0.775798,0.771133,0.594647,-2.255323,1.578948,0.094624,0.621362,68.8894,0.872018,0.9449877736486376,20.0,24.0,-0.32201,-0.115635,0.11628991230660016,1.0096237773151882,0.7180189587778243,0.4200928922286888,1.0,0.632267,0.628428,0.394922,-2.135191,2.026041,-0.039639,0.471516,59.7542,0.756383,1.3264229871693787,22.0,16.0,-0.036144,1.853358,0.02382919298183326,0.7571663513364032,0.18136245462628392,0.3176278999311472,1.0
0.82113,0.81607,0.665971,-2.255323,1.578948,0.06387,0.652519,72.5564,0.918436,0.7217771547553951,21.0,27.0,-0.365796,-0.1091,0.17466548590963418,1.2726052673208517,1.0340208820114025,0.43376128264791713,1.0,0.493684,0.490688,0.240774,-1.55314,1.272275,0.009764,0.38839,46.6145,0.590056,0.6164068241797821,22.0,19.0,-0.423184,0.978827,0.04286285675659538,0.2286495796572856,0.15092329674911562,0.2768083925536227,1.0
0.801623,0.796654,0.634657,-2.255323,1.577901,0.023845,0.631559,70.0838,0.887136,1.0955497143285777,19.0,29.0,-0.36062,-0.023679,0.16420235325215668,1.1919066775316178,1.0406138551663562,0.3959972284603711,1.0,0.452193,0.4494,0.20196,-1.55314,1.272275,0.021345,0.363009,40.2432,0.509407,1.2722753924441048,19.0,23.0,-0.220509,0.873444,0.0162945534473913,0.15748587130568287,0.0673474927298077,0.2621835484062451,1.0
0.967788,0.961722,0.924909,-3.439061,2.326037,0.023845,0.747606,82.5172,1.044521,1.2002257763007518,21.0,33.0,-0.517502,1.104504,0.46435553382061673,3.5138963615004775,5.927399080379456,0.4684329861563919,1.0,0.436777,0.434196,0.188526,-1.55314,0.960868,0.024712,0.351983,38.7521,0.490533,0.6553395554239433,20.0,25.0,-0.545528,0.75635,0.037991638954225436,0.13138147124421007,0.10920375248010532,0.25086778782860697,1.0
1.07769,1.070937,1.146905,-3.439061,2.646963,0.023845,0.836714,83.2045,1.053222,0.9344368812862643,18.0,35.0,-0.150955,0.492415,0.17595696633435748,4.591847456130046,3.610118718315841,0.5117750935796804,1.0,0.485099,0.483322,0.2336,-1.55314,1.139236,0.056865,0.390614,43.5989,0.551885,0.5235584318544515,21.0,24.0,-0.522356,0.438404,0.03411398701300057,0.1791996813271322,0.10362058200820354,0.2705993346604537,1.0
1.053697,1.047273,1.096781,-3.439061,2.646963,-0.013764,0.805998,81.1068,1.026668,1.2293730207015099,17.0,36.0,-0.016007,0.722869,0.08267179890973164,4.479176642513097,3.099447676723191,0.4860152115229534,1.0,0.539211,0.53585,0.287135,-2.125422,1.139236,0.02455,0.415514,46.2022,0.584838,0.4462694012791842,20.0,25.0,-0.820402,2.028192,0.12221343677052073,0.41218806159221116,0.5725852781776728,0.27556255836670823,1.0
1.059993,1.053413,1.109679,-3.439061,2.646963,-0.090891,0.819285,80.9689,1.024923,2.326036509986487,17.0,38.0,0.007134,0.653582,0.030791335225769066,4.4983833160141495,2.990370077544635,0.5607912651199931,1.0,0.548536,0.545107,0.297142,-2.125422,1.139236,-0.00011,0.412209,49.6356,0.628299,0.5637469161772112,20.0,23.0,-0.793489,1.857126,0.1315471883103862,0.4305862781122339,0.5898362276472889,0.236792345936036,1.0
0.900998,0.895423,0.801783,-1.974078,2.646963,-0.090891,0.690469,67.0464,0.848689,2.646963255312757,17.0,35.0,0.394719,0.349926,0.25557129020918423,2.1403723534023174,1.858281660286714,0.44459740556017974,1.0,0.577798,0.574185,0.329688,-2.125422,1.139236,0.003921,0.428621,50.8456,0.643616,0.708480242119657,19.0,22.0,-0.885215,1.653599,0.17088663808960966,0.5080596413458992,0.700661317373722,0.2383684989217875,1.0
0.69736,0.692991,0.480236,-1.593999,1.848125,-0.074965,0.5403,60.2573,0.76275,1.5120529593207706,19.0,31.0,0.382887,0.044333,0.13034898980414855,0.7031405845901233,0.3405320842214053,0.3442585454275737,1.0,0.542384,0.539321,0.290867,-2.125422,0.993791,-0.00011,0.395748,46.0687,0.583148,0.6269357213367079,19.0,20.0,-1.066484,2.320191,0.18360758946612593,0.46234976625409513,0.7155597609551096,0.22268690597986274,1.0
0.800669,0.795675,0.633099,-2.458866,1.510456,-0.061469,0.615772,63.4505,0.803171,1.3244713314415026,19.0,29.0,-0.211379,0.338227,0.09423616055553646,1.3352472102879425,1.1679701086324594,0.37129943244455177,1.0,0.456875,0.454181,0.20628,-1.564945,0.852609,0.003552,0.351658,40.5506,0.513299,0.5609403298182878,18.0,20.0,-0.646356,0.723252,0.06817337922515423,0.1613899885598907,0.14515956106309955,0.21615655754846397,1.0
0.809944,0.80488,0.647832,-2.458866,1.510456,0.038617,0.626855,64.1331,0.811811,1.1942463309562816,17.0,28.0,-0.461292,0.34417,0.24971398054862873,1.4080434159265507,1.5713031639847916,0.37845987636143275,1.0,0.454422,0.451642,0.203981,-1.564945,0.852609,0.084433,0.348289,38.989,0.493531,0.8526086803375692,20.0,25.0,-0.897154,1.237119,0.07775717317112286,0.1736442021352516,0.17182952191611867,0.22720252447521272,1.0
0.834666,0.829475,0.688028,-2.458866,1.510456,0.107932,0.648582,67.0823,0.849143,1.4491303567475762,19.0,30.0,-0.55012,0.179431,0.2968096594797701,1.4946689725198994,1.6756873653589257,0.38770835597369313,1.0,0.46758,0.464734,0.215977,-1.30398,0.86335,0.126539,0.374227,42.2886,0.535299,0.6832820616877933,20.0,25.0,-0.474185,-0.107919,0.04181042172029565,0.13321700117037927,0.06579718937717112,0.25701651719286583,1.0
0.920122,0.914373,0.836078,-2.458866,1.818244,0.15008,0.730707,69.5208,0.88001,1.4222890562263453,17.0,34.0,-0.479136,-0.21563,0.381188010975526,1.9550741606090387,1.902361434713581,0.4618214518694722,1.0,0.451252,0.448544,0.201191,-1.30398,0.966026,0.064721,0.348764,39.9007,0.505072,0.3511331493946521,19.0,29.0,-0.405606,0.244313,0.042842859937802014,0.13283268359724845,0.06362462636838358,0.2288870037426909,1.0
0.821796,0.816657,0.666929,-1.81245,1.818244,0.123985,0.659501,65.5685,0.829981,0.8871490818258554,18.0,32.0,-0.466869,-0.292239,0.2636654020572739,1.2091814764611464,0.8253773902360824,0.4493894824102078,1.0,0.473453,0.470527,0.221395,-1.30398,1.221314,0.044449,0.360555,43.625,0.552215,0.3673305626425561,22.0,26.0,-0.220721,0.345342,0.018803689945283298,0.16338968829125652,0.03149624759269161,0.22624626553695956,1.0
0.802718,0.797687,0.636305,-1.81245,1.818244,0.037795,0.63779,65.3256,0.826906,1.286666024251017,20.0,30.0,-0.271113,-0.322947,0.13432384772954611,1.0829489438333275,0.4349956730839031,0.4121004795453201,1.0,0.547103,0.543765,0.29568,-2.384911,1.221314,0.026468,0.398161,50.4207,0.638237,0.8315060915321789,23.0,24.0,-0.897874,3.230206,0.15314803809680538,0.5502631720333878,0.9427449259993551,0.24329211347863375,1.0
0.789933,0.785072,0.616337,-1.844441,1.818244,0.027203,0.620067,62.374,0.789545,1.8182444045881834,19.0,32.0,-0.331716,-0.097272,0.18258839390630038,1.1103669388691109,0.6386021984299985,0.41127652696860334,1.0,0.55487,0.551522,0.304177,-2.384911,1.221314,-0.02492,0.384838,49.64,0.628354,0.9660264968875276,24.0,24.0,-0.952303,3.762645,0.1705910568125451,0.6330355362235851,1.0374957080092426,0.22447134900651142,1.0
0.698694,0.694317,0.482076,-1.844441,1.373514,0.070877,0.566618,58.5021,0.740533,1.0237986926094393,20.0,30.0,-0.444479,-0.286742,0.15204455588920765,0.631901498560077,0.5292156304758008,0.40001917017311117,1.0,0.571208,0.567694,0.322276,-2.384911,1.221314,-0.02492,0.416421,55.1891,0.698597,0.45493938529301664,26.0,23.0,-0.933355,3.179344,0.16222924250622675,0.6356589658524483,1.0359922286023053,0.2637775927923202,1.0
0.687307,0.683028,0.466527,-1.844441,1.734774,0.010831,0.544654,53.9994,0.683537,1.3735135755315153,19.0,32.0,-0.08497,-0.084581,0.018056855398753444,0.633839516371856,0.10119505116681586,0.36258554716443453,1.0,0.565271,0.562203,0.316072,-2.384911,1.141257,-0.040271,0.419656,52.2293,0.66113,0.472785416522354,24.0,29.0,-0.87153,3.001007,0.17638100818122884,0.6127861358292064,1.0547634028331432,0.2725692507899834,1.0
0.793851,0.788949,0.622441,-2.793884,1.734774,0.028181,0.599602,59.1071,0.748192,0.6595659054885283,17.0,33.0,-0.504337,1.215764,0.26800079663768095,1.643967097331522,2.2769778150526325,0.3932336896283246,1.0,0.506117,0.502946,0.252955,-1.627467,1.141257,-0.029192,0.391728,46.3699,0.586961,1.141257254874391,22.0,35.0,-0.225851,0.614205,0.02752313850480812,0.23107508156538162,0.12863865341056507,0.25785892623734274,1.0
0.837067,0.831826,0.691935,-2.793884,1.78692,0.07953,0.627981,65.7492,0.832268,0.9096994847821136,18.0,31.0,-0.474259,1.032528,0.2655975479696789,1.9267761141591564,2.376911967654944,0.4094923624919047,1.0,0.451743,0.449023,0.201621,-1.262063,0.941483,-0.021199,0.36435,40.314,0.510303,0.7275586575120403,21.0,35.0,-0.114092,-0.245341,0.016369914297567068,0.11240286763202316,0.03601170211532016,0.2435806832352074,1.0
0.870098,0.864644,0.74761,-2.793884,1.99291,-0.007345,0.639702,69.9678,0.885669,1.7347742163294237,17.0,31.0,-0.273331,0.916822,0.18011962507183737,2.1902713329302137,2.029226582354395,0.3951311873650178,1.0,0.505984,0.502995,0.253004,-2.409353,0.941483,0.015267,0.357829,38.8129,0.491302,0.6709310412557654,21.0,35.0,-1.375822,5.031565,0.18521872124823732,0.5231588795127896,1.0470896101846292,0.1969569114991815,1.0
0.853704,0.848351,0.7197,-2.793884,1.99291,0.029023,0.644517,69.9163,0.885016,1.6789899512356257,18.0,30.0,-0.377039,0.985685,0.22921412301532257,2.064033683203103,2.21875034692546,0.43868037574743646,1.0,0.501236,0.49848,0.248483,-2.409353,0.83258,0.027455,0.344651,38.5608,0.488112,0.38119092060367166,22.0,33.0,-1.682831,5.974422,0.19333273502159498,0.5366336776144682,1.0767683214397166,0.1896767099653867,1.0
0.76726,0.763211,0.582491,-2.116139,1.99291,0.164203,0.610506,66.0581,0.836179,1.7869200256379139,17.0,29.0,-0.193983,0.225598,0.026519324287335166,1.082404828527304,0.17509000314826198,0.45407271709448915,1.0,0.493534,0.490488,0.240578,-2.409353,0.83258,0.032729,0.351485,41.9883,0.531498,0.40439945289802365,24.0,28.0,-1.639281,5.880089,0.1884231046788394,0.508514222961467,1.0486089247680956,0.2112264920394615,1.0
