0.092769,0.092531,0.008562,-0.217548,0.2062,0.013166,0.072676,7.475,0.09462,0.12947604891414474,20.0,31.0,0.018005,-0.335614,0.00021793792890944597,0.0001961293870369257,6.891518052430224e-06,0.04581480024053431,0.0,0.074715,0.074415,0.005538,-0.14537,0.186326,0.003338,0.060799,6.6378,0.084022,0.10996918872890532,16.0,31.0,0.217724,-0.563143,0.00017198213396477823,7.666298616183151e-05,4.908636236553847e-06,0.040788033666034056,0.0
0.086301,0.085914,0.007381,-0.159624,0.193912,0.00815,0.069681,7.7195,0.097715,0.09186343982980623,20.0,31.0,0.167636,-0.683644,0.00021914161327354296,0.00012863502969206282,8.080684269133577e-06,0.04616928370986422,0.0,0.072982,0.072534,0.005261,-0.14537,0.186326,0.004221,0.059676,6.7944,0.086005,0.092059178578425,16.0,29.0,0.154882,-0.584155,7.75185630724633e-05,6.715559943978999e-05,2.8836280908434465e-06,0.04061165708143722,0.0
0.094155,0.093581,0.008757,-0.213713,0.193912,-0.002781,0.076003,8.272,0.104709,0.1744823546750828,19.0,29.0,-0.02101,-0.510028,6.312139852704111e-05,0.00019110750742583837,3.5817910761973066e-06,0.052176388555803074,0.0,0.077259,0.076797,0.005898,-0.152865,0.186326,0.002594,0.062107,6.687,0.084646,0.18632649359483328,16.0,29.0,0.10386,-0.594314,1.4922233081023995e-05,8.335875571593175e-05,1.4618623893851804e-06,0.039709368118478854,0.0
0.097809,0.097199,0.009448,-0.213713,0.237145,0.002243,0.078975,8.3674,0.105916,0.1399593273407781,19.0,30.0,0.041838,-0.465302,5.896364114049168e-05,0.00022635419858875098,4.2072225082912515e-06,0.053376447649659244,0.0,0.070201,0.069765,0.004867,-0.152865,0.136993,0.004303,0.057227,6.1714,0.078119,0.07314007451269336,17.0,30.0,-0.072444,-0.657186,3.55446866075342e-05,5.557693276386377e-05,9.665262216416731e-07,0.038369375420344125,0.0
0.093541,0.093012,0.008651,-0.213713,0.237145,-0.004688,0.076412,7.6377,0.09668,0.11995016893946386,19.0,30.0,0.077743,-0.362341,2.18374026991696e-05,0.00019666417954879045,1.5222219723310771e-06,0.05523744112705522,0.0,0.069121,0.068689,0.004718,-0.152865,0.128498,0.001785,0.058129,5.9453,0.075258,0.12466626663382477,18.0,30.0,-0.073665,-0.833109,2.9198734239974783e-05,4.8273521370337775e-05,8.168080326492874e-07,0.04176361331138623,0.0
0.087146,0.08662,0.007503,-0.213713,0.237145,0.001082,0.070665,6.9276,0.087691,0.12109897434078297,18.0,29.0,-0.059706,-0.055497,8.116185976307152e-05,0.0001660550499124727,1.3126182665472412e-06,0.05173486085133597,0.0,0.065809,0.065398,0.004277,-0.152865,0.148127,0.001785,0.053689,5.649,0.071506,0.11907484951234552,20.0,31.0,-0.058025,-0.492737,2.2288162133993037e-05,4.5893934884628414e-05,4.979887300572839e-07,0.036160022714524495,0.0
0.078221,0.077793,0.006052,-0.173371,0.237145,0.01073,0.064856,6.3924,0.080916,0.14208926274912956,17.0,30.0,0.101999,-0.233283,0.00010453473215891554,0.00010195302061261383,7.613783172197278e-06,0.047864946217473926,0.0,0.063714,0.063325,0.00401,-0.159493,0.148127,0.007071,0.053444,5.8574,0.074145,0.0817991890176925,20.0,32.0,-0.151499,-0.548679,2.4285720095789765e-05,3.924476750712332e-05,7.756252591001084e-07,0.03948468077242637,0.0
0.12538,0.124791,0.015573,-0.386114,0.48168,-0.007149,0.089744,7.7513,0.098117,0.11561270408021908,16.0,33.0,0.11677,3.288259,0.00010094293091381691,0.0015136232583629844,0.00012286493974203124,0.06080716230590874,0.0,0.069873,0.069442,0.004822,-0.19337,0.148127,0.001339,0.054951,6.4031,0.081052,0.09542028264637185,21.0,32.0,-0.270391,0.054152,0.00010474090999667567,7.137361268441957e-05,4.398010723470468e-06,0.035007793347179336,0.0
0.188908,0.187777,0.03526,-0.577661,0.488344,0.01073,0.13245,13.0997,0.165819,0.2783214355980957,18.0,32.0,0.051598,1.548084,0.000813560872838998,0.00565849296880148,0.00013012060029778003,0.08249096402426151,0.0,0.083385,0.082867,0.006867,-0.19337,0.221897,0.003871,0.064572,7.8921,0.099899,0.14812696163566796,21.0,29.0,-0.223218,0.063871,0.00010896198285629474,0.00014402937376510415,3.3036772209671805e-06,0.040621132398655425,0.0
0.213111,0.2118,0.044859,-0.577661,0.629221,-0.010733,0.156132,15.2953,0.193611,0.2783214355980957,18.0,35.0,0.413025,0.94512,0.0034817066515237124,0.007886601854389816,0.0013467121647612874,0.09628248443972491,0.0,0.08641,0.085883,0.007376,-0.207969,0.221897,0.00284,0.067175,8.3624,0.105853,0.09405782348443474,21.0,29.0,-0.406998,0.042623,0.000222611536405175,0.0001638956497456067,8.756169901282498e-06,0.03982328770253492,0.0
0.261106,0.259472,0.067326,-0.577661,1.002844,-0.033113,0.19804,20.3134,0.257131,0.2783214355980957,20.0,36.0,0.889791,1.765072,0.015803167544481148,0.021678598825348405,0.014049526227475712,0.13374831650695665,0.0,0.094914,0.094319,0.008896,-0.321424,0.221897,0.000971,0.071542,8.8371,0.111862,0.14173719877225743,19.0,29.0,-0.672754,0.83084,0.0005727525968662543,0.0003038757249872825,5.006468950749163e-05,0.040377146198127115,0.0
0.327754,0.325706,0.106084,-0.847187,1.040484,-0.011595,0.240805,23.8054,0.301335,0.44674692960705065,18.0,34.0,0.623329,1.504636,0.02217446639380038,0.05086602418531653,0.024157131623651858,0.15278281515207195,0.0,0.104976,0.10432,0.010883,-0.321424,0.221897,-0.000329,0.081734,9.5477,0.120857,0.09447794490208096,19.0,32.0,-0.352621,0.192124,0.0004194465998607534,0.0003789818060704695,4.23749915881238e-05,0.05042240874270112,0.0
0.345094,0.342934,0.117603,-0.847187,1.040484,-0.059686,0.253897,23.8487,0.301883,0.629220896257754,17.0,34.0,0.828318,1.492834,0.03388716381390648,0.06232024030917255,0.036464094143038986,0.16179607118133657,0.0,0.106977,0.106315,0.011303,-0.321424,0.209004,-0.003281,0.084166,9.419,0.119227,0.09732824077985808,20.0,33.0,-0.346934,0.147375,0.0003709962663809404,0.0003998375994626122,4.688907465188881e-05,0.05342505571304562,0.0
0.366895,0.364617,0.132946,-0.847187,1.040484,-0.030152,0.279693,27.9089,0.353278,0.4381008487364916,19.0,33.0,0.655937,0.760811,0.03339314311789833,0.06697834387327048,0.03657021434081657,0.18522983286133032,0.0,0.140048,0.139186,0.019373,-0.393901,0.300502,-0.016063,0.111818,12.8549,0.16272,0.14981382712947833,19.0,31.0,-0.216075,0.016073,0.0007035763915936151,0.0011367859788738624,0.00013410363169925196,0.08035445287596572,0.0
0.348881,0.346752,0.120237,-0.847187,1.040484,0.000244,0.263293,25.1831,0.318773,1.040484204146337,17.0,34.0,0.500305,0.836605,0.018553278787682974,0.05492670702512929,0.023097774559097894,0.1580030379835264,0.0,0.150485,0.149548,0.022365,-0.41571,0.319501,-0.007649,0.119239,13.1562,0.166534,0.12038078718035353,19.0,32.0,-0.264688,0.126929,0.0007867563574104029,0.0015588178697633359,0.0002048354402254093,0.08414849919617792,0.0
0.322711,0.320719,0.10286,-0.988938,0.998531,-0.000885,0.240509,24.4118,0.30901,0.3502172331829902,18.0,33.0,0.160625,0.958319,0.006662423042035526,0.0419700142482632,0.0037152944965322494,0.1344699490637948,0.0,0.14914,0.148207,0.021965,-0.41571,0.319501,0.016341,0.115469,12.6691,0.160368,0.11835144120610376,19.0,32.0,-0.419424,0.37823,0.0013220804608627267,0.0016263048546648212,0.00025573096011217934,0.07551694330842637,0.0
0.294681,0.292858,0.085766,-0.988938,0.691871,0.000128,0.219888,22.9877,0.290984,0.6777617779790904,18.0,34.0,-0.144872,0.862164,0.004610997534220365,0.028462124956137713,0.008212014008170603,0.11536899800594037,0.0,0.150283,0.149401,0.022321,-0.41571,0.319501,0.014988,0.114057,13.0546,0.165249,0.13772553754535694,21.0,31.0,-0.397827,0.32716,0.001608747653824283,0.0016798403561880371,0.00026770558209288054,0.06986231646586469,0.0
0.276091,0.274389,0.07529,-0.988938,0.691871,-0.000885,0.205955,20.2484,0.256309,0.3119180281807764,18.0,33.0,-0.175206,1.255122,0.004519063116163974,0.024174952157147385,0.008751271028375862,0.11214701179817423,0.0,0.137789,0.13694,0.018753,-0.41571,0.319501,0.018533,0.101733,11.815,0.149557,0.31950147777601423,22.0,29.0,-0.764556,0.895449,0.0020775483232413133,0.0013857563086790204,0.00030976719018650995,0.05859273622437395,0.0
0.288456,0.286689,0.082191,-0.988938,0.691871,-0.032251,0.215949,21.0148,0.266011,0.5598809189331108,18.0,31.0,0.078146,0.898124,0.0030407104231531977,0.026365350216244254,0.006247477129970725,0.12165577223535912,0.0,0.12973,0.128918,0.01662,-0.38655,0.230568,0.023741,0.098626,12.4959,0.158176,0.16059481548557814,24.0,22.0,-0.896051,0.537918,0.0019500396936568316,0.0009818901345822774,0.00023055688614207685,0.0599869062770287,0.0
0.279454,0.277752,0.077146,-0.513643,0.839579,-0.059981,0.215727,19.5732,0.247762,0.2835084166044024,16.0,33.0,0.759222,0.284607,0.017479917131226562,0.019890277790346106,0.00953656267810483,0.13574390714601775,0.0,0.126884,0.126094,0.0159,-0.38655,0.230568,0.02117,0.096808,12.5881,0.159344,0.14395693061437667,26.0,19.0,-0.86815,0.521344,0.0016850635506862853,0.0008821119822101696,0.00019711247326241287,0.06019914110578981,0.0
0.292861,0.291027,0.084696,-0.604147,0.839579,-0.069593,0.223066,20.5435,0.260045,0.4078935239271678,15.0,33.0,0.739045,0.251044,0.01796718474589797,0.02324983267614361,0.009610797137066678,0.14510491095181957,0.0,0.127191,0.126395,0.015976,-0.38655,0.249636,0.024138,0.09575,12.1067,0.153249,0.10672649650975057,25.0,19.0,-0.911481,0.744175,0.00181171899065907,0.0009511851240701705,0.00021634437029177558,0.05901939928262699,0.0
0.2908,0.289237,0.083658,-0.604147,0.839579,-0.055192,0.22354,20.5803,0.26051,0.5090918518497141,14.0,34.0,0.589208,0.13712,0.01729007868037013,0.02264898031334358,0.009197920958030067,0.1450033060694826,0.0,0.112863,0.112181,0.012585,-0.289827,0.249636,0.022344,0.087541,10.8346,0.137146,0.08843489908047233,22.0,24.0,-0.687779,0.482683,0.0008789586127460015,0.0005420959062053795,8.116040126657599e-05,0.059801893282157105,0.0
0.288752,0.287014,0.082377,-0.619071,0.839579,-0.049796,0.223658,20.8977,0.264528,0.2624382173944765,14.0,35.0,0.402466,0.265356,0.007919468828912733,0.02191204054641955,0.006068440399341843,0.14499031354783815,0.0,0.108093,0.107419,0.011539,-0.289827,0.249636,0.008431,0.085912,9.7509,0.123429,0.15136592626784054,21.0,28.0,-0.374697,0.16958,0.0004918811761811341,0.00042347838045481595,4.503839184538166e-05,0.06072358291587188,0.0
0.276157,0.274433,0.075314,-0.619071,0.591142,-0.046113,0.21972,21.5241,0.272457,0.4263761478228199,15.0,35.0,0.235274,-0.330268,0.004409948914642967,0.015104317826091406,0.0012748746703690594,0.1486157898858922,0.0,0.114111,0.113403,0.01286,-0.289827,0.364162,-0.006698,0.088974,9.8512,0.124698,0.10407385339097741,20.0,28.0,0.233902,0.828205,0.0002907998812853886,0.0006313187511190415,5.055895860331523e-05,0.06379905268359305,0.0
0.266847,0.265176,0.070318,-0.619071,0.602606,-0.034486,0.216746,21.9777,0.278199,0.38215818928353085,17.0,36.0,0.203749,-0.312017,0.004031350264345824,0.01330799318466147,0.0014312055443205303,0.15509061765066762,0.0,0.106476,0.105817,0.011197,-0.213234,0.364162,-0.015548,0.085097,9.2814,0.117486,0.21143505683407393,20.0,31.0,0.515624,0.635012,0.0006554283516299142,0.0004589733171939357,8.262334353022609e-05,0.058598764628305135,0.0
0.245348,0.243997,0.059534,-0.619071,0.602606,-0.030273,0.1918,19.2552,0.243737,0.2447107649006993,18.0,37.0,0.281803,0.264449,0.002382092039028794,0.011411620065356304,0.0010589828517806972,0.12919895068888734,0.0,0.111374,0.110679,0.01225,-0.241469,0.364162,-0.012923,0.088276,9.6311,0.121913,0.12843573663202307,18.0,29.0,0.530444,0.541031,0.000685035355927636,0.0005286921743164056,8.530357369167412e-05,0.059744096400271056,0.0
0.236656,0.235209,0.055323,-0.541824,0.602606,-0.030273,0.184139,18.4309,0.233303,0.5911417606884365,18.0,38.0,0.422016,0.28934,0.006180022007246611,0.010158479466970714,0.0021296060100275353,0.12707400713106173,0.0,0.107551,0.106882,0.011424,-0.241469,0.364162,-0.009761,0.083373,9.9138,0.125491,0.22928466064658337,20.0,28.0,0.548031,0.874721,0.0006338443381865807,0.0005028809744942978,8.253143897304343e-05,0.054541026583279514,0.0
0.199985,0.19883,0.039533,-0.541824,0.602606,-0.023171,0.152414,16.0798,0.203542,0.45815577656927753,19.0,34.0,0.256831,0.982155,0.001274992711759575,0.006170181745984006,0.00039334941520507494,0.09783065912547802,0.0,0.112006,0.111317,0.012391,-0.380704,0.231012,0.007353,0.087616,10.6073,0.13427,0.15878343078954346,19.0,28.0,-0.383547,0.671222,0.0005937178359797918,0.0005673525882542288,9.960048992049418e-05,0.05552936322966048,0.0
0.175625,0.174552,0.030468,-0.536689,0.430465,0.000695,0.133401,14.4282,0.182635,0.1484468761306899,18.0,33.0,0.042404,0.766492,6.338922092344601e-05,0.003493222435089003,0.0001806208249711774,0.08455947709557406,0.0,0.119616,0.118904,0.014138,-0.380704,0.231012,0.010165,0.094968,11.0718,0.14015,0.2156675272014227,19.0,23.0,-0.372778,0.172512,0.0007542411693324976,0.0006416815726372703,0.00010861466595596449,0.06400028911500476,0.0
0.190041,0.188857,0.035667,-0.536689,0.585354,0.00657,0.141937,14.4586,0.18302,0.17618868070544738,17.0,29.0,0.29082,0.984271,0.0017826916055452488,0.005055428091075587,0.0006358229372368626,0.08870998366788675,0.0,0.12206,0.12131,0.014716,-0.380704,0.227284,0.021179,0.097234,11.2054,0.141841,0.14552070445575138,20.0,28.0,-0.580698,0.233947,0.0009527532099487736,0.0006924848290148491,0.00013147053633555834,0.06610538335711781,0.0
0.184454,0.183364,0.033622,-0.40387,0.585354,0.022069,0.141282,14.0443,0.177776,0.15097982803424354,15.0,30.0,0.319729,0.578665,0.0024655208138151144,0.004083379222517782,0.0009888524290221589,0.08977947299840883,0.0,0.128478,0.1278,0.016333,-0.380704,0.227284,0.027414,0.104843,11.1207,0.140768,0.20216716214277092,17.0,32.0,-0.534877,-0.106721,0.0008346525103879278,0.0007465770859057714,0.00012628427361060065,0.07210572819505318,0.0
0.184822,0.183682,0.033739,-0.40387,0.585354,0.015364,0.14236,13.593,0.172063,0.4304648284372796,14.0,29.0,0.327462,0.456921,0.00229135831653463,0.003955934786390014,0.0009292197771416709,0.09206252781263245,0.0,0.154363,0.153403,0.023533,-0.726856,0.263882,0.029885,0.118359,12.9755,0.164247,0.15873833618856673,19.0,35.0,-1.406524,4.545632,0.0049649997717164844,0.004145969984921825,0.002567603809125895,0.08565920800108366,0.0
0.184881,0.183758,0.033767,-0.458583,0.585354,0.009905,0.143134,13.2061,0.167166,0.585354225041234,16.0,31.0,0.171077,0.470125,0.0014273917870930282,0.003971575950245059,0.0006616142133779448,0.09485675525534877,0.0,0.155273,0.154327,0.023817,-0.726856,0.263882,0.027414,0.118633,13.4035,0.169665,0.20238323457226304,20.0,36.0,-1.346961,4.481168,0.00474095636391678,0.004184402820640745,0.002550517230936176,0.08633805102080049,0.0
0.174477,0.173385,0.030063,-0.458583,0.412404,-0.022817,0.13752,13.0725,0.165475,0.22002027184477546,16.0,32.0,0.063472,0.022735,0.0002456353383149465,0.0027305577961238454,2.7207999526752773e-05,0.09582385647897886,0.0,0.155122,0.154155,0.023764,-0.726856,0.263882,0.004556,0.115801,13.4982,0.170863,0.20912687086728823,21.0,33.0,-1.301193,4.515431,0.004859772070351057,0.004268792213224435,0.0025787534412618773,0.07759442767928822,0.0
0.159188,0.158241,0.02504,-0.458583,0.404094,-0.028647,0.124658,12.2071,0.15452,0.19722288596526105,18.0,33.0,-0.008506,0.478134,0.00033585122989457383,0.0021809711491298663,0.00016763065979112665,0.08982658502468409,0.0,0.153128,0.152211,0.023168,-0.726856,0.263882,-0.000971,0.111912,12.7606,0.161527,0.2406731075529907,22.0,33.0,-1.348978,4.893873,0.005006219772014798,0.004303457518991983,0.0025899766445228764,0.07541993173220442,0.0
0.197858,0.19667,0.038679,-0.481231,0.577985,-0.020183,0.152607,15.1109,0.191277,0.33384637346108026,17.0,34.0,0.078869,0.376181,0.0011235748093764305,0.0050612099854490476,0.0003699042570418262,0.10740664013443041,0.0,0.11831,0.117576,0.013824,-0.347903,0.260678,-0.004907,0.091062,10.8237,0.137009,0.14549746424503485,21.0,34.0,-0.266485,0.44198,0.0003749338922954537,0.0006553353565359524,6.615206246476891e-05,0.05732839260137657,0.0
0.191156,0.18996,0.036085,-0.481231,0.577985,-0.020367,0.148064,14.5054,0.183613,0.4040943813510275,15.0,35.0,0.212035,0.456988,0.001568713726171351,0.0045075731881827966,0.0005319466026558211,0.10189372028636244,0.0,0.111471,0.110772,0.01227,-0.347903,0.256074,-0.006774,0.084817,10.5623,0.1337,0.18746012588797922,21.0,32.0,-0.199635,0.788063,0.0002615222031485013,0.0005700558278196171,6.299905929284796e-05,0.050481978686558626,0.0
0.200192,0.198938,0.039576,-0.481231,0.577985,-0.017682,0.155753,14.2584,0.180486,0.2435950028843803,13.0,38.0,0.195223,0.121338,0.0016271324059526874,0.004893595969602737,0.0005692450629981087,0.10264572402780694,0.0,0.106011,0.105351,0.011099,-0.277979,0.255668,-0.006774,0.082253,10.1102,0.127977,0.10721411609394889,21.0,32.0,0.117385,0.295741,0.00010484576617598015,0.0004054435372146302,3.566542906406408e-06,0.050429089236008064,0.0
0.213151,0.21193,0.044914,-0.481231,0.577985,-0.013364,0.169151,13.9693,0.176827,0.34443095895588755,10.0,34.0,0.314538,-0.249513,0.003931368840780108,0.005633347527238993,0.001028587343236932,0.11180993883834496,0.0,0.100165,0.099538,0.009908,-0.277979,0.255668,-0.009627,0.07717,9.7294,0.123156,0.15382052751027894,23.0,27.0,0.258525,0.241036,0.000267501857526627,0.0003185852573888247,7.294236360712403e-06,0.04647130046089292,0.0
0.183836,0.182718,0.033386,-0.367829,0.447272,-0.02816,0.144169,10.7988,0.136693,0.28339202548014464,9.0,35.0,0.576739,0.053273,0.0031596607266230884,0.0033530882904883657,0.0006929093030580624,0.09889387921454508,0.0,0.107403,0.10673,0.011391,-0.258277,0.327202,-0.017687,0.079437,9.8584,0.124789,0.18948029395719246,23.0,19.0,0.491144,0.892661,0.0005820734651782539,0.0005040632141240073,5.301787332171406e-05,0.04805491801598658,0.0
0.177239,0.176153,0.03103,-0.30386,0.447272,-0.022175,0.13628,9.9211,0.125584,0.20355035546316483,9.0,34.0,0.660204,0.146493,0.003880120487301522,0.0030718220464654245,0.0007833236754703366,0.08990861542052565,0.0,0.11374,0.11303,0.012776,-0.258277,0.327202,-0.01803,0.085522,9.9527,0.125984,0.25566818814309633,22.0,22.0,0.505687,0.860361,0.0006981553889600116,0.0006276275973558515,7.794367416868375e-05,0.055047989457566844,0.0
0.171638,0.170565,0.029093,-0.295641,0.447272,-0.021997,0.134404,11.6155,0.147031,0.16603599211513198,14.0,30.0,0.602642,0.137037,0.0028989097532616027,0.002642581828968961,0.0006211035784038394,0.09313599181136556,0.0,0.115943,0.115219,0.013275,-0.258277,0.327202,-0.02032,0.089901,10.9611,0.138749,0.13978374501844779,25.0,18.0,0.450243,0.495352,0.0006554194275447357,0.0006137001906194852,7.198680673394188e-05,0.061375457568114154,0.0
0.153218,0.152337,0.023206,-0.295641,0.447272,-0.022251,0.121577,11.7312,0.148496,0.44727206336376485,15.0,31.0,0.532097,0.169452,0.0015364964257825304,0.0016697961462663672,0.00031088848934450214,0.08650952007687902,0.0,0.116314,0.115602,0.013364,-0.258277,0.327202,-0.021394,0.089384,10.7154,0.135637,0.3272015846730172,22.0,21.0,0.498286,0.517152,0.0006906762524764833,0.0006220235172683658,7.38599104485891e-05,0.0588349869458961,0.0
0.153448,0.152513,0.02326,-0.311724,0.364051,-0.008922,0.121759,12.3729,0.156619,0.165701244336604,18.0,29.0,0.186384,-0.441749,0.0004612160829713692,0.0013767123433738435,8.54593956298255e-05,0.0790164289769161,0.0,0.111143,0.110454,0.0122,-0.250054,0.318373,-0.023225,0.089242,10.713,0.135608,0.11013770468790691,23.0,27.0,0.370173,-0.009438,0.0004492368905157164,0.0004424245729284288,3.887962262839875e-05,0.06368002173809902,0.0
0.166421,0.165449,0.027373,-0.32079,0.467829,-0.010803,0.132581,14.1373,0.178953,0.14477128108179407,20.0,26.0,0.363978,-0.109715,0.0012478950118436697,0.002133875176468631,0.0003297237876807858,0.09111415659800674,0.0,0.108997,0.108314,0.011732,-0.333287,0.219751,-0.013521,0.085604,10.3633,0.131181,0.1111123937764958,21.0,32.0,-0.115242,0.237793,0.0001554864727190599,0.00044579336337760626,4.087402181602462e-05,0.06082116695477431,0.0
0.172173,0.171105,0.029277,-0.366936,0.467829,-0.020367,0.137079,12.8154,0.162221,0.20714426546003376,15.0,29.0,0.469419,0.095398,0.0021763181549586882,0.002634468989481254,0.000490908054688888,0.0957141390547427,0.0,0.109266,0.108583,0.01179,-0.333287,0.219751,-0.008194,0.082022,9.4987,0.120237,0.17661569230613758,18.0,36.0,-0.46881,0.771877,0.0006196880825924331,0.0005256416777468006,8.148424063985946e-05,0.053378764083428336,0.0
0.171502,0.170438,0.029049,-0.366936,0.467829,-0.005402,0.134484,12.4717,0.15787,0.25666993609649796,16.0,30.0,0.452631,0.195737,0.0024097107854379723,0.0027140647532002135,0.0005342248555103232,0.09165770102686267,0.0,0.116176,0.115476,0.013335,-0.333287,0.219751,0.008136,0.09005,10.5136,0.133083,0.219751040525699,19.0,37.0,-0.592815,0.356288,0.0008088290080282823,0.0005873149658566725,9.703724332045467e-05,0.060311860488258644,0.0
0.180611,0.17953,0.032231,-0.45942,0.467829,-0.018082,0.143295,13.3473,0.168953,0.4678285491827502,14.0,34.0,0.286708,0.205996,0.002070898012048487,0.0033585976327917128,0.00036116638701456336,0.10607445293026063,0.0,0.126571,0.125798,0.015825,-0.333287,0.325019,0.008136,0.096345,11.7531,0.148773,0.14956370424837123,20.0,35.0,-0.302149,0.341943,0.0004952414381772338,0.0008315054700766,5.264765579093636e-05,0.06098528854468516,0.0
0.166875,0.165884,0.027517,-0.45942,0.44992,-0.028317,0.130517,11.518,0.145797,0.44991975708426196,14.0,36.0,0.233206,0.39991,0.0007124470186844987,0.002555936647717954,7.750113208147644e-05,0.09129767330842217,0.0,0.12113,0.120371,0.014489,-0.288926,0.325019,0.002204,0.092838,11.1933,0.141688,0.19517918344013802,21.0,33.0,-0.148874,0.260995,0.0002472441656719224,0.0006842940413191504,1.1310387510759133e-05,0.06030015535939221,0.0
0.184431,0.183358,0.03362,-0.45942,0.438092,-0.010757,0.13928,12.5853,0.159308,0.35863425325346787,16.0,39.0,0.078164,0.240493,0.00103804852406827,0.003672885946367782,9.179816106817374e-05,0.08722407814996475,0.0,0.117829,0.117098,0.013712,-0.264872,0.325019,-0.007323,0.092823,10.297,0.130342,0.11552111716394362,18.0,34.0,0.116863,0.056282,0.00024213685852155772,0.0005756272007525299,2.7776432752107904e-05,0.06336125028198351,0.0
0.194911,0.193748,0.037538,-0.45942,0.438092,-0.018964,0.14758,13.6187,0.172389,0.2988435715830015,16.0,42.0,0.131838,0.067247,0.0004189029852740576,0.004303668159566614,9.282908889620461e-05,0.09015783412886712,0.0,0.110441,0.109768,0.012049,-0.264872,0.325019,-0.001169,0.085159,9.3151,0.117912,0.2733240822568298,18.0,35.0,0.270049,0.473094,0.0002833818735731147,0.0005012579855695034,3.755835580736547e-05,0.0569790104051799,0.0
0.233238,0.231785,0.053724,-0.432472,0.587387,-0.030817,0.178283,14.8143,0.187523,0.21705113756336553,15.0,40.0,0.574669,0.014057,0.006830907219415863,0.008641832851495352,0.0024538727277265224,0.10851238022188048,0.0,0.09744,0.096863,0.009382,-0.224815,0.198936,-0.004874,0.080843,8.3122,0.105217,0.14342021839432095,18.0,35.0,0.112719,-0.667716,3.021241733898337e-05,0.000204345167080759,1.2594732127899323e-06,0.05923753290870465,0.0
0.240091,0.238588,0.056924,-0.432472,0.587387,-0.042027,0.190533,15.0181,0.190103,0.4380921360293487,13.0,37.0,0.533825,-0.266321,0.007411777797388846,0.008885577516601111,0.002513853873943702,0.1260431189872596,0.0,0.10276,0.102158,0.010436,-0.286639,0.276776,-0.008794,0.080759,9.1525,0.115854,0.18977887419745124,18.0,32.0,0.119961,0.140378,3.612103298935923e-05,0.0003405160444377469,1.2797026951722612e-06,0.05560966115577042,0.0
0.233446,0.232002,0.053825,-0.406504,0.587387,-0.05805,0.187286,15.8182,0.20023,0.2190061660863859,14.0,32.0,0.693297,-0.148856,0.008173940772300058,0.00815698338218143,0.0026764213645674856,0.13266510708898577,0.0,0.105629,0.104987,0.011022,-0.286639,0.276776,-0.003323,0.081261,10.2313,0.12951,0.12129103870897073,22.0,27.0,-0.031162,0.144098,3.1908238533286026e-05,0.00038166549203577584,1.2020229935611902e-07,0.05346731217601982,0.0
0.233168,0.231707,0.053688,-0.406504,0.587387,-0.065677,0.189422,15.9215,0.201538,0.5563254180463953,14.0,28.0,0.730861,-0.230411,0.009183476647721952,0.008003850986006514,0.0028054009788116754,0.13966189301026788,0.0,0.107737,0.107067,0.011463,-0.286639,0.276776,-0.005664,0.082174,10.897,0.137937,0.09459585616602795,24.0,20.0,-0.057874,0.113552,0.00010472174726617171,0.0004094146639857599,7.474692739285133e-06,0.05332570624739014,0.0
0.184044,0.182919,0.033459,-0.295983,0.430802,-0.042488,0.152757,15.3519,0.194328,0.2744782649865456,18.0,28.0,0.558089,-0.479414,0.0030882381626853193,0.002777845206736012,0.0005933324787192693,0.11528479915949447,0.0,0.108587,0.107906,0.011644,-0.286639,0.276776,0.00292,0.080831,10.7452,0.136015,0.1883814887278626,24.0,20.0,-0.136252,0.426092,0.00017109378376991674,0.0004644902761906957,1.1679056526444498e-05,0.0515199637021768,0.0
0.197801,0.196561,0.038636,-0.445931,0.581872,-0.028486,0.160004,17.5582,0.222255,0.36197749137695845,20.0,31.0,0.495295,0.043403,0.0037608314256896503,0.004543005674270536,0.0011357507998405755,0.117841198572356,0.0,0.113248,0.112542,0.012666,-0.262693,0.243903,0.016564,0.088549,11.9935,0.151817,0.22353560669605013,25.0,19.0,-0.401883,-0.194367,0.0005382935404200267,0.00044800157181879724,3.773795431090934e-05,0.0556901539994564,0.0
0.185406,0.184256,0.03395,-0.445931,0.581872,-0.016786,0.149698,16.4823,0.208637,0.3942720661952026,20.0,29.0,0.424342,0.435133,0.002870814371676669,0.003981842262441316,0.0010144828411911752,0.11306650964122358,0.0,0.121941,0.121179,0.014684,-0.298306,0.243903,0.016009,0.096099,12.6768,0.160466,0.12710385938060154,24.0,20.0,-0.437628,-0.243677,0.0008153289294633905,0.0005969404268595347,6.703108871560484e-05,0.06155120410537238,0.0
0.201579,0.200315,0.040126,-0.484677,0.581872,-0.01485,0.163943,18.2319,0.230783,0.3032723509501413,21.0,28.0,0.18937,0.060071,0.0015724709567807975,0.0049296077060208875,0.0006553454986894499,0.1229902017961902,0.0,0.122311,0.121544,0.014773,-0.298306,0.243903,0.016009,0.09657,12.4002,0.156964,0.0976549111467844,22.0,23.0,-0.479148,-0.234098,0.0008507229857133471,0.0006028877155553224,6.95535366959512e-05,0.06213482670020238,0.0
0.210135,0.208826,0.043608,-0.484677,0.581872,-0.010995,0.167392,18.2604,0.231144,0.22137375029689677,21.0,29.0,0.152329,0.075096,0.0011429108693316382,0.005837501744189401,0.0006217857305579204,0.1154701830594623,0.0,0.16277,0.161751,0.026163,-0.775855,0.402116,0.016007,0.116851,15.2064,0.192486,0.15930489961937588,21.0,22.0,-1.447088,5.201222,0.006088414048441805,0.005602734384937979,0.0034988228345948502,0.06975536422370406,0.0
0.251234,0.25004,0.06252,-0.653522,0.651657,-0.01703,0.196597,20.4125,0.258386,0.4567689402641337,18.0,28.0,0.107292,0.189721,0.004251271691522085,0.01255534121454297,0.0014118568181570622,0.13262593126612007,0.0,0.159048,0.15807,0.024986,-0.775855,0.402116,0.016007,0.113751,14.4062,0.182357,0.16899133725495452,20.0,22.0,-1.505714,5.942066,0.005760409011430924,0.005522339389792254,0.003476649683019186,0.07381390558491616,0.0
0.266853,0.265181,0.070321,-0.653522,0.651657,-0.005071,0.208239,20.641,0.261279,0.2655956741013356,16.0,31.0,-0.080976,0.047757,0.0013447734666752844,0.015066580630846278,0.0004961014863344744,0.1346847738060548,0.0,0.152668,0.151714,0.023017,-0.775855,0.402116,0.01976,0.108414,13.2307,0.167477,0.12843774930062693,20.0,25.0,-1.60943,7.072576,0.005685169941378899,0.005357311952589823,0.0034564415380552113,0.07291449630195405,0.0
0.257192,0.25558,0.065321,-0.653522,0.651657,0.010957,0.189069,18.5495,0.234804,0.22365544017087113,15.0,31.0,-0.071953,0.535974,0.0011859430442303386,0.0150870546987595,0.0001774619474433612,0.11180633628296802,0.0,0.160638,0.159632,0.025483,-0.775855,0.402116,0.032431,0.117945,14.3592,0.181763,0.1793110176640867,21.0,23.0,-1.50486,5.621042,0.006069302305158474,0.005581348151456754,0.0035193407066652694,0.08475357902260086,0.0
0.247407,0.245945,0.060489,-0.653522,0.651657,0.02786,0.174275,17.4239,0.220555,0.3606296718494727,13.0,32.0,-0.180883,0.997139,0.0014827518129892701,0.014548505347320387,0.0003712350510818206,0.09962352277343894,0.0,0.132857,0.132025,0.01743,-0.345014,0.388376,0.010662,0.107494,12.9318,0.163694,0.15987769310910463,23.0,26.0,-0.200372,0.224824,0.0004849166377411026,0.0009806104433788911,2.4516484961321694e-05,0.08296230266155233,0.0
0.211066,0.21033,0.044239,-0.645928,0.58557,0.020123,0.147141,15.5864,0.197296,0.20166811498822276,15.0,32.0,-0.500338,1.701078,0.006694915565662441,0.009453443649072973,0.002231850503706346,0.08702387118560946,0.0,0.143999,0.143096,0.020476,-0.437085,0.453206,-0.004983,0.109097,13.4434,0.170169,0.1594875195678191,24.0,26.0,-0.07825,1.48757,0.0002262957114590104,0.0018815347131228475,2.4630278782962477e-05,0.0784856034723951,0.0
0.198292,0.197073,0.038838,-0.637764,0.58557,0.024121,0.14208,15.3524,0.194334,0.14662533709596365,16.0,35.0,-0.223738,1.610757,0.002072816252141399,0.006974713970577114,0.0005513494170104711,0.08758890462778682,0.0,0.141154,0.14027,0.019676,-0.437085,0.453206,-0.002429,0.104615,13.6461,0.172735,0.11468965380789323,25.0,23.0,-0.125678,1.835296,0.000317128396949617,0.0018712017338801859,1.7290385378413506e-05,0.07030466793105869,0.0
0.203036,0.201763,0.040708,-0.637764,0.58557,0.017481,0.152696,16.1139,0.203973,0.19721018588497582,17.0,34.0,-0.07173,0.997935,0.0006159859750503226,0.006625754518916713,0.0003864974528153388,0.09770511089517604,0.0,0.137178,0.136345,0.01859,-0.437085,0.453206,-0.00678,0.097676,13.0037,0.164603,0.13401792849075658,23.0,22.0,0.002458,2.394085,0.00014422970344734107,0.0018633883334275097,2.8596965218983084e-05,0.060720491338799996,0.0
0.230185,0.228761,0.052331,-0.637764,0.624201,-0.021171,0.183339,18.8873,0.23908,0.585569893471908,18.0,37.0,0.330025,0.282034,0.003489799079123773,0.00894153579365572,0.001161334196102471,0.12811805300144055,0.0,0.125948,0.125163,0.015666,-0.437085,0.453206,0.002334,0.090721,11.5427,0.14611,0.09265407915921509,22.0,23.0,-0.153338,2.948364,0.00025424362051603024,0.0014585343318334926,2.045640956022138e-05,0.0559465106545994,0.0
0.240745,0.239341,0.057284,-0.394768,0.624201,0.003501,0.196702,16.9174,0.214144,0.1974745829767961,15.0,40.0,0.472154,-0.368703,0.00768631593079915,0.008820552288447893,0.0029093944757404774,0.13987754275021383,0.0,0.11381,0.113098,0.012791,-0.359674,0.263426,0.004948,0.086748,10.6834,0.135233,0.09102643511701525,20.0,25.0,-0.593653,1.220001,0.0008339296459683664,0.000688218699418929,0.00012492126696021994,0.05218950276544616,0.0
0.238391,0.236911,0.056127,-0.394768,0.624201,-0.021034,0.190375,16.8565,0.213374,0.34018766619077545,15.0,39.0,0.621746,-0.177721,0.008704596912564007,0.008977094956541918,0.0031759681283820528,0.1238183482947019,0.0,0.117065,0.116339,0.013535,-0.359674,0.263426,0.00404,0.091382,10.6801,0.135191,0.13981970311020456,20.0,26.0,-0.43118,0.769142,0.0007343427543786418,0.0006941478667756113,0.00011594177856794833,0.05801155249852407,0.0
0.222602,0.221222,0.048939,-0.394768,0.624201,-0.015774,0.174144,15.1534,0.191815,0.3548600975975945,14.0,43.0,0.672651,0.277127,0.006889818412080792,0.007771155349571626,0.002812645053657394,0.11392570170114753,0.0,0.109323,0.108719,0.01182,-0.353093,0.263426,0.00404,0.088123,9.9443,0.125877,0.2634257292969999,20.0,29.0,-0.328893,0.275995,0.00027192755623828724,0.00045044265871432756,5.255894680567262e-05,0.0566782928499003,0.0
0.188803,0.18762,0.035201,-0.394768,0.588362,0.020966,0.142293,11.6866,0.147931,0.3360376804396184,15.0,42.0,0.49975,0.917328,0.0033584136432084867,0.004861313419160846,0.0014691087559125127,0.09251474343069103,0.0,0.103632,0.102989,0.010607,-0.353093,0.202929,0.002454,0.08292,9.5485,0.120868,0.11992371080065797,20.0,28.0,-0.516142,0.460189,0.0006011195150347137,0.00039192021359319465,7.286953750722708e-05,0.055272863836739586,0.0
0.166953,0.166029,0.027566,-0.296187,0.489434,0.008922,0.129774,12.2452,0.155003,0.4681647780372656,15.0,41.0,0.400737,0.382725,0.0013009138551456519,0.0025226927174519034,0.0005533848350907077,0.08694457863752086,0.0,0.095089,0.094515,0.008933,-0.221693,0.19767,-0.00272,0.077307,8.9866,0.113754,0.0952742114496944,20.0,29.0,-0.088525,-0.613908,0.00012888100108617804,0.00019105635091828455,7.2696258901144176e-06,0.05079911558993174,0.0
0.162859,0.161898,0.026211,-0.299263,0.489434,0.014885,0.128938,11.105,0.140569,0.18322257056478652,13.0,40.0,0.228299,-0.032722,0.0006230717968030179,0.0020215961451169233,0.00031047340892117835,0.08997805547450602,0.0,0.097107,0.096519,0.009316,-0.224934,0.243657,-0.002372,0.076137,9.1655,0.116019,0.17561064898156517,21.0,28.0,0.078314,-0.14613,0.00012638808166373243,0.0002482532144762094,7.113824618035476e-06,0.0469709697434068,0.0
0.190631,0.189521,0.035918,-0.306068,0.489434,0.014885,0.152891,13.3578,0.169087,0.19170822781605507,13.0,40.0,0.327478,-0.419928,0.0028396373196654667,0.0033803115360363763,0.0007442746250423485,0.10501595331029574,0.0,0.093412,0.092844,0.00862,-0.224934,0.243657,8.6e-05,0.073248,8.7617,0.110908,0.12184643006333971,21.0,25.0,-0.003971,0.035255,4.398101354305184e-05,0.00022550721494223259,4.836550278785848e-06,0.04645139025099212,0.0
0.194317,0.193104,0.037289,-0.352251,0.489434,-0.001753,0.1552,13.7591,0.174165,0.2355967930578437,14.0,34.0,0.306902,-0.436766,0.0023657715621622556,0.0035765008193109266,0.0006734153097514898,0.09380066563944703,0.0,0.111425,0.110742,0.012264,-0.47277,0.243657,-0.002045,0.08152,9.2129,0.116619,0.09858907965823563,19.0,28.0,-0.661483,2.89975,0.000967304994179642,0.0008938478762064636,0.0002738808089914465,0.046871169428774534,0.0
0.18718,0.186032,0.034608,-0.352251,0.480226,-0.001124,0.152788,12.9801,0.164305,0.21271466668855543,15.0,31.0,0.188108,-0.627326,0.0015320127861750004,0.0028571813875362243,0.0003738976721098202,0.0959621486164439,0.0,0.112911,0.112204,0.01259,-0.47277,0.243657,0.002482,0.083515,10.0726,0.127501,0.10275488214952659,21.0,22.0,-0.658452,2.698666,0.0009334708098328199,0.0009035604073259701,0.0002727541315645135,0.050475790211162226,0.0
0.192094,0.190919,0.03645,-0.352251,0.480226,-0.001753,0.157357,14.7129,0.186239,0.272474974179873,17.0,29.0,0.244088,-0.641833,0.00206566854944668,0.0031564444254195884,0.000491762432371282,0.09969208446171796,0.0,0.107982,0.107316,0.011517,-0.47277,0.240483,0.002482,0.081346,9.7887,0.123908,0.08195458476174644,19.0,25.0,-0.888988,3.160992,0.0011510884940608135,0.0008236955858716727,0.00028686405902760497,0.05226302573757464,0.0
0.182773,0.181835,0.033064,-0.352251,0.473526,-0.003644,0.147144,13.7486,0.174033,0.15982536554411111,18.0,28.0,0.316884,-0.355458,0.0010395395636923622,0.002826933034360231,0.0003568172758252076,0.08812847978557202,0.0,0.111961,0.111335,0.012395,-0.47277,0.240483,-0.0034,0.083184,9.7444,0.123346,0.24048346919506297,20.0,29.0,-0.710725,2.683803,0.0011315185067076545,0.0008882634423051681,0.00028638770230825705,0.05282950240472096,0.0
0.189311,0.188128,0.035392,-0.344291,0.473526,-0.008815,0.159283,14.7943,0.187269,0.3243116325142964,17.0,33.0,0.337933,-0.754278,0.002121054228339493,0.0028021446772701743,0.0004807578616731835,0.11113971850735861,0.0,0.090971,0.090426,0.008177,-0.230826,0.227693,-0.0034,0.071415,9.1823,0.116231,0.1619408706958639,20.0,25.0,0.001185,-0.006704,5.265542818092637e-05,0.00020013975079505663,9.438771476422961e-07,0.04860456469850392,0.0
0.178675,0.177582,0.031535,-0.344291,0.498926,-0.015456,0.140973,14.3617,0.181794,0.4043532959869579,17.0,33.0,0.626576,0.103344,0.00321295160020967,0.003042483900887066,0.0008081950595763797,0.0866110556713829,0.0,0.096134,0.095543,0.009128,-0.269597,0.227693,0.000201,0.075232,8.8962,0.11261,0.11039086281403407,19.0,32.0,-0.177644,0.27743,0.00011449233758688577,0.0002721794477173593,1.5032504737601357e-05,0.051455009575074,0.0
0.208027,0.206784,0.04276,-0.625331,0.498926,-0.012878,0.156645,14.6666,0.185654,0.3499431037193965,15.0,39.0,-0.01302,0.588473,0.0007637319197946734,0.00656219860514097,0.0007945497940967515,0.08889265575573274,0.0,0.105686,0.105043,0.011034,-0.344942,0.227693,0.010349,0.079858,9.8854,0.125132,0.13983736806629143,18.0,27.0,-0.526713,0.988916,0.0005429277166728414,0.00048061144340263957,7.320753533712702e-05,0.052714619775254115,0.0
0.200944,0.199966,0.039987,-0.625331,0.498926,-0.003065,0.150076,14.5259,0.183873,0.2328546137392486,15.0,38.0,-0.285384,0.764289,0.00100100602874418,0.005915417959004247,0.0010272830286268664,0.08131828842497521,0.0,0.139479,0.138612,0.019213,-0.344942,0.432989,0.009293,0.108109,12.9036,0.163337,0.1587268790312526,18.0,27.0,-0.114581,0.495565,0.00022173098829862393,0.0012885926961675913,4.681455475220652e-05,0.071960882577037,0.0
0.207435,0.206138,0.042493,-0.625331,0.498926,-0.004591,0.154064,15.6647,0.198288,0.49892589522228503,16.0,39.0,-0.168383,0.562786,0.0013299716533668134,0.00642635256183625,0.0009945860626561615,0.08262963858133106,0.0,0.146399,0.145482,0.021165,-0.344942,0.432989,0.009293,0.11674,13.7611,0.174192,0.14758424097441078,19.0,28.0,-0.082813,0.063458,0.0002952623581450629,0.0013729497751088623,4.593742649443274e-05,0.08003254706527849,0.0
0.203038,0.201784,0.040717,-0.625331,0.403585,0.000519,0.152329,14.8015,0.187361,0.39142677026982825,15.0,37.0,-0.383833,0.486931,0.002819721334228484,0.005746125797452458,0.001387123757373421,0.08181877327470895,0.0,0.143265,0.142368,0.020269,-0.344942,0.432989,0.008814,0.114177,13.6192,0.172395,0.18019466403155499,22.0,25.0,-0.045804,0.158529,0.00017038535705005028,0.001297919641523549,5.852749375766318e-05,0.07937179310558976,0.0
0.174559,0.17357,0.030127,-0.343195,0.403585,0.003016,0.13852,13.972,0.17686,0.19762611862820728,16.0,32.0,0.038924,-0.455893,0.0007490037772779009,0.002314970625309675,0.00015017752447135137,0.08314206037105921,0.0,0.150239,0.149338,0.022302,-0.390248,0.432989,-0.014141,0.120822,13.6682,0.173015,0.19327767124094497,21.0,27.0,0.076372,0.163232,1.897103958914976e-05,0.0015696573360931398,6.563500988565138e-05,0.0875952897089366,0.0
0.182743,0.181653,0.032998,-0.486751,0.403585,0.002985,0.146138,13.7994,0.174676,0.40358495586667437,16.0,34.0,-0.030799,-0.255276,0.0006278226865081045,0.0029922369946955556,0.00013928989727441868,0.09529469813877815,0.0,0.125983,0.125193,0.015673,-0.390248,0.342508,0.008311,0.102437,11.2962,0.14299,0.11026730947882116,21.0,28.0,-0.215708,0.233047,0.0004201897226106911,0.0007940916044422149,6.441793472760519e-05,0.07625415773069527,0.0
0.18352,0.182377,0.033261,-0.486751,0.451247,0.004261,0.146036,13.9428,0.176491,0.1522672583111349,17.0,31.0,-0.063841,-0.108055,0.0005511895770879121,0.0032019518418050287,9.736426183813845e-05,0.09777628781927802,0.0,0.129273,0.12851,0.016515,-0.390248,0.342508,0.00664,0.104194,11.8946,0.150564,0.17561910171981385,21.0,25.0,-0.251659,0.24888,0.0003604809212476829,0.0008785527991705419,6.451412162140641e-05,0.07636478681531665,0.0
0.192145,0.19094,0.036458,-0.486751,0.451247,0.013751,0.158155,15.5466,0.196793,0.19465463926129983,17.0,32.0,-0.076392,-0.463703,0.0004868261088511067,0.003370382926205802,8.831623306649713e-05,0.11480830612796725,0.0,0.135777,0.134928,0.018206,-0.390248,0.342508,2.1e-05,0.110767,12.9557,0.163996,0.3425076605014524,19.0,28.0,-0.202865,-0.120337,0.0005388646900287035,0.000955923877752387,7.176684105212813e-05,0.08213126260525362,0.0
0.220298,0.218958,0.047942,-0.486751,0.684682,0.00653,0.173589,17.1436,0.217007,0.19634715160185034,17.0,35.0,0.438559,0.457381,0.005209426629144716,0.008023793747925747,0.002613043641686086,0.11957218009052153,0.0,0.125018,0.124293,0.015449,-0.291208,0.277813,0.013965,0.099928,11.9244,0.150942,0.14158426065077834,21.0,27.0,-0.300438,-0.339684,0.0003985334623180387,0.0006262477470603016,2.8624793033187708e-05,0.06821379442182111,0.0
0.22259,0.221214,0.048936,-0.521453,0.684682,-0.007259,0.173188,17.8826,0.226362,0.1749837227996074,17.0,32.0,0.462727,0.52617,0.004570083466926197,0.008383931442699846,0.002445880208554639,0.11465348539982863,0.0,0.124549,0.123768,0.015319,-0.291208,0.277813,0.000945,0.098874,12.5969,0.159455,0.10607633273460679,23.0,23.0,-0.167284,-0.417822,0.0003135646226973335,0.0006058287524131517,1.8193055490281952e-05,0.06453080175816772,0.0
0.219356,0.217981,0.047516,-0.521453,0.684682,-0.003673,0.167727,17.8595,0.22607,0.20052102811352152,17.0,36.0,0.483852,0.599676,0.005045882723759064,0.008132013394142875,0.0024461332298875405,0.10515313728180282,0.0,0.136614,0.135778,0.018436,-0.291208,0.318034,0.00544,0.107056,13.9681,0.176811,0.20407897659583585,24.0,25.0,0.056273,-0.36711,1.0477893293884796e-05,0.0008935938660050224,3.0581097343720755e-05,0.06601396266247524,0.0
0.236216,0.234744,0.055105,-0.521453,0.684682,-0.009012,0.181558,17.9955,0.227791,0.5490701397199569,17.0,37.0,0.468875,0.174604,0.005729647651375139,0.009590610785335204,0.0026559083829729973,0.11174155782660711,0.0,0.134001,0.133168,0.017734,-0.291208,0.318034,0.018491,0.10522,13.524,0.17119,0.2778125419071531,23.0,23.0,0.029699,-0.292914,0.00014359353631416912,0.0008517546993938252,3.713821044390538e-05,0.06641042694488199,0.0
0.210822,0.209687,0.043969,-0.521453,0.442923,-0.003673,0.168266,16.7844,0.212461,0.3494901122433483,16.0,35.0,0.01126,-0.44171,0.0010617097435261195,0.004945163383935533,0.0002856572085698109,0.10939651869758274,0.0,0.130316,0.129528,0.016777,-0.264425,0.318034,0.016004,0.105422,13.3928,0.169529,0.16696336016384727,22.0,26.0,0.229864,-0.372031,0.0003622303121190908,0.0007343838290474967,5.7588112201983766e-05,0.0740714292817721,0.0
0.201538,0.200438,0.040175,-0.434894,0.456264,0.018389,0.161115,14.3874,0.182119,0.361322216843844,15.0,36.0,0.073518,-0.384354,0.0015661199313709712,0.004242962838913041,0.0003796155445661202,0.11036426105236631,0.0,0.123867,0.1231,0.015154,-0.264425,0.318034,0.019356,0.096289,11.9261,0.150963,0.3180344761026753,21.0,26.0,0.184383,0.050837,0.0004131396103135188,0.0007026598797260533,5.769768050781993e-05,0.06637291576342408,0.0
0.192246,0.191059,0.036504,-0.434894,0.456264,0.014856,0.153381,13.6733,0.17308,0.3160015861827983,16.0,32.0,0.030547,-0.239641,0.0004987178846396335,0.0036805389893475593,0.0002344874667064832,0.10470856789656847,0.0,0.106443,0.105792,0.011192,-0.242372,0.254905,0.015629,0.08619,10.287,0.130215,0.14990796917076105,20.0,27.0,-0.004237,-0.408289,6.747538657598451e-05,0.000324702243707553,1.1315189303909302e-06,0.06321019086744431,0.0
0.161039,0.160089,0.025628,-0.434894,0.456264,0.017591,0.129492,11.7712,0.149003,0.2717131309103485,15.0,28.0,-0.091315,0.052355,4.0698121090174206e-05,0.0019982761896085964,3.16670645076663e-05,0.09288781084977148,0.0,0.102442,0.101822,0.010368,-0.242372,0.254905,0.011715,0.082305,9.897,0.125278,0.2549048706032582,21.0,23.0,-0.006025,-0.156796,7.226857050837087e-05,0.00030568382022661217,6.403443594207197e-07,0.059770614529381094,0.0
0.174192,0.173111,0.029968,-0.449096,0.49885,0.010805,0.135249,12.5764,0.159195,0.1718406589674761,13.0,30.0,0.234763,0.470708,0.001399639095124221,0.0031266257491196665,0.00042719883931224774,0.09241257413331792,0.0,0.113629,0.11296,0.01276,-0.425424,0.324947,0.00956,0.085466,10.0275,0.126931,0.13748739758866652,20.0,24.0,-0.405733,1.796321,0.0007037808320919468,0.0007877880131207428,0.0001393344249442274,0.049977755560293234,0.0
0.17493,0.174088,0.030307,-0.449096,0.49885,-0.008607,0.135256,13.7791,0.174419,0.1857460423850123,15.0,28.0,0.281463,0.453995,0.0006246620048637609,0.003114366109764701,0.00033420122092083545,0.08818093910301625,0.0,0.117975,0.117248,0.013747,-0.425424,0.324947,0.008658,0.089758,10.594,0.134101,0.17766860520998154,22.0,24.0,-0.127473,1.685509,0.00027583925775257823,0.0008867409408116931,9.538450675361946e-05,0.053472982846511107,0.0
0.189402,0.188307,0.03546,-0.449096,0.503376,-0.029718,0.148923,14.6732,0.185737,0.19398012757324903,12.0,30.0,0.43976,0.300214,0.0023052556547192376,0.004079731319781156,0.000734209107210893,0.10228029065060151,0.0,0.111914,0.111228,0.012372,-0.425424,0.324947,0.005162,0.083981,9.7986,0.124032,0.19520839198649567,21.0,27.0,-0.1249,2.440414,0.00010279693069368822,0.0008312197317028411,8.530663285088221e-05,0.05100165398075094,0.0
0.20592,0.204638,0.041877,-0.449096,0.571823,-0.031298,0.163283,16.0282,0.202888,0.3677691913759467,13.0,31.0,0.518289,0.248363,0.004191916224508477,0.005661261492870334,0.0014262834577005174,0.11421628172143711,0.0,0.108635,0.107998,0.011664,-0.425424,0.324947,-0.010588,0.079959,9.3708,0.118618,0.14449481236362863,21.0,28.0,-0.064584,2.909882,2.6752641154785365e-05,0.0008023304999656398,8.120340225559751e-05,0.048017683341017886,0.0
0.205891,0.204797,0.041942,-0.36413,0.571823,-0.021747,0.165213,14.3929,0.182189,0.2560098626067872,12.0,32.0,0.508437,0.05303,0.0054833109760165175,0.005526743998921057,0.0017080707337964098,0.1201346754604318,0.0,0.098336,0.098032,0.00961,-0.283986,0.322794,-0.008322,0.075897,8.922,0.112936,0.145873446662024,24.0,25.0,0.331855,0.859909,0.0005343344461562516,0.0003651690935975058,3.504179051043556e-05,0.05229733261862726,0.0
0.201303,0.20014,0.040056,-0.36413,0.571823,-0.008021,0.162647,14.6394,0.185309,0.1905696876830283,13.0,31.0,0.481892,0.072488,0.004612175023605729,0.005026497200862692,0.0015060173660975782,0.11511787880700586,0.0,0.095442,0.094843,0.008995,-0.283986,0.227798,-0.012458,0.074329,8.8145,0.111576,0.20365234644345231,22.0,24.0,0.150727,0.270586,0.00012639457035302964,0.0002645975901741692,3.980256536958285e-06,0.049531644567925595,0.0
0.18457,0.183465,0.03366,-0.36413,0.571823,0.001894,0.144073,13.4452,0.170193,0.5718227001923861,14.0,31.0,0.447537,0.475396,0.003204418039847406,0.003985373902896992,0.0011333564315463315,0.0958955115969541,0.0,0.09327,0.092712,0.008596,-0.283986,0.232206,-0.012458,0.071504,8.6122,0.109015,0.1542047162684204,24.0,22.0,0.235698,0.542319,0.00024557627997089045,0.0002633563714557347,2.60817050729492e-06,0.04606615923035259,0.0
0.192366,0.191183,0.036551,-0.42964,0.56713,0.001894,0.148232,13.9242,0.176255,0.4905346599785375,15.0,29.0,0.31326,0.36185,0.0025110730643835392,0.004516862929520307,0.0009747750031311741,0.0946840301577613,0.0,0.097688,0.097146,0.009437,-0.283986,0.232206,-0.0042,0.074899,9.4733,0.119915,0.09511599724301946,24.0,22.0,0.00725,0.410867,9.761265337936342e-05,0.00030357534125784343,9.814429521670258e-06,0.047863677431049245,0.0
0.170257,0.169443,0.028711,-0.42964,0.56713,-0.001186,0.131898,14.07,0.178101,0.14928555683666508,18.0,28.0,0.18238,0.753878,8.590640569079294e-05,0.0030579170315754747,0.0004326581067335048,0.08662404218305254,0.0,0.111232,0.110653,0.012244,-0.338205,0.262164,-0.010067,0.085524,10.7365,0.135905,0.2262321988308173,24.0,23.0,0.056313,0.441251,0.00011157904663672735,0.0005140610580113442,2.5512653632950756e-05,0.055955652488455916,0.0
0.176052,0.174957,0.03061,-0.42964,0.56713,-0.006314,0.137383,13.7374,0.173891,0.23195920014910884,18.0,31.0,0.158797,0.59089,0.0010075303721658092,0.0033702423519905572,0.0005184320579499078,0.09689081585303536,0.0,0.119518,0.118769,0.014106,-0.338205,0.310453,0.012425,0.090366,11.4632,0.145104,0.11379116611123186,25.0,26.0,-0.108374,0.450289,0.00020138554608274705,0.0006868903913507297,1.7625815354311318e-05,0.059636220211038746,0.0
0.192078,0.190876,0.036434,-0.42964,0.56713,-0.030501,0.151322,15.5588,0.196946,0.34076517205122664,18.0,32.0,0.263239,0.16573,0.0019315256536841605,0.004208948288086156,0.0006748641944304078,0.10694824822808398,0.0,0.121598,0.120836,0.014601,-0.338205,0.310453,0.012425,0.093571,11.3146,0.143222,0.1076265385955257,23.0,27.0,-0.144732,0.252352,0.00026283539298518216,0.0006935752444228689,2.3197644142640857e-05,0.06465682491710892,0.0
0.170916,0.169958,0.028886,-0.36971,0.407082,-0.030501,0.139022,13.961,0.176721,0.25099676990753256,18.0,30.0,0.169545,-0.295415,0.0002926395398607784,0.002236670326890764,0.00010804397609202659,0.10407447350162387,0.0,0.122289,0.121542,0.014772,-0.338205,0.310453,0.011857,0.093669,10.9912,0.139129,0.2492972113756349,21.0,32.0,-0.006672,0.358228,8.40521409357994e-05,0.0007326931927248564,1.795171428786008e-06,0.06501592934046055,0.0
0.177348,0.176236,0.031059,-0.36971,0.629944,-0.016594,0.136514,13.9923,0.177117,0.3735580195545566,19.0,30.0,0.644344,1.130899,0.0035329222235200458,0.003985871889712911,0.001368825414029775,0.09484217240897495,0.0,0.107614,0.106944,0.011437,-0.250796,0.310453,0.009977,0.082244,9.2873,0.117561,0.10818546656657496,20.0,34.0,0.143637,0.431472,0.0002106802765645936,0.0004495653470601399,3.404623084842991e-05,0.055740794237730165,0.0
0.166222,0.165228,0.0273,-0.3629,0.629944,-0.016594,0.125223,13.4431,0.170166,0.3665470029990002,19.0,31.0,0.769279,1.834659,0.0031407170448471454,0.0035464039170825636,0.0013256805386099872,0.08378140525421017,0.0,0.098516,0.097899,0.009584,-0.211477,0.275754,-0.012185,0.07472,9.0749,0.114872,0.18396518925728644,22.0,30.0,0.377562,0.377857,0.00034479333481337535,0.00030980741000119776,2.772227354386587e-05,0.049045131391243904,0.0
0.176232,0.175192,0.030692,-0.338894,0.629944,-0.020771,0.130046,13.313,0.168519,0.14634439265834448,19.0,32.0,0.910097,2.119072,0.0044493423749692035,0.004726004814159367,0.001963687252537239,0.08554021040234092,0.0,0.101826,0.101207,0.010243,-0.250612,0.275754,-0.012185,0.076798,9.9419,0.125847,0.09034856077411071,23.0,27.0,0.350743,0.500394,0.0003024560673703266,0.00036432187744074004,2.41499807046738e-05,0.04916573400090707,0.0
0.181035,0.179907,0.032367,-0.338894,0.629944,-0.020866,0.12822,13.7748,0.174364,0.16851977490579284,19.0,29.0,1.148836,2.41455,0.006846890775085451,0.00571541247101622,0.002612049461995349,0.0803443421955076,0.0,0.106483,0.105819,0.011198,-0.250612,0.26774,-0.011516,0.079327,10.5818,0.133947,0.11604051861856306,23.0,25.0,0.269235,0.385965,0.0002910456446521212,0.00042348486259780136,1.8504574684516728e-05,0.04847843035611885,0.0
0.171253,0.170184,0.028963,-0.338894,0.565751,-0.026917,0.124373,13.1268,0.166162,0.28860467032237674,19.0,32.0,0.880297,1.65942,0.004231143841771655,0.0038868363612032087,0.0014092187873483873,0.07795292522153295,0.0,0.101838,0.101201,0.010242,-0.250612,0.26774,-0.007887,0.074671,10.0276,0.126931,0.08308266273226564,22.0,22.0,0.229142,0.735458,0.00022113770783515826,0.00039130012126657574,1.4970771358234562e-05,0.045155777882726185,0.0
0.176934,0.175831,0.030916,-0.338894,0.565751,-0.030818,0.130686,13.2851,0.168166,0.42500128618006394,18.0,30.0,0.892651,1.2566,0.0049880695960913945,0.004096882708984074,0.0015275812071819852,0.08490222161676687,0.0,0.102865,0.102228,0.010451,-0.250612,0.26774,-0.001092,0.079635,10.4495,0.132272,0.10043745661288295,24.0,23.0,0.080066,0.214419,0.00012541001164302376,0.00035148720255844657,7.208182556657066e-06,0.05160640300072024,0.0
0.167693,0.166786,0.027818,-0.337584,0.548153,-0.017756,0.128133,13.3303,0.168738,0.19350613811860606,18.0,31.0,0.678041,0.469219,0.003715282950943594,0.002770255641735813,0.0008547317281444169,0.08274225320053406,0.0,0.110057,0.109372,0.011962,-0.347053,0.26774,0.003674,0.083028,10.6183,0.134409,0.13593911468277067,23.0,23.0,-0.130427,0.719842,0.00013356810065172372,0.0005315615847876067,3.7921611731413156e-05,0.05312493227111039,0.0
0.162885,0.161864,0.0262,-0.337584,0.384069,-0.01614,0.127271,12.6167,0.159705,0.1304810381133341,16.0,36.0,0.466581,-0.244752,0.0019529008269660655,0.0018886955736557944,0.00029718208072395633,0.07986464921644476,0.0,0.106033,0.105373,0.011103,-0.347053,0.291812,0.005604,0.080392,9.9037,0.125364,0.16586005463580294,22.0,23.0,-0.017861,0.947956,5.321219562397853e-05,0.0004867949445880197,2.39774783661914e-05,0.05055648319832205,0.0
0.173926,0.17285,0.029877,-0.444638,0.491383,-0.00612,0.134894,13.5451,0.171457,0.219589520408395,14.0,37.0,0.374672,0.283937,0.002135347971498499,0.0029486760643978533,0.0004134903469691049,0.0882577947043206,0.0,0.1075,0.106836,0.011414,-0.347053,0.291812,0.002791,0.084174,10.7292,0.135813,0.16590746982905466,25.0,24.0,-0.057074,0.714854,2.0008625074144272e-05,0.0004835265382478764,2.3278020494864245e-05,0.057491694204303466,0.0
0.170007,0.168948,0.028543,-0.444638,0.491383,-0.002855,0.131273,13.0674,0.16541,0.13822713014681565,14.0,38.0,0.230208,0.400489,0.000981709228621609,0.002763763884807557,0.0002557786944386546,0.0841485871090462,0.0,0.107418,0.106746,0.011395,-0.347053,0.291812,0.002791,0.083416,9.9817,0.126351,0.09185955041125077,22.0,27.0,-0.084929,0.823504,8.475333563163993e-05,0.000496207646400244,2.792131879851543e-05,0.0576338776978615,0.0
0.159151,0.15822,0.025033,-0.444638,0.491383,-0.002855,0.121606,12.1584,0.153904,0.17659577698121093,15.0,37.0,0.084189,0.851563,9.75069258664918e-06,0.0024066920885018267,0.00011471474545690493,0.07888804784734503,0.0,0.101108,0.100474,0.010095,-0.220423,0.291812,-0.011325,0.081102,9.4838,0.120048,0.29181165483965266,22.0,29.0,0.298007,0.120545,0.000305697121787212,0.00031814945385104615,3.249925444193818e-05,0.0577613712202514,0.0
0.163661,0.162698,0.026471,-0.444638,0.491383,0.009822,0.128008,13.2977,0.168326,0.21005182192571187,15.0,32.0,-0.040897,0.438394,0.00018311818532998486,0.0024055983007394786,9.721478066457385e-05,0.08388928321171486,0.0,0.111285,0.110599,0.012232,-0.225486,0.279124,-0.011325,0.090665,10.9285,0.138335,0.11063972454350549,21.0,25.0,0.03815,-0.307716,0.00010939320060517391,0.00040317412950652824,1.612415257771037e-05,0.0679220975454397,0.0
0.170582,0.169563,0.028752,-0.36664,0.555137,0.01533,0.133733,13.7132,0.173585,0.1338360067370068,15.0,28.0,0.254122,0.29882,0.0015941797609214368,0.0027471733608951682,0.0006017934561740572,0.08654116875209485,0.0,0.110967,0.110275,0.012161,-0.225486,0.279124,-0.007081,0.089611,10.6515,0.134829,0.12109854024873913,19.0,23.0,0.082961,-0.242112,0.00014490986460642975,0.00040824678846260176,1.8729359407757922e-05,0.06629351431537404,0.0
0.178988,0.177867,0.031637,-0.36664,0.555137,-0.013061,0.138635,14.3359,0.181467,0.3400315486089799,17.0,30.0,0.520146,0.456783,0.002865133836627746,0.0034521957038850014,0.0009523624278391894,0.0873618255755551,0.0,0.109651,0.108966,0.011874,-0.225486,0.279124,-0.002672,0.086467,10.7897,0.136578,0.10635793765231658,20.0,25.0,0.193936,-0.143289,0.0002736184632094593,0.0004033807758270202,2.821586756168997e-05,0.05630352364889406,0.0
0.191045,0.189951,0.036081,-0.314047,0.555137,-0.011932,0.151186,15.0276,0.190223,0.27482644841718507,15.0,30.0,0.596444,-0.006454,0.004758595395751413,0.003999434495500618,0.0012463063597772598,0.09916825255817922,0.0,0.110669,0.109986,0.012097,-0.292898,0.279124,-0.002672,0.085892,11.2697,0.142655,0.09308227141695656,22.0,22.0,-0.014787,0.049277,7.696726856706104e-05,0.0004463416136688809,5.908504557623041e-06,0.05461270866981572,0.0
0.191768,0.190649,0.036347,-0.327896,0.555137,-0.036858,0.151501,14.3397,0.181515,0.31346799547660537,16.0,35.0,0.622148,0.153329,0.0036911655785173427,0.004068416636398639,0.001145317584016549,0.10479117870003223,0.0,0.10306,0.102415,0.010489,-0.292898,0.220172,0.00341,0.078642,10.0838,0.127643,0.1232005144621551,22.0,25.0,-0.027164,0.156493,1.2433584461772661e-05,0.00034719893136255154,9.203848564713757e-06,0.046564813096408385,0.0
0.197877,0.196637,0.038666,-0.370736,0.557058,-0.031342,0.153843,15.0269,0.190214,0.48948683040726965,16.0,37.0,0.528982,0.171741,0.003956800750651851,0.0047329148421477825,0.00123539206520227,0.09802108337414968,0.0,0.112447,0.111833,0.012507,-0.292898,0.220172,0.000894,0.086552,10.4927,0.132819,0.0920453146310298,21.0,27.0,-0.141302,-0.154764,0.000366190014589665,0.00044866641006682795,2.9329532712605903e-05,0.050170241702657305,0.0
0.196117,0.194959,0.038009,-0.370736,0.557058,-0.015982,0.15367,14.9868,0.189706,0.3193797911422136,16.0,37.0,0.454246,0.021837,0.003964109473475945,0.004436582989147004,0.0010982174541270483,0.10126585502697935,0.0,0.109482,0.108836,0.011845,-0.292898,0.219037,-0.001309,0.085374,10.0216,0.126855,0.20010145405076463,20.0,26.0,-0.212894,-0.098441,0.00038001626027632166,0.0004104154387994085,3.2642881348825095e-05,0.05309836746788115,0.0
0.192417,0.191261,0.036581,-0.430656,0.557058,-0.002263,0.148817,14.5373,0.184017,0.2603207626826499,18.0,34.0,0.158905,0.314577,0.0006247286799425152,0.004415308727781406,0.0005268225352373253,0.09772728471302444,0.0,0.107106,0.106468,0.011335,-0.23232,0.219037,0.005493,0.085327,9.6335,0.121943,0.09812741105856163,19.0,27.0,-0.308313,-0.42522,0.00028066087597550585,0.00032692405745309727,1.861481422731014e-05,0.05191130299104311,0.0
0.18752,0.186386,0.03474,-0.430656,0.557058,0.004261,0.142213,15.108,0.191241,0.4502129757855414,20.0,30.0,0.185158,0.605208,0.0016099902322395832,0.004369213697824286,0.0006615011441203374,0.08967189820856604,0.0,0.106711,0.106047,0.011246,-0.394486,0.193714,0.00157,0.081067,9.3615,0.1185,0.15952072843865533,19.0,29.0,-0.878115,1.251684,0.001079925659097643,0.0005417633568120835,0.00014190446932730444,0.04852526997989537,0.0
0.185166,0.184046,0.033873,-0.430656,0.447702,-0.001985,0.146573,15.8069,0.200088,0.14702241637905522,21.0,31.0,-0.089307,-0.035304,0.000950387798350867,0.0034102880298940265,8.441297434169462e-05,0.09973931003624442,0.0,0.100799,0.100181,0.010036,-0.394486,0.167282,0.005145,0.075229,8.9362,0.113116,0.08772845210096063,20.0,30.0,-1.025554,1.892605,0.0009805183237887993,0.00048583903795806384,0.0001356047201585504,0.04350892660746814,0.0
0.196941,0.195778,0.038329,-0.430656,0.497703,0.012005,0.155736,17.5149,0.221707,0.1973984532390496,21.0,29.0,-0.063026,-0.061594,0.0010806085537404513,0.004326946631136193,3.830034079804386e-05,0.10635841744617576,0.0,0.107749,0.107139,0.011479,-0.394486,0.202833,0.017866,0.081999,9.5369,0.120721,0.09198934536030258,21.0,29.0,-0.927198,1.308139,0.0010090073321675716,0.0005501324028762166,0.00013735731382756366,0.05012932632439818,0.0
0.211758,0.210436,0.044283,-0.468289,0.497703,0.013959,0.173736,18.8192,0.238218,0.3765633156387257,19.0,35.0,-0.054628,-0.462918,0.0003093898010826454,0.004972249718738101,6.82926900906136e-05,0.12425057684973771,0.0,0.10588,0.105236,0.011075,-0.394486,0.202833,0.008141,0.081591,9.0416,0.11445,0.11056986776441338,22.0,32.0,-0.759886,1.237837,0.0009539077406580602,0.000526983930592062,0.00013138679745526398,0.05375119218779874,0.0
0.25993,0.258374,0.066757,-0.619183,0.680704,0.004171,0.211607,21.7817,0.275717,0.4477020765362787,18.0,37.0,0.1471,-0.281342,0.0013004878927522564,0.012054660044882606,0.0013270002967000181,0.14890699479976027,0.0,0.109534,0.108857,0.01185,-0.234757,0.217833,0.010498,0.088204,10.4531,0.132318,0.11613322940110347,21.0,31.0,-0.254171,-0.503209,0.00038138967201731776,0.00035260447923706655,2.096243158869261e-05,0.05737706774931081,0.0
0.320689,0.318814,0.101642,-0.650763,1.054311,-0.010303,0.246834,23.106,0.292481,0.49770261364712076,17.0,38.0,0.638148,0.899192,0.023488913449092503,0.041036167951644845,0.025473926199615027,0.16669398484694226,0.0,0.112776,0.112069,0.01256,-0.341077,0.217833,0.009739,0.089276,10.6455,0.134754,0.20283258678062108,21.0,33.0,-0.469264,0.064405,0.000647242099752459,0.00048245578320616644,6.841088196504504e-05,0.05715543425121504,0.0
0.35881,0.356564,0.127138,-0.961129,1.054311,-0.014709,0.284909,25.4489,0.322138,0.3207106865428133,17.0,43.0,0.310707,0.384695,0.014731340519179964,0.05480556860201519,0.016126498256179476,0.19571957620575375,0.0,0.111835,0.111172,0.012359,-0.341077,0.217833,0.004592,0.085089,10.7452,0.136015,0.11140901573915289,22.0,35.0,-0.501426,0.246795,0.0007974927724058924,0.0005040195864725346,7.908917002451988e-05,0.04823144019682534,0.0
0.355988,0.353788,0.125166,-0.961129,1.054311,-0.005418,0.278404,25.5159,0.322986,0.6807040822393006,16.0,37.0,0.305441,0.466133,0.015285051604035541,0.05455340279536639,0.016208473696523642,0.17761755500734813,0.0,0.114273,0.1136,0.012905,-0.341077,0.326718,0.007549,0.085084,10.7792,0.136446,0.199741435503905,22.0,33.0,-0.353558,0.762494,0.0003950051840864111,0.0006198434664043166,3.4328079358483984e-05,0.04719371687334023,0.0
0.37855,0.37618,0.141511,-1.004423,1.054311,-0.008849,0.295173,26.6333,0.337131,1.0543107377342693,17.0,39.0,0.10094,0.449521,0.00598826275520596,0.06910884745402408,0.0053639719840374205,0.18111356619428542,0.0,0.117772,0.117064,0.013704,-0.341077,0.326718,0.011562,0.088621,11.3059,0.143113,0.11653784730773985,22.0,30.0,-0.382371,0.741195,0.0005028372213472302,0.0006958894241868744,4.558353631100745e-05,0.05116800638787604,0.0
0.359993,0.357769,0.127999,-1.004423,0.754222,0.005683,0.290509,28.1486,0.356311,0.5876033048209524,17.0,37.0,-0.287446,-0.097144,0.015013126006343382,0.04781401194280667,0.018523238142251548,0.1825568309654542,0.0,0.135096,0.134249,0.018023,-0.57829,0.326718,0.011562,0.097853,12.6593,0.160244,0.12578133708176667,22.0,29.0,-0.925875,3.208519,0.0022294558360922657,0.002014871616929229,0.0007871091153330548,0.05627008436904205,0.0
0.314501,0.31255,0.097687,-1.004423,0.754222,0.016452,0.240737,24.2826,0.307374,0.3260954296798043,17.0,35.0,-0.279583,0.471124,0.007476674261361872,0.03299988028149246,0.009546429991400044,0.13629631507777032,0.0,0.151131,0.150186,0.022556,-0.57829,0.474275,0.006315,0.11168,14.6149,0.184999,0.11443330582361175,23.0,24.0,-0.367929,2.422933,0.0011867382227349497,0.0027545066422901754,0.0005173712994736798,0.0666367125712206,0.0
0.351375,0.349215,0.121951,-1.004423,0.900087,0.018563,0.273097,27.7568,0.351352,0.35987138090151416,20.0,36.0,-0.028024,0.08255,0.0008196592064427383,0.04581715111303393,0.0019324852321273094,0.16139225278035638,0.0,0.149116,0.148194,0.021961,-0.57829,0.474275,0.009163,0.111316,14.6559,0.185517,0.1823637489599616,24.0,22.0,-0.450534,2.438448,0.0015948350912195013,0.002634061307204573,0.0005640365381483616,0.06709619894629149,0.0
0.328094,0.326045,0.106305,-0.643281,0.900087,0.026715,0.259709,26.9506,0.341147,0.6728467091502967,20.0,34.0,0.2174,-0.125355,0.00681456624854272,0.03241804861661955,0.009163034754338266,0.172086662572862,0.0,0.15196,0.151014,0.022805,-0.57829,0.474275,0.001102,0.112847,14.2014,0.179765,0.19653687919756685,22.0,23.0,-0.444465,2.340012,0.0014372628308488833,0.0027686690132877343,0.0005632379801024696,0.06696875116652248,0.0
0.33276,0.330695,0.109359,-0.561078,1.048427,0.013675,0.257196,25.5619,0.323569,0.27041734389618877,18.0,35.0,0.611899,0.622329,0.0233641443171038,0.043653622244083826,0.026233971600545174,0.17173785214511594,0.0,0.135594,0.134775,0.018164,-0.330086,0.474275,-0.004987,0.103849,12.3958,0.156909,0.47427513127885956,19.0,25.0,0.186117,1.07038,0.0006122199350566754,0.0013479044204889336,0.0002219876617258356,0.06215106409009278,0.0
0.349081,0.346923,0.120355,-0.701261,1.048427,-0.050126,0.279533,27.9214,0.353436,0.3062930468140968,19.0,33.0,0.524916,0.291008,0.020249603900164236,0.04726663544355169,0.024315419103339685,0.19906458256673235,0.0,0.127707,0.12696,0.016119,-0.3663,0.312514,-4.1e-05,0.101417,11.6126,0.146995,0.11784314656589441,19.0,25.0,-0.369031,0.115177,0.0009325598544028231,0.0008204592536302706,0.00011819604756671365,0.06269953676767105,0.0
0.335784,0.333718,0.111367,-0.746514,1.048427,-0.022298,0.261278,25.7564,0.32603,0.7751696302459493,19.0,35.0,0.435238,0.498607,0.014475763594457592,0.04306123470122174,0.01726725551293331,0.1693753835557474,0.0,0.167076,0.166029,0.027566,-0.719597,0.355313,-4.1e-05,0.122945,14.8692,0.188218,0.3125144965444887,19.0,24.0,-1.043925,3.304172,0.004754633098038098,0.004784972951780226,0.002466520184954559,0.07251702634029941,0.0
0.327529,0.325496,0.105948,-0.746514,1.048427,0.009309,0.249394,25.5253,0.323105,0.5604623680086489,18.0,33.0,0.411135,0.59218,0.015355374449150286,0.04053084365586942,0.01632826131567949,0.15146296624182115,0.0,0.157415,0.156434,0.024472,-0.719597,0.355313,0.017146,0.115618,13.9911,0.177103,0.15620991520900196,19.0,22.0,-1.219517,4.431937,0.004766599408109359,0.0044753674321758585,0.0024519341460603116,0.07652139503673153,0.0
0.276415,0.274826,0.075529,-0.746514,0.712508,0.013081,0.208245,21.3059,0.269695,0.297044854816261,20.0,33.0,-0.031019,0.614767,0.002658410203168313,0.020636620088114545,0.001082118521061854,0.1280358599678517,0.0,0.187129,0.185999,0.034596,-0.719597,0.390252,0.02683,0.136405,17.1242,0.216763,0.17044006488203964,23.0,18.0,-0.937849,2.831086,0.006447255121908811,0.007072680079520516,0.003415685580924146,0.09129141823984538,0.0
0.262532,0.260893,0.068065,-0.746514,0.712508,0.015908,0.195111,21.763,0.275481,0.5991249609508821,20.0,30.0,0.09542,0.793401,0.0020771570663073438,0.01758654151918081,0.001175889948089387,0.12143509086163756,0.0,0.183769,0.182771,0.033405,-0.719597,0.390252,0.028793,0.131113,16.1813,0.204827,0.18817808245120757,22.0,21.0,-1.027906,3.418554,0.005509515636843982,0.0069619540817666805,0.0033098388692142876,0.08775056631171647,0.0
