0.078199,0.077902,0.006069,-0.14019,0.193493,0.004133,0.062644,7.0536,0.089287,0.1904099684986507,20.0,34.0,0.30099,-0.316558,0.00024092237678535736,0.00010204934130569716,9.532691539542562e-06,0.04233557879086658,0.0,0.064572,0.064249,0.004128,-0.13859,0.129431,0.002991,0.051723,6.1927,0.078388,0.12943147747096928,21.0,34.0,-0.182644,-0.551753,8.287819973919946e-06,4.1140895817611906e-05,5.966492346535335e-07,0.032388875102015095,0.0
0.067248,0.066833,0.004467,-0.120521,0.184145,-0.004251,0.054119,6.041,0.076469,0.07673553077109421,19.0,33.0,0.239499,-0.225116,8.39755199218785e-05,5.562871223681559e-05,3.489680655313461e-06,0.03742417726945308,0.0,0.064566,0.06417,0.004118,-0.160409,0.10957,0.004911,0.051896,6.406,0.081088,0.07169157535994675,21.0,37.0,-0.413947,-0.484175,0.00012219721945821543,4.3117469149237e-05,2.8959488919222394e-06,0.03452229274935358,0.0
0.070719,0.070276,0.004939,-0.144317,0.165163,-0.011731,0.058407,6.2066,0.078564,0.08630387698428686,17.0,28.0,0.147314,-0.594265,5.224412720137377e-05,5.869377904354188e-05,1.5268778323383304e-06,0.043501777438298035,0.0,0.066545,0.066128,0.004373,-0.160409,0.128749,0.00674,0.054282,6.401,0.081026,0.07156955959013814,20.0,39.0,-0.345401,-0.580466,0.00010311995913003162,4.6367559688477745e-05,2.534313549283808e-06,0.03786897026280362,0.0
0.071068,0.070653,0.004992,-0.1946,0.144241,-0.001797,0.057622,6.1232,0.077508,0.06178245877656893,17.0,29.0,-0.314395,-0.282841,7.962598488675171e-05,6.679900759049462e-05,3.684582285416296e-06,0.039600221454081805,0.0,0.062844,0.062451,0.0039,-0.160409,0.128749,0.003934,0.050647,5.8404,0.073929,0.10578280719686171,19.0,39.0,-0.291609,-0.347527,6.731319304330939e-05,4.025621976767878e-05,1.9609431988644072e-06,0.03490732835405382,0.0
0.073274,0.072815,0.005302,-0.1946,0.145967,-0.010251,0.06071,5.868,0.074279,0.09816741031142337,17.0,33.0,-0.197093,-0.473727,7.328475296012441e-05,7.096203776467353e-05,3.3339689817442377e-06,0.04373000628570353,0.0,0.063957,0.063578,0.004042,-0.161954,0.131557,0.005116,0.051802,5.7411,0.072672,0.10957013884079095,19.0,38.0,-0.226134,-0.19281,3.7946851663239056e-05,4.548508080961623e-05,1.6107329852553557e-06,0.036512134195404305,0.0
0.083761,0.083238,0.006929,-0.1946,0.191295,-0.010251,0.069131,6.6535,0.084222,0.11778722927477056,17.0,39.0,0.026317,-0.457441,2.819916695192534e-05,0.00012209847691456758,1.8355257732342866e-07,0.04938420389605926,0.0,0.064133,0.063733,0.004062,-0.161954,0.131557,0.004691,0.05201,5.9095,0.074804,0.0704029564667742,20.0,38.0,-0.245235,-0.171557,5.7405236115048456e-05,4.654028222588628e-05,1.9362223198133858e-06,0.0381420210117165,0.0
0.098966,0.098481,0.009698,-0.324371,0.191295,-0.009033,0.079057,7.2987,0.092388,0.07972122682578005,16.0,41.0,-0.428937,0.291798,0.000557787303040901,0.00031789477251198156,5.221925242616491e-05,0.053817384400856115,0.0,0.064472,0.064078,0.004106,-0.161954,0.131557,0.00057,0.051914,5.831,0.073809,0.07347188399419183,18.0,37.0,-0.279916,-0.084498,8.73105630947516e-05,4.9480040538486414e-05,2.827067553921564e-06,0.0379136619094564,0.0
0.109975,0.109294,0.011945,-0.324371,0.191295,-0.005715,0.090335,7.7515,0.09812,0.1459673326622118,14.0,36.0,-0.47383,0.096797,0.0005711479911514022,0.0004385996453838099,7.371629981521665e-05,0.0685180101775867,0.0,0.073692,0.073233,0.005363,-0.161954,0.167945,0.005094,0.059666,6.6309,0.083935,0.08349394380902839,19.0,35.0,-0.193156,-0.421616,6.409039077385334e-05,7.394215871052391e-05,1.7793447842915526e-06,0.04192972753922722,0.0
0.127188,0.126428,0.015984,-0.324371,0.320521,-0.005715,0.103015,8.9392,0.113155,0.17877842890386628,14.0,36.0,-0.230676,-0.015786,0.000318908177418934,0.0007567235257882021,5.202769970595435e-05,0.07627951845871268,0.0,0.085243,0.084709,0.007176,-0.218942,0.184857,-0.002517,0.068315,7.8965,0.099956,0.1114208550750063,20.0,31.0,-0.109994,-0.320349,6.417875764529415e-05,0.0001379390052282869,3.3823645195416303e-06,0.046908699075098786,0.0
0.12807,0.127279,0.0162,-0.324371,0.320521,0.012386,0.103819,8.8689,0.112264,0.1399833107564394,15.0,31.0,-0.323052,0.006503,0.0007508570751800535,0.0007936736503974964,7.628064262217715e-05,0.07919961572947429,0.0,0.090812,0.090249,0.008145,-0.219185,0.184857,-0.002517,0.07357,8.2656,0.104628,0.08594232828976818,21.0,29.0,-0.110761,-0.400216,5.464089586285025e-05,0.00017212032996159426,6.180086733662523e-06,0.051058641173272336,0.0
0.126989,0.126288,0.015949,-0.422609,0.320521,0.012386,0.099458,9.0086,0.114033,0.17134425616246388,17.0,32.0,-0.601873,1.061298,0.0009760130266200049,0.0010085763588597377,0.00018895020234102204,0.0735414393145905,0.0,0.099099,0.098492,0.009701,-0.234034,0.184857,0.004024,0.080643,9.1323,0.115599,0.13170397643307935,21.0,28.0,-0.19405,-0.498599,0.00013810082943558363,0.00023420731856893333,1.2070224970805197e-05,0.05504586408899082,0.0
0.118361,0.117676,0.013848,-0.422609,0.320521,-0.008377,0.089254,8.8966,0.112615,0.15349716578686037,18.0,34.0,-0.472066,1.555718,0.0009206379443804823,0.0008843001776026062,0.00016468957387444008,0.06039093782280533,0.0,0.09859,0.097977,0.009599,-0.234034,0.184857,-0.009578,0.080311,9.1231,0.115482,0.18485700088179474,21.0,29.0,-0.106226,-0.468895,7.196689637854143e-05,0.00023285980150859325,1.0446722507208131e-05,0.05777994282888935,0.0
0.203116,0.202171,0.040873,-1.125847,0.517985,-0.0071,0.12172,12.9274,0.163637,0.17168660878768421,20.0,30.0,-1.934833,10.683324,0.017320843862482838,0.0234774617664987,0.022449874818788264,0.05836721579961302,0.0,0.135338,0.134569,0.018109,-0.640084,0.301706,-0.002968,0.098626,11.1081,0.140609,0.14093106545664594,20.0,29.0,-1.218582,4.757685,0.003214243866173209,0.0025948915914932816,0.0013330683579520857,0.06635513568809812,0.0
0.266225,0.264585,0.070005,-1.125847,0.648457,-0.004595,0.178192,19.7483,0.249978,0.20995608650105585,20.0,32.0,-0.749159,3.373057,0.013035718819014854,0.031004454514984858,0.020675446093484734,0.08108403775052883,0.0,0.20206,0.200793,0.040318,-0.748765,0.513181,0.022036,0.142277,17.5045,0.221576,0.18027017489507396,21.0,26.0,-0.908232,2.729493,0.007363661373401395,0.00931618677903219,0.004109701469155881,0.08831186623372078,0.0
0.552968,0.549502,0.301952,-2.631237,1.846369,-3.1e-05,0.333003,34.0591,0.431127,0.5179849437524945,20.0,28.0,-1.14125,7.431147,0.19013589469755093,0.9517063588189523,1.460164065179135,0.13286990035739332,1.0,0.296557,0.294745,0.086874,-1.170696,0.669044,0.036896,0.208548,26.4882,0.335293,0.26142051475240935,22.0,26.0,-1.122003,2.72696,0.027346302904098452,0.04260545682485596,0.03262425484784077,0.12703846707764344,0.0
1.003835,0.99768,0.995365,-3.782289,2.540087,0.024177,0.647833,66.0368,0.835909,0.6484566640555465,19.0,32.0,-0.801518,3.293069,0.845198035315873,6.285906986219993,12.540214144349537,0.2924628971170119,1.0,0.439452,0.436729,0.190732,-1.833077,0.931881,0.072939,0.309774,38.2701,0.484432,0.3148598186582805,23.0,26.0,-1.192313,3.242061,0.09627134432305565,0.22494405267777368,0.2886550201296447,0.17964424690936986,1.0
1.199383,1.191912,1.420655,-3.782289,2.540087,0.184064,0.856104,86.9047,1.10006,0.8906570592741965,18.0,34.0,-0.628238,1.104005,1.017515653308894,8.236513209450132,14.32144950686472,0.5156959435163495,1.0,0.518828,0.515589,0.265832,-1.833077,0.931881,0.097905,0.383803,45.8249,0.580062,0.5131808924198618,23.0,27.0,-0.994684,1.432912,0.13328224905549194,0.3111713157931029,0.371736785617493,0.2208966503686164,1.0
1.284934,1.276995,1.630717,-3.782289,2.540087,0.213823,0.998225,100.2537,1.269035,1.8463688947670898,18.0,33.0,-0.468567,0.222331,1.060023967834785,8.636163976068953,14.428451181742972,0.6946061019186472,2.0,0.561803,0.558319,0.31172,-1.833077,1.26444,0.114688,0.424498,48.7363,0.616915,0.4687003326178133,21.0,27.0,-0.781767,0.81901,0.1299578408697057,0.36753457973559256,0.3544069662303428,0.25525698787986467,1.0
1.415956,1.407203,1.980221,-3.782289,2.540087,0.278386,1.151947,114.8902,1.454306,2.115142329653561,17.0,36.0,-0.462197,-0.272063,1.398865802822284,10.793844334145986,19.135145367475594,0.8658853601100868,2.0,0.53804,0.534819,0.286032,-1.833077,1.26444,0.004605,0.401802,41.926,0.530708,0.9318808060547646,19.0,29.0,-0.659965,1.077424,0.11183474222279541,0.3386470148897562,0.32610001016320234,0.24198990531892228,1.0
1.322596,1.315307,1.730033,-3.336118,2.812146,0.318602,1.085193,109.4851,1.385887,1.827779015971526,16.0,36.0,-0.397771,-0.376346,0.6368203084225811,7.670550636546727,7.325913543906731,0.8013909169469019,2.0,0.488538,0.485581,0.235789,-1.347096,1.26444,-0.015747,0.375883,38.5241,0.487647,0.7647828302663264,18.0,29.0,-0.187165,0.58898,0.028604987376543507,0.20037682155893713,0.036588166866692994,0.2604443528209611,1.0
1.397864,1.389471,1.930629,-3.336118,2.924205,0.254677,1.136862,117.7173,1.490093,1.3261931505018016,17.0,36.0,-0.292274,-0.441854,0.9691986477482049,9.637361370824303,9.272936312580267,0.8036418421624988,2.0,0.454139,0.451446,0.203804,-1.075092,1.26444,-0.047141,0.350896,36.2006,0.458236,1.2644401747962637,16.0,34.0,0.313756,0.538309,0.02162302212321346,0.14557438753386703,0.06654613120632415,0.24043033989901128,1.0
1.541835,1.532903,2.349793,-3.336118,3.600096,0.273695,1.249365,125.6785,1.590868,1.6326595295766613,16.0,36.0,-0.157054,-0.467277,0.23036444541435536,13.882141189652865,0.9136035736471844,0.8458586302567642,2.0,0.456547,0.453806,0.20594,-1.122387,1.259851,-0.065014,0.356013,37.2901,0.472026,0.4016215346206752,17.0,37.0,0.387931,0.429597,0.029764597246659363,0.14391761231847439,0.06587809353179323,0.23552551215584086,1.0
1.632155,1.622433,2.632288,-4.216249,4.426387,0.083007,1.279469,125.0021,1.582305,2.81214647438863,15.0,36.0,-0.006372,0.062738,0.29423038597840173,21.216542763837815,8.23587602047319,0.8373232489340404,2.0,0.481232,0.478222,0.228696,-1.122387,1.259851,-0.038884,0.384794,43.0004,0.544309,1.2598509258902693,20.0,32.0,0.206054,0.057533,0.020751361564064395,0.15968065112870458,0.055251642119701114,0.26516662411721675,1.0
1.752418,1.741444,3.032627,-4.216249,4.426387,-0.087498,1.402287,129.3299,1.637087,1.6446182056443113,14.0,35.0,-0.020837,-0.346805,0.04966093403365228,24.398138196092592,3.0167600553581195,0.930741195165206,2.0,0.454564,0.451715,0.204046,-1.122387,1.244312,-0.00319,0.360833,42.2997,0.535439,1.1095828972199389,19.0,30.0,-0.006333,0.052993,0.0010579164182647719,0.12711249406688485,0.015105653856580132,0.2267880652941062,1.0
1.673299,1.662935,2.765352,-4.216249,4.426387,-0.050629,1.342924,116.1271,1.469964,3.600095805319561,13.0,32.0,-0.025386,-0.145844,0.05348207348173926,21.816986481167596,4.255026474543774,0.9191121977593254,2.0,0.436596,0.434058,0.188406,-1.128882,1.244312,0.052783,0.340747,40.3477,0.510731,0.45053877637649936,20.0,29.0,-0.291946,0.602261,0.0164223084366067,0.1265767855797951,0.01441447697482614,0.22508058872029266,1.0
1.523252,1.514408,2.293431,-4.216249,4.426387,-0.012296,1.171041,108.7421,1.376483,1.8258057839801092,14.0,31.0,-0.120509,0.337803,0.7358895090259558,17.630247849753943,4.3621974900742515,0.7433877317107721,2.0,0.381403,0.379021,0.143657,-1.128882,0.993146,0.038824,0.295334,35.8512,0.453813,0.5348235104642656,19.0,28.0,-0.506473,0.648359,0.026462226899832242,0.07500617507249936,0.030862517428250736,0.19660838303725597,1.0
1.287634,1.27967,1.637555,-3.396996,2.647133,0.085253,0.979137,95.7583,1.21213,2.6471327825377022,16.0,30.0,-0.371382,-0.079645,0.8599846669236888,7.883170852413363,8.155747727382408,0.5874369350471285,2.0,0.380069,0.37789,0.142801,-1.175486,0.993146,0.043198,0.289425,34.1641,0.432456,0.45966645537699913,17.0,31.0,-0.624461,1.245129,0.028322125317987324,0.08483979519261417,0.045378750923741065,0.19061337591937857,1.0
1.042985,1.036821,1.074998,-2.55295,1.829423,0.076743,0.818201,90.0222,1.139522,1.3548854132152037,20.0,26.0,-0.473253,-0.342961,0.6168387283223771,3.1299051221798453,3.849062778058399,0.5289742385547075,1.0,0.389816,0.387628,0.150255,-1.175486,0.993146,0.041137,0.296987,34.0534,0.431056,0.31330613396736573,17.0,34.0,-0.553195,1.256446,0.025813999683920695,0.09421000205354857,0.04688887193423279,0.18301225044021502,1.0
1.243736,1.236114,1.527978,-4.763825,2.131237,0.076743,0.902862,105.8261,1.339571,1.7240018195646545,20.0,27.0,-1.026974,2.00669,2.0343484049616056,11.848098899956678,40.04233103492121,0.5485523628663401,2.0,0.351163,0.348962,0.121774,-1.175486,0.81783,0.0039,0.268646,32.2073,0.407687,0.4487883763634044,20.0,32.0,-0.520862,1.188265,0.022199526375540908,0.0621236235127429,0.036530307815161284,0.16071168323443485,1.0
1.342372,1.334014,1.779595,-4.763825,2.757751,0.180452,0.995702,109.331,1.383937,1.829423377760334,20.0,30.0,-0.807783,1.357681,1.8504907815661316,13.703661747602698,39.03016332273906,0.6219794266878255,2.0,0.367974,0.365677,0.133719,-1.175486,0.81783,0.013377,0.287277,33.0914,0.418878,0.34143054526997196,21.0,30.0,-0.38522,0.82033,0.01989200620662579,0.06850788147309483,0.03509287582758101,0.17909341534620335,1.0
1.447761,1.438691,2.069833,-4.763825,2.757751,0.119648,1.092389,119.3303,1.51051,1.2161034007233458,21.0,33.0,-0.708414,0.790279,2.138130192491959,16.277157736723087,43.775785905554905,0.7004453339393056,2.0,0.344957,0.3428,0.117512,-1.004871,0.81783,-0.006028,0.264556,31.5594,0.399486,0.2949485728816321,22.0,29.0,-0.292702,0.87798,0.012471990970962176,0.053641608843471376,0.01817678466539839,0.16099166944980295,1.0
1.519596,1.510956,2.282987,-4.922378,2.757751,0.119648,1.094625,117.1558,1.482985,1.3341435231202727,21.0,34.0,-0.906858,1.377192,3.477009992405189,23.443882517739315,79.0726993857131,0.6635605945134937,2.0,0.366316,0.364029,0.132517,-0.970031,0.778632,0.013377,0.286101,32.8723,0.416106,0.2889559341356178,23.0,29.0,-0.385573,0.243577,0.01963870640425154,0.057153746944099415,0.022728159607253336,0.19938722438950354,1.0
1.35067,1.342627,1.802648,-4.922378,3.55591,0.187471,0.969662,102.6723,1.299649,2.7577512754255853,19.0,33.0,-0.594293,1.956275,1.2543125568432505,15.903317613400077,34.064187092568034,0.6148410686335357,2.0,0.404814,0.40229,0.161837,-0.970031,0.778632,0.061197,0.3213,37.6586,0.476692,0.637562509887617,21.0,26.0,-0.426922,-0.165364,0.029449207913906837,0.07462288841157558,0.02954385697637706,0.2239209521483241,1.0
1.205031,1.197483,1.433965,-4.922378,3.55591,0.130311,0.820625,89.9589,1.13872,1.4362828073832539,17.0,33.0,-0.785791,3.648785,1.3325525939934675,13.650427924856709,34.66231205915237,0.4623614375834932,2.0,0.399973,0.397502,0.158007,-0.970031,0.785506,0.074703,0.320708,38.8941,0.49233,0.3209835229608184,22.0,28.0,-0.422773,-0.187986,0.023999536683115472,0.06963686373191351,0.024479659099110394,0.226550588140386,1.0
1.088747,1.081922,1.170555,-4.922378,3.55591,0.077575,0.738486,78.8153,0.997662,1.7708057110791846,18.0,32.0,-0.657804,5.140847,0.828112064867075,11.149847965190185,28.4149766655331,0.4191647090593304,1.0,0.389083,0.386657,0.149504,-0.928021,0.785506,0.055775,0.308276,36.6353,0.463738,0.5845163761990899,22.0,26.0,-0.332955,-0.278192,0.02069503119374157,0.061086103415476455,0.017838359398946204,0.20617392808479787,1.0
0.98199,0.977106,0.954736,-3.173941,3.55591,0.116945,0.705845,68.9368,0.872618,3.5559099113271175,14.0,36.0,-0.002362,2.387302,0.14032813161245167,4.89887637846668,3.0073203445386865,0.4215201761327429,1.0,0.342006,0.340104,0.115671,-0.84214,0.785506,-0.007084,0.268042,33.1215,0.419259,0.2873777358804277,23.0,25.0,-0.070484,0.056866,0.007222430428714645,0.041040216628847846,0.003856865739379021,0.1808149753790594,1.0
0.872544,0.867239,0.752103,-3.173941,2.380068,0.026405,0.638132,65.2053,0.825384,1.3797876804216849,15.0,36.0,-0.523008,1.898048,0.3790845740113884,2.7928682845666466,4.068659459894999,0.38124986042716796,1.0,0.336977,0.33488,0.112145,-0.954289,0.785506,-0.023038,0.265702,32.7941,0.415115,0.7855056463550439,24.0,28.0,0.016833,0.16972,0.0004613712923493475,0.03985532196359875,0.0037853739234965057,0.18693547106727174,1.0
1.00115,0.995061,0.990146,-3.173941,2.380068,0.097329,0.781262,74.4039,0.941821,1.4809575823522079,16.0,37.0,-0.619214,0.656463,0.5523997372726972,3.5371791512023742,5.223824299188832,0.5425677972725744,1.0,0.328395,0.326339,0.106497,-1.140071,0.710654,0.006046,0.24784,31.4728,0.398389,0.550076994283155,24.0,23.0,-0.601304,1.506756,0.021315919550152034,0.05122278834778934,0.03137917245356883,0.1694847749995461,1.0
0.943867,0.938081,0.879997,-3.173941,1.571417,0.128113,0.721212,69.8764,0.884511,0.9928452197010011,14.0,36.0,-0.970437,1.1266,0.842266246543042,3.2454844639424962,6.928501459170323,0.488840697290463,1.0,0.36255,0.360278,0.1298,-1.140071,0.710654,0.034367,0.281987,34.9978,0.44301,0.3068464102097792,23.0,29.0,-0.550026,0.764108,0.025511468477843302,0.06336231534029571,0.03661368715886635,0.1963811029970943,1.0
0.910761,0.905125,0.819251,-2.414275,2.007907,0.083376,0.710901,71.8951,0.910065,1.11165075286705,16.0,34.0,-0.660332,0.38445,0.5179675863040017,2.2941196823832826,3.139061080487957,0.4698092244377311,1.0,0.371727,0.369464,0.136503,-1.140071,0.710654,0.019871,0.291554,35.7391,0.452394,0.5096538949605638,22.0,28.0,-0.561953,0.540897,0.025437334186307177,0.0651714947148392,0.037383126006689485,0.2032123980227849,1.0
0.920319,0.914581,0.836459,-2.414275,2.007907,0.083376,0.703967,71.2213,0.901536,1.2623438764412427,16.0,32.0,-0.676657,0.381219,0.5369266051464672,2.381628902345418,3.1144719133706036,0.4417095767966308,1.0,0.357214,0.355009,0.126031,-1.140071,0.673198,0.043274,0.282857,33.812,0.428,0.2871841906275967,22.0,27.0,-0.630003,0.579123,0.026313772555332432,0.056290652325946565,0.03503055143933825,0.19865780174941455,1.0
0.841316,0.836445,0.69964,-2.458,2.007907,0.027098,0.616696,66.9299,0.847214,0.7251480421726191,18.0,32.0,-0.80576,1.228745,0.5253195681100628,2.1176959828674975,3.066567177974723,0.36727700919422374,1.0,0.33959,0.337507,0.113911,-0.93093,0.673198,-0.026816,0.271419,31.6026,0.400033,0.5241393822239093,21.0,30.0,-0.284284,-0.047301,0.012828504498313248,0.03855719207043843,0.013058347085943296,0.18908577529664625,1.0
0.827488,0.822365,0.676284,-2.458,2.007907,0.17386,0.621341,65.6347,0.830819,1.1015015531408234,17.0,33.0,-0.732861,0.954894,0.38646326930685104,1.7917812788396872,2.180361588156336,0.38074117403462826,1.0,0.299818,0.297938,0.088767,-0.844362,0.594145,-0.01579,0.241511,28.9769,0.366796,0.37694490428404237,22.0,30.0,-0.250403,-0.089201,0.00652531718140522,0.022926346342097982,0.00600277811438579,0.17337127405836966,0.0
0.773871,0.769065,0.591461,-2.458,1.517417,0.049141,0.594535,58.116,0.735646,0.6832526382173654,14.0,30.0,-0.72401,0.833021,0.3142720809238326,1.3296856116264522,1.8507024397647753,0.38347468248547867,1.0,0.35574,0.353513,0.124972,-1.148697,1.135659,0.020812,0.261831,34.0416,0.430906,0.31505845187880377,24.0,28.0,-0.305938,1.726842,0.01412275922361858,0.07390992269044064,0.013659486638688165,0.16786997550683727,1.0
0.94932,0.943578,0.89034,-3.850079,2.208071,0.178855,0.713681,69.7702,0.883167,1.3845301487169146,14.0,32.0,-1.083938,2.675345,0.8568187504509369,4.4244699448213645,11.672730185514116,0.47783251227869433,1.0,0.335212,0.333111,0.110963,-1.148697,1.135659,0.023713,0.236703,29.7723,0.376864,0.39186684161880914,20.0,33.0,-0.255906,2.427673,0.009653269018157065,0.06685151685966115,0.009122378493088551,0.14209419707730714,1.0
1.033087,1.026615,1.053939,-3.850079,2.208071,0.09304,0.77991,78.3599,0.991897,0.8506836815974946,14.0,34.0,-0.84771,1.728956,0.9072618551482738,5.241293479220175,12.634121680012173,0.49478053132199423,1.0,0.330656,0.328586,0.107968,-1.148697,1.135659,0.019725,0.232356,29.06,0.367848,0.35173537824991497,19.0,31.0,-0.170031,2.51533,0.00644042861615612,0.06432282206872711,0.00705534834503028,0.13536086742507122,1.0
1.097733,1.091548,1.191476,-3.850079,2.208071,0.021042,0.856859,85.5847,1.08335,1.3398093639178776,15.0,37.0,-0.679418,1.072067,0.7425829912680446,5.639238742680175,12.141262645109705,0.5665921757888369,1.0,0.328672,0.326654,0.106703,-1.148697,1.135659,0.029272,0.2352,29.7678,0.376808,0.25723162400952393,20.0,29.0,-0.238817,2.59425,0.006643723953357683,0.0635033464761541,0.007380151311672379,0.14392992722441436,1.0
1.221314,1.213664,1.472981,-4.624322,2.208071,0.052536,0.896688,98.0295,1.24088,1.518530022689145,18.0,37.0,-1.060403,2.312167,1.914156569896744,11.557301422241782,38.187177148067036,0.5354647657958255,2.0,0.262472,0.260829,0.068032,-0.809693,0.538083,0.022626,0.2094,24.9152,0.315382,0.259694341462611,19.0,29.0,-0.406973,-0.032058,0.007472469785517698,0.013772229766154739,0.004886203130379964,0.14255048528606878,0.0
1.184425,1.177022,1.38538,-4.624322,2.160267,0.049663,0.881627,94.5528,1.196871,1.8340831368408945,17.0,35.0,-0.928831,2.004629,1.5448942666847205,9.649304471764133,30.58866857969132,0.502309282587941,2.0,0.297771,0.296018,0.087627,-0.924868,0.621508,-0.008891,0.231678,28.7387,0.363781,0.3938570124917067,24.0,23.0,-0.525992,0.547372,0.011465833885499944,0.02678319247666249,0.011797475881554925,0.15240352765231782,0.0
1.155571,1.148337,1.318678,-4.624322,2.160267,0.055662,0.858595,88.7244,1.123093,1.0434561216407616,17.0,37.0,-0.883358,2.257485,1.3579674831675987,9.16966764393876,28.74283840687869,0.5022630836554876,2.0,0.296594,0.294774,0.086892,-0.924868,0.675469,-0.017317,0.228702,29.1902,0.369496,0.3656962010100044,24.0,21.0,-0.431609,0.722827,0.009796604583150546,0.02789238196446911,0.010664476333788331,0.15270488137981378,0.0
1.212369,1.205401,1.452992,-4.624322,3.545453,0.06003,0.902396,93.8658,1.188175,2.0656010194101495,18.0,32.0,-0.474526,2.138104,0.9999607581176628,10.967671985233043,22.287191090112618,0.5440414821748797,2.0,0.297273,0.295443,0.087287,-0.924868,0.675469,-0.032155,0.225432,27.628,0.349721,0.27715706970869447,22.0,24.0,-0.290748,0.659973,0.00866436019054273,0.02801674520197773,0.010165560448468221,0.13984088709291678,0.0
1.113441,1.106462,1.224259,-3.031912,3.545453,0.081855,0.884972,90.9122,1.150787,2.1602669535302006,19.0,35.0,0.064481,0.474997,0.09506219307361848,5.209090907167301,3.5461092861754784,0.5889989808506446,2.0,0.324122,0.322175,0.103797,-1.003634,0.772422,-0.032155,0.240356,29.6728,0.375605,0.4555267060344865,22.0,23.0,-0.167787,0.902517,0.003308759109801861,0.041868995565849075,0.013066647627698935,0.1409029966711314,0.0
1.053689,1.047093,1.096404,-2.345067,3.545453,0.081855,0.846325,90.2645,1.142589,2.1344117589731737,20.0,34.0,0.286109,0.442712,0.3437831252039679,4.144592726349459,6.125685814556289,0.5954710186488718,1.0,0.313285,0.311541,0.097058,-1.003634,0.772422,-0.039299,0.234743,28.3551,0.358925,0.3330190561760977,20.0,27.0,-0.171355,0.951375,0.008577086274340959,0.037439648835682016,0.013052243710823332,0.1419397325637739,0.0
1.043693,1.037188,1.075759,-2.135486,3.545453,0.10133,0.825358,86.6374,1.096676,3.5454533511713384,19.0,34.0,0.293455,0.504024,0.2986733678334061,4.043318089254277,6.205698815602825,0.5687093027747219,1.0,0.328848,0.326788,0.106791,-1.003634,0.772422,-0.01219,0.251478,30.4443,0.385371,0.3954844744088332,20.0,29.0,-0.381011,0.623156,0.013685307284779537,0.04138372400312211,0.017664302782270574,0.1494699318462237,1.0
0.924708,0.918953,0.844474,-2.135486,2.118047,0.139441,0.742501,74.8896,0.94797,1.4337487586579802,19.0,35.0,-0.293443,-0.298785,0.20532862057181994,1.918334825623365,0.7956584594335718,0.5186064723184625,1.0,0.340814,0.338686,0.114708,-1.003634,0.772422,0.009831,0.255901,31.7321,0.401672,0.7724223308396165,23.0,22.0,-0.618755,0.858398,0.023226406118626808,0.05054093382406451,0.026299163819356392,0.15386095034681938,1.0
0.903146,0.897495,0.805497,-2.135486,2.118047,0.058146,0.719777,74.731,0.945962,1.6012150500887325,19.0,33.0,-0.207136,-0.183241,0.16028729695849978,1.830202896621929,0.6615386114302637,0.48421305833383177,1.0,0.309434,0.307635,0.094639,-0.92568,0.512135,0.009831,0.233284,28.1643,0.35651,0.4336746222934158,22.0,25.0,-0.865387,0.758886,0.02780226420247157,0.03459140640020894,0.02160473741017488,0.1410401715224952,0.0
0.923341,0.917554,0.841905,-2.650311,2.118047,0.108947,0.71723,70.4042,0.891193,2.1180474978458212,18.0,35.0,-0.393607,0.285637,0.29904458842299236,2.326457262469247,1.9866393575758594,0.4720507059598875,1.0,0.282886,0.281148,0.079044,-0.92568,0.512135,0.014338,0.213246,26.2118,0.331795,0.5121350694284741,22.0,25.0,-0.8088,1.116838,0.01690122733032077,0.02539526024025012,0.014275236214840495,0.13124714098216703,0.0
0.896292,0.89078,0.793489,-2.650311,1.858146,0.069009,0.723857,72.2401,0.914432,0.7535773413677822,19.0,36.0,-0.333475,-0.013889,0.20271198141890015,1.8671027888564737,1.721750684193303,0.508824475037993,1.0,0.263133,0.261484,0.068374,-0.92568,0.502046,0.014338,0.200217,25.3929,0.32143,0.3269088452783907,24.0,21.0,-0.77411,1.200353,0.013707384286011329,0.019600822816969298,0.010891187017050287,0.12311479140409656,0.0
0.889816,0.884458,0.782266,-2.650311,1.858146,0.045987,0.716912,70.3109,0.890011,1.0386459679068591,19.0,35.0,-0.232314,-0.055607,0.20696501754564217,1.8145183629350874,1.6279584006646157,0.4975686424982949,1.0,0.247529,0.245994,0.060513,-0.693596,0.641686,0.0096,0.185561,24.0526,0.304463,0.19949447702888562,23.0,21.0,-0.404822,0.721971,0.006548084583583821,0.01369787651466616,0.0030555783769240933,0.1111465676100848,0.0
0.92535,0.919597,0.845658,-2.650311,1.858146,0.082189,0.747171,70.7564,0.895651,1.0397723604428746,19.0,37.0,-0.316372,-0.236598,0.27000596031310636,1.985563397954337,1.8816234801308511,0.510075310693311,1.0,0.251767,0.250225,0.062613,-0.656217,0.641686,0.014338,0.194268,23.4858,0.297289,0.2332130422603973,23.0,22.0,-0.110999,0.315162,0.0009296584258197618,0.012965917956997444,0.0001681035501755899,0.12412158462355809,0.0
0.815545,0.810437,0.656808,-1.851291,1.672073,0.082189,0.67342,64.4541,0.815874,1.4745653184496006,18.0,37.0,-0.127484,-0.804266,0.06188621536712311,0.9464204151621759,0.1709303925641071,0.4548281261266512,1.0,0.281568,0.279829,0.078305,-0.656217,0.641686,-0.004195,0.222237,25.5143,0.322966,0.5020464354456695,21.0,26.0,-0.014736,-0.17399,0.001224994807735001,0.017333332371280034,0.0003353077229981486,0.14244129940382924,0.0
0.816349,0.811328,0.658252,-1.851291,1.587622,0.101736,0.65844,61.7836,0.782071,0.67227338233062,17.0,35.0,-0.250805,-0.615086,0.1092049346637503,1.026803193814668,0.41644419401003685,0.43251066112683806,1.0,0.280203,0.278448,0.077533,-0.656217,0.641686,0.008976,0.216911,24.1823,0.306105,0.6416864687154923,20.0,30.0,0.024679,-0.040313,0.0002797859286220207,0.017789595612518732,0.0001685079345804105,0.1409088087444095,0.0
1.070647,1.064086,1.132278,-4.015497,2.592931,0.125053,0.794185,82.8053,1.048168,0.9717342959732924,17.0,34.0,-0.8291,1.825729,0.9376192931261276,6.1139091679636905,14.735216756010843,0.45740934208769973,1.0,0.287431,0.285643,0.081592,-0.61909,0.610742,-0.007553,0.23709,25.9575,0.328575,0.2775438874048903,21.0,31.0,0.110393,-0.565739,0.0018832566813271425,0.016177164556935505,0.0007775989295856766,0.1713761228499915,0.0
1.102512,1.095613,1.200367,-4.015497,2.592931,0.141773,0.802726,87.1082,1.102635,1.2088093967768039,17.0,32.0,-0.956087,1.907568,1.2384050330491303,7.044648725825371,17.688058990043196,0.4645559254992974,2.0,0.294025,0.292305,0.085442,-0.61909,0.614916,-0.025805,0.242207,27.2936,0.345488,0.4077777465170772,23.0,31.0,0.194479,-0.541196,0.007027138960569314,0.018121771011836697,0.002104311749416864,0.1757266737248467,0.0
1.172109,1.164882,1.356949,-4.015497,2.592931,0.171163,0.869763,95.2375,1.205538,1.2536049632297008,19.0,30.0,-0.883129,1.226082,1.3271015862622053,7.686771119137367,18.16996264629154,0.5078966521086808,2.0,0.297252,0.295404,0.087263,-1.11515,0.614916,0.012564,0.234392,28.6588,0.362769,0.4338154800513979,25.0,28.0,-0.458349,1.381714,0.011039780726789647,0.03322443933907302,0.019569738254602724,0.1735740278105972,0.0
1.151386,1.144241,1.309288,-4.015497,2.592931,0.169753,0.850426,96.2496,1.218349,1.257446245362873,20.0,31.0,-0.916053,1.403936,1.4230439385658815,7.619936522731439,18.56161731024826,0.5125673436033704,2.0,0.32791,0.325856,0.106182,-1.11515,0.614916,0.026009,0.262581,32.8579,0.415923,0.3457473382479038,24.0,22.0,-0.633992,0.955576,0.02160816757536103,0.044507133400532764,0.029623190237991343,0.19836048796916111,1.0
1.078766,1.072592,1.150454,-3.790158,2.409857,0.136768,0.806464,83.158,1.052633,1.1161646313454248,18.0,34.0,-0.822709,1.307621,1.1361284640039992,5.841641581235267,13.25399439725635,0.5057763465785259,1.0,0.349236,0.347049,0.120443,-1.11515,0.635494,0.044684,0.276161,32.8378,0.415669,0.5795710956902026,21.0,25.0,-0.71595,0.638535,0.030441187308527923,0.05295292553695737,0.03503115338631038,0.19159753649520705,1.0
1.153466,1.146245,1.313878,-3.790158,3.661576,0.136768,0.856244,90.2265,1.142108,1.3704211329567642,17.0,38.0,-0.333052,1.604055,0.48171043363727195,7.93764655175273,4.4063732205223785,0.5475328463141379,1.0,0.351275,0.34913,0.121892,-1.11515,0.664876,0.034223,0.269644,31.1206,0.393932,0.27459971168404035,21.0,27.0,-0.815029,0.780591,0.036997076227351135,0.0570467579884665,0.03973384124679839,0.17177899703109334,1.0
1.188749,1.182291,1.397813,-3.790158,3.661576,-0.082489,0.876802,90.8173,1.149586,1.3620537278834242,16.0,40.0,-0.174497,1.328385,0.4908721405721034,8.504229452295226,4.670815861735919,0.5536673615562452,1.0,0.342613,0.340545,0.115971,-0.953731,0.664876,0.027259,0.266896,31.2638,0.395745,0.317050864997957,20.0,29.0,-0.564997,0.13792,0.019729591068996362,0.04154232181967961,0.01891311091047236,0.16436726304803562,1.0
1.235554,1.227846,1.507606,-3.790158,3.661576,0.027437,0.935625,96.4587,1.220996,1.0745806261997493,16.0,41.0,-0.204358,0.876645,0.33425560356892225,8.796160218876897,4.040460892112215,0.5964526714657677,2.0,0.321447,0.319433,0.102037,-0.84582,0.664876,0.023201,0.247478,27.9061,0.353241,0.36497414553743246,19.0,35.0,-0.524433,0.181068,0.016804528720690888,0.03305557362707117,0.012637979613339045,0.15234478264609774,0.0
1.193441,1.186538,1.407872,-2.759472,3.661576,0.066509,0.909726,94.3983,1.194915,1.182710513591615,18.0,40.0,0.106565,0.417111,0.3342212546511035,6.797807960517335,6.1752697204848115,0.5859495245617629,1.0,0.271671,0.269975,0.072886,-0.84582,0.664876,0.012423,0.200591,23.4629,0.296998,0.20930090260995413,20.0,31.0,-0.400556,0.985492,0.008309468291510136,0.021233770753344348,0.007213648857846719,0.1250728696470287,0.0
1.163414,1.15612,1.336614,-2.646285,2.750607,0.075472,0.916719,93.9859,1.189695,1.3991408575717978,18.0,40.0,-0.168522,-0.336345,0.26197359307718,4.759120489654385,1.7702676420508507,0.6005120485780846,1.0,0.266707,0.265097,0.070276,-0.741337,0.537132,0.006756,0.209149,23.2226,0.293957,0.37713663111463946,20.0,29.0,-0.323558,0.140148,0.0072333534412116155,0.015646011157543015,0.004666117841500834,0.14191426877414007,0.0
1.138209,1.131328,1.279902,-2.646285,2.750607,0.110743,0.917779,89.2312,1.129509,2.002185253427635,16.0,40.0,-0.221106,-0.399827,0.2277933049698783,4.229340044101938,1.2298201131561985,0.6322439526190009,1.0,0.265834,0.264368,0.069891,-0.741337,0.537132,0.007643,0.213128,22.8325,0.289019,0.2438883760358862,19.0,25.0,-0.46419,0.022538,0.010717065105326547,0.01511675964546019,0.005805636301672426,0.1514991204668372,0.0
1.050609,1.044136,1.090219,-2.646285,2.750607,0.062504,0.816843,79.1535,1.001943,1.2630423951800556,17.0,41.0,-0.209982,0.060461,0.28933335715237973,3.6522917077778603,1.4136859982422432,0.5357751522441305,1.0,0.265482,0.263823,0.069603,-0.748715,0.537132,0.014436,0.210419,23.5092,0.297585,0.408805196236414,20.0,25.0,-0.540781,0.144665,0.010287194538627104,0.015302367921475652,0.005922500079956672,0.1473086044504566,0.0
0.950301,0.944362,0.89182,-2.646285,2.09186,0.073748,0.753131,71.5974,0.906297,0.8636413298327501,16.0,37.0,-0.503985,0.031071,0.4404279230754374,2.4208885583509003,2.7193990024012527,0.5201918525962702,1.0,0.280444,0.278819,0.07774,-0.748715,0.537132,0.063422,0.224117,25.2749,0.319936,0.5371318979367149,20.0,25.0,-0.68578,0.102518,0.012834868653781284,0.01823736099968737,0.007376088394443152,0.15907933953566417,0.0
0.876893,0.871546,0.759592,-2.243547,2.09186,0.087312,0.688863,66.4095,0.840626,2.091859555392488,15.0,35.0,-0.507508,0.005542,0.3727398936748511,1.7559109029470452,1.599054538900059,0.4759743186995195,1.0,0.27607,0.27453,0.075367,-0.826334,0.527715,0.052526,0.209494,24.0041,0.303849,0.34669755548290815,20.0,25.0,-0.85879,0.849133,0.01542128802470089,0.021124702629721853,0.010635747203909413,0.1399633760454393,0.0
0.828425,0.823234,0.677714,-2.243547,1.716312,0.098923,0.645701,64.495,0.816393,0.7013463812921789,16.0,36.0,-0.590822,0.173552,0.3257554205585749,1.455088194963432,1.5521657743602204,0.4353942432677333,1.0,0.286025,0.284287,0.080819,-0.826334,0.633819,0.005894,0.211752,26.1189,0.330619,0.3220287518909325,22.0,26.0,-0.505384,0.636424,0.01024256604804349,0.02348806641256166,0.007875476841546132,0.1285125679701143,0.0
0.875729,0.870426,0.757642,-2.243547,1.716312,0.078312,0.68797,70.2443,0.889168,0.9064756979308846,17.0,35.0,-0.484753,-0.067014,0.27843891281877753,1.6605513780946353,1.4296895593575099,0.4567550959327622,1.0,0.269498,0.267837,0.071737,-0.826334,0.633819,0.005894,0.201109,25.0905,0.317601,0.3545083810688363,23.0,21.0,-0.331289,0.699853,0.005526497255583529,0.01893945180132454,0.0048396252965930125,0.12631946066823166,0.0
0.889843,0.884268,0.781931,-2.243547,1.716312,0.016187,0.691531,74.6111,0.944444,0.8528941758517259,19.0,38.0,-0.45242,-0.124228,0.30590457553999545,1.7546076230570193,1.5825293581694186,0.41707707590552434,1.0,0.274065,0.27239,0.074196,-0.826334,0.698647,-0.021201,0.206169,26.2279,0.331999,0.26432056185290814,23.0,21.0,0.034572,0.558739,0.0003787096599133885,0.019575784574195284,0.0015543835705668601,0.125657159466419,0.0
0.861722,0.856322,0.733287,-2.839907,1.716312,0.016187,0.658838,68.156,0.862735,1.7163121145267908,18.0,37.0,-0.525813,0.633825,0.32532294712216453,1.951028289993321,2.6178241472440402,0.39655289265164917,1.0,0.268092,0.266509,0.071027,-0.87308,0.698647,-0.003784,0.203505,26.9138,0.340681,0.6338191894412804,24.0,19.0,-0.120977,0.923086,0.003825314743541042,0.01985053036425844,0.003598748079646471,0.1305471489747091,0.0
0.961112,0.955289,0.912577,-2.839907,2.15317,0.0333,0.739335,81.7368,1.034643,1.7049287740672874,19.0,38.0,-0.565954,0.400031,0.5469093282550315,2.870050266005099,4.062298184128673,0.4503310015424056,1.0,0.253091,0.251587,0.063296,-0.87308,0.698647,0.021993,0.197412,25.37,0.321139,0.24545086189688264,21.0,22.0,-0.453593,1.056015,0.008436905461611391,0.016430049120550454,0.00557550045060074,0.1384109898939864,0.0
0.986559,0.980376,0.961136,-2.839907,2.253539,0.201064,0.768905,81.3387,1.029604,1.2782683769212801,18.0,37.0,-0.53844,0.374011,0.5126788480177593,3.120598078150382,3.5761598173125484,0.5042871566298307,1.0,0.273577,0.271877,0.073917,-0.87308,0.698647,0.039815,0.217164,26.539,0.335936,0.6986466447276893,22.0,25.0,-0.400052,0.470022,0.007400166536592094,0.018866077286864895,0.005521193367909147,0.15459495313111507,0.0
1.036453,1.030021,1.060943,-2.839907,2.253539,0.152546,0.824162,81.1699,1.027468,1.4554927292561106,16.0,39.0,-0.366072,0.128387,0.4371629943846257,3.5399773944217854,3.556832234822599,0.5959176626921019,1.0,0.29405,0.292227,0.085396,-0.87308,0.620827,0.036136,0.239412,25.8356,0.327033,0.25099028167973303,19.0,27.0,-0.269818,-0.044346,0.007624326315357888,0.021648189796576164,0.00599484310994225,0.1799200228194313,0.0
1.004727,0.998552,0.997106,-2.638613,2.253539,0.085086,0.802761,78.9397,0.999237,2.1531695657562766,18.0,39.0,-0.168852,-0.108409,0.12095501858925298,2.86434385177644,1.1372138299024144,0.577587301819117,1.0,0.281736,0.279979,0.078388,-0.583289,0.620827,0.007957,0.231317,24.9855,0.316273,0.37415954155271947,21.0,23.0,0.034315,-0.520215,0.0012748230227374222,0.015244615126263097,0.0006171097078674897,0.16832199563655662,0.0
0.968359,0.963008,0.927385,-3.222597,2.253539,0.128427,0.759824,69.998,0.886051,2.2535385554099205,17.0,38.0,-0.418855,0.738938,0.26969614794664865,3.158131342660818,3.9399002903495,0.5245111583708065,1.0,0.273047,0.271398,0.073657,-0.583289,0.620827,-0.010593,0.220862,22.9786,0.290869,0.473194641794708,20.0,22.0,0.15378,-0.326545,0.0043695378379181235,0.014578306317723149,0.0017646765341193932,0.16119201799931746,0.0
1.005407,0.999116,0.998232,-3.222597,1.920088,0.011808,0.784687,79.5424,1.006866,1.9200884937572942,20.0,36.0,-0.595499,0.819653,0.6089854652090657,3.818086625625932,7.083055003247485,0.5265087243490008,1.0,0.276283,0.274676,0.075447,-0.601103,0.620827,-0.011969,0.222553,24.1625,0.305854,0.6208269396416137,20.0,23.0,0.173389,-0.192397,0.0017144292829665674,0.01586451088355264,0.0009666220386910486,0.16320057377830915,0.0
0.933616,0.927768,0.860754,-3.222597,1.77038,0.040935,0.724365,74.5215,0.94331,1.1826683734551797,19.0,33.0,-0.815597,1.401874,0.6429883898682887,3.2529195633541432,6.910742976479517,0.48526142244822656,1.0,0.258246,0.256754,0.065923,-0.909813,0.552539,0.019716,0.194219,23.4787,0.297199,0.520725895300858,21.0,23.0,-0.582135,1.391895,0.008239799756975552,0.018756019540020707,0.007873542642513172,0.1274823532261085,0.0
0.908693,0.903006,0.81542,-3.222597,1.668235,0.072154,0.692266,72.3266,0.915526,0.9691489554539119,18.0,34.0,-0.964225,1.688846,0.6994896434369965,3.1054526352266576,7.073656035948555,0.39621525247658673,1.0,0.250489,0.248926,0.061964,-0.909813,0.552539,0.037077,0.188473,21.8366,0.276412,0.5525388192132185,21.0,30.0,-0.714237,1.580875,0.011369092254285344,0.017671476372581808,0.00856156754216741,0.12810199594357158,0.0
0.824339,0.819351,0.671336,-2.925449,1.668235,0.016227,0.640237,67.0762,0.849065,1.0525968781319297,17.0,34.0,-0.66489,0.99242,0.4001580521045066,1.8241330347166724,3.264122648857165,0.3826071677578179,1.0,0.27465,0.272945,0.074499,-0.909813,0.698893,0.037077,0.207814,24.5227,0.310415,0.5347831369625998,21.0,32.0,-0.601191,1.095283,0.011541909522656033,0.02257869517117975,0.008668320533940893,0.13732902693900925,0.0
0.917784,0.912031,0.831801,-3.191513,2.617492,0.020423,0.688073,77.2802,0.97823,1.1223138778407662,18.0,31.0,-0.59083,1.443353,0.45260280308930234,3.0774644860578064,4.063020374425287,0.3877805005912284,1.0,0.262813,0.261214,0.068233,-0.909813,0.698893,0.03283,0.189209,23.1114,0.29255,0.30121643730625625,21.0,33.0,-0.790278,1.892398,0.013047421624489772,0.0224876049933395,0.009838305662285234,0.11549026474692305,0.0
0.92842,0.922768,0.8515,-3.191513,2.617492,0.020423,0.677127,78.2001,0.989874,0.6897545569987481,16.0,28.0,-0.625312,1.540879,0.5360985705808015,3.3261985221878105,4.587002458284348,0.3700716938907189,1.0,0.259866,0.258274,0.066706,-0.709168,0.698893,0.043516,0.202657,24.1242,0.305369,0.27293723212068854,21.0,30.0,-0.346277,0.489557,0.005086045856721267,0.015421395700728336,0.002291688352985558,0.14344298121009355,0.0
1.097207,1.090369,1.188904,-3.191513,2.617492,0.020423,0.8377,97.4089,1.233025,1.0713162468122426,17.0,30.0,-0.48231,0.607766,0.6587237949582969,5.12294741386577,6.501317435727555,0.5449376090683138,2.0,0.271036,0.269408,0.072581,-0.709168,0.698893,0.002828,0.215854,25.0101,0.316583,0.3364245631797458,20.0,31.0,-0.214801,0.087367,0.005542644215532607,0.01636736036247435,0.002473104612711351,0.15471616681210829,0.0
1.2051,1.197546,1.434117,-3.624085,2.617492,0.076961,0.918751,106.2973,1.345535,1.2115705315358698,16.0,30.0,-0.494515,0.742507,0.8400723830337338,7.689896756620124,12.085416590147839,0.6154644485775896,2.0,0.249403,0.24784,0.061425,-0.709168,0.536982,0.026824,0.201288,23.1666,0.293248,0.484573841374548,20.0,29.0,-0.241837,-0.162627,0.0037806767828992573,0.010713309639204197,0.0020192125313012025,0.1437561901804309,0.0
1.094563,1.087706,1.183104,-3.624085,2.418873,-0.041997,0.828747,89.9836,1.139033,1.4261288324882075,15.0,37.0,-0.359391,1.129686,0.45043395905076444,5.774159323430472,8.263955804398686,0.5738309447724554,1.0,0.261931,0.260297,0.067755,-0.623779,0.536982,-0.01203,0.219581,22.8453,0.289181,0.3505638762158276,17.0,29.0,-0.08775,-0.695611,0.0011150575645955964,0.010566015560112631,0.0008155872361574586,0.16703163293600912,0.0
1.099241,1.092472,1.193494,-3.624085,2.418873,0.092292,0.840337,87.5398,1.108098,1.2171127257942036,15.0,41.0,-0.405615,1.048608,0.4700052143803565,5.731616495631371,8.209252697078453,0.5918163990263408,1.0,0.258374,0.256799,0.065946,-0.623779,0.629023,-0.016989,0.209417,22.4298,0.283921,0.31070748601495385,18.0,27.0,0.017176,-0.370979,0.0006600795752959545,0.011428741657561046,0.00039804066221123203,0.1463591141829282,0.0
1.005294,0.998991,0.997984,-3.624085,2.418873,0.092292,0.774815,77.3467,0.979073,1.1468527200774474,15.0,40.0,-0.467693,1.348007,0.46838246912088044,4.331802257897943,6.8310810086648335,0.5594358623618416,1.0,0.273672,0.272022,0.073996,-0.679225,0.629023,-0.003216,0.214029,24.1906,0.306211,0.45992232348264706,18.0,22.0,0.043134,-0.017027,0.002202177552881778,0.016354058280721905,0.0002544548687657477,0.13428855098630244,0.0
0.89281,0.887312,0.787323,-2.221034,2.237495,0.118562,0.699037,67.301,0.851912,2.2374948557912115,16.0,37.0,-0.401632,0.239561,0.2489987827209954,1.9931042518089648,1.0719290801205794,0.4997800669386438,1.0,0.292724,0.290963,0.08466,-0.786594,0.629023,-0.020908,0.226845,26.3164,0.333119,0.4620954253760414,19.0,24.0,0.001428,0.089185,0.0016336012591050288,0.022139390666360486,0.00276867113266547,0.13998729893571407,0.0
0.889334,0.883766,0.781042,-2.221034,1.951307,0.118562,0.718063,69.5106,0.879881,1.104782868026263,15.0,32.0,-0.407404,-0.152272,0.27272885572394784,1.7331220391329716,1.3886460963489309,0.5374622177271673,1.0,0.285824,0.284033,0.080675,-0.786594,0.629023,-0.006028,0.21561,26.1743,0.33132,0.6290230408448817,20.0,28.0,-0.068772,0.398765,0.001432093560121958,0.022116768341744288,0.0031075223839901246,0.11807055733969088,0.0
0.88859,0.883104,0.779873,-2.221034,1.951307,0.114212,0.727,68.118,0.862254,1.001794943193954,16.0,34.0,-0.295416,-0.388105,0.1746387396017683,1.5786480054832133,0.9063273462333268,0.5318611987310643,1.0,0.310574,0.308634,0.095255,-0.786594,0.659961,-0.013754,0.240015,28.3826,0.359274,0.6154405078311707,19.0,31.0,-0.161566,0.072897,0.004127358743453749,0.0278406563103496,0.00546960529733399,0.13819934414161059,0.0
0.812288,0.80725,0.651652,-2.221034,1.951307,0.009761,0.653365,63.0439,0.798025,0.7935144915337873,17.0,35.0,-0.097311,-0.163337,0.03294669405236592,1.2026985678255109,0.32548463944756645,0.46560412654519795,1.0,0.295858,0.294008,0.086441,-0.786594,0.659961,-0.01049,0.228028,25.9295,0.328222,0.4327650486856671,18.0,33.0,-0.157672,0.133037,0.004449756177724623,0.02343733539278519,0.005200845857438433,0.13040435832801062,0.0
0.840853,0.835762,0.698498,-2.039444,1.870036,-0.022832,0.693802,67.6876,0.856805,1.5005251668799482,16.0,38.0,-0.025622,-0.54034,0.05142922847157598,1.2013379303720282,0.2461093031561239,0.5111561450311707,1.0,0.279583,0.277833,0.077191,-0.770461,0.659961,-0.001491,0.213316,24.3888,0.308719,0.38950434818009566,17.0,34.0,-0.159948,0.154715,0.003724071309295346,0.018814663109322467,0.00317010229832215,0.1180818151408616,0.0
0.892438,0.887096,0.786939,-2.46994,1.870036,0.031676,0.727911,73.4447,0.92968,1.0927218712555824,18.0,41.0,-0.244762,-0.2485,0.2207369417328195,1.7185795613396166,1.2876880344364798,0.5277048257650625,1.0,0.280151,0.278506,0.077566,-0.770461,0.70313,0.000467,0.215284,23.1172,0.292623,0.28624113427324377,17.0,34.0,-0.005214,0.273295,0.0019441515163804608,0.019694493376677242,0.0007862754474277139,0.13738400468046358,0.0
0.98809,0.982037,0.964398,-2.46994,2.577304,0.084777,0.80642,82.1907,1.040388,1.4316876477481102,18.0,40.0,-0.103367,-0.206335,0.14630452003040031,2.604950475125636,0.39255691691826944,0.6031180092449444,1.0,0.250973,0.2494,0.0622,-0.554168,0.70313,0.008566,0.19239,21.2167,0.268566,0.5661439200962166,17.0,33.0,0.156628,0.324058,0.002526768089520713,0.012865362399386057,0.002084999405799632,0.11283818929808748,0.0
1.081922,1.07548,1.156656,-2.630933,2.577304,0.156547,0.883622,89.6258,1.134503,1.8700361954671343,17.0,41.0,-0.258175,-0.312492,0.41478773477069203,3.6307787438052643,2.1473433496418854,0.6644355265543981,1.0,0.294604,0.292922,0.085804,-0.597909,1.057312,-0.002834,0.220363,25.8703,0.327472,0.366053522537581,18.0,32.0,0.415808,1.405492,0.007898327448322006,0.03199963404819126,0.015402031554422746,0.13399526108471757,0.0
1.117218,1.110358,1.232895,-2.630933,2.577304,0.109388,0.914511,90.6809,1.14786,1.176149030038176,16.0,39.0,-0.263834,-0.469652,0.4273357947977735,3.8724709172284455,2.4100780926668293,0.6499140256268701,2.0,0.320463,0.318459,0.101416,-0.666555,1.057312,-0.002834,0.24494,29.0201,0.367343,0.24720000732452047,19.0,31.0,0.270852,0.844373,0.008219697376407282,0.03947909114683,0.01549208016823823,0.158194335324877,0.0
1.188317,1.180866,1.394445,-2.630933,2.82736,0.198799,0.977537,94.0715,1.190778,1.0707933530399083,14.0,37.0,-0.118635,-0.600774,0.19603671516001456,4.66536984995999,0.0916054277437123,0.689221573373915,2.0,0.326386,0.324344,0.105199,-0.666555,1.057312,-0.00626,0.245344,31.0158,0.392605,0.3343469437390699,21.0,28.0,0.435516,0.993048,0.015405208951234439,0.044292675342120724,0.021443712235271008,0.1495767316026453,1.0
1.17229,1.165046,1.357332,-2.630933,2.82736,0.207824,0.974604,96.8161,1.225521,1.3237545670880333,16.0,36.0,-0.202384,-0.69394,0.25584174929430503,4.228887597054107,0.8311265285558121,0.6980181713783807,2.0,0.323536,0.321535,0.103385,-0.666555,1.057312,-0.010481,0.243219,30.2418,0.382808,1.0573121516473285,23.0,28.0,0.457732,1.099795,0.013922530371388613,0.04356324618332178,0.02078248372030998,0.1598411584354345,0.0
1.299352,1.291641,1.668336,-3.674008,2.82736,0.15164,1.060028,106.2634,1.345106,1.7090976524422319,16.0,35.0,-0.251667,-0.350778,0.373953212708512,7.302316864936239,5.966385433687759,0.674277235399396,2.0,0.301989,0.300432,0.090259,-0.730152,0.900176,0.003523,0.231959,28.309,0.358342,0.7396485754367148,23.0,28.0,0.13483,0.600446,0.0074848732023439545,0.02951716137659257,0.006030820987531426,0.15825377108855068,0.0
1.258303,1.250706,1.564266,-3.674008,2.82736,0.193926,1.012156,104.2291,1.319355,1.2497255521134385,18.0,39.0,-0.269994,-0.138542,0.40093803497272196,6.944981218579537,5.9840627027289,0.6447586293192228,2.0,0.2645,0.262858,0.069094,-0.730152,0.900176,-0.010481,0.198124,24.5155,0.310323,0.9001764628483424,22.0,27.0,0.42601,1.212853,0.008344543045082807,0.02020160145487752,0.0065271025884778375,0.1159780974444005,0.0
1.147427,1.14025,1.300169,-3.674008,2.641386,-0.021767,0.87791,95.0008,1.202542,1.6146960635525331,19.0,39.0,-0.395437,0.380513,0.6101795584190813,5.728925256537492,7.973959304153416,0.5000053029336169,2.0,0.262946,0.261302,0.068279,-0.730152,0.634943,-0.002314,0.207097,24.8309,0.314315,0.5184478073846853,22.0,26.0,-0.135616,-0.027361,0.0027263165714300824,0.013872914470420408,0.0015829273932599975,0.12123087086616892,0.0
1.185602,1.178265,1.388308,-3.67708,2.641386,0.014683,0.849318,100.705,1.274747,0.9432028269029203,20.0,35.0,-0.606822,1.072571,1.0550614084527885,7.908534306578749,15.754987099159042,0.425541448864321,2.0,0.288905,0.287206,0.082487,-0.730152,0.634943,0.001784,0.233028,27.631,0.34976,0.25899018078611147,23.0,25.0,-0.220097,-0.463403,0.003226779982392086,0.017097357158335626,0.0019411100966459244,0.1381222158041673,0.0
1.161679,1.154416,1.332677,-3.67708,3.205706,0.038443,0.851685,98.7787,1.250364,1.21561682530161,21.0,34.0,-0.421343,1.014463,0.6757179592988306,7.14752857028172,8.69105284489911,0.48544517712793517,2.0,0.359503,0.357487,0.127797,-1.061443,0.973721,-0.000489,0.281302,33.5308,0.42444,0.4117088905379368,23.0,26.0,-0.132346,0.42837,0.011029096119927969,0.05628816973459279,0.010793344517574688,0.16173380375112603,1.0
1.163732,1.156438,1.337348,-3.67708,3.205706,0.004884,0.830972,97.824,1.238279,0.9224428798550696,20.0,33.0,-0.349295,1.134288,0.5477222261423161,7.398214657783636,8.161321656327837,0.4410332057580982,2.0,0.380564,0.378276,0.143093,-1.061443,0.973721,0.040425,0.306064,36.5446,0.46259,0.36755759792960596,24.0,26.0,-0.137703,0.0701,0.0037528307840739906,0.06260387339013626,0.007111781312084653,0.19863001992884952,1.0
1.315556,1.307436,1.709389,-5.007579,3.205706,0.046944,0.931248,106.3362,1.346027,1.6765516057357477,17.0,32.0,-0.848783,2.344665,1.8023982886268435,15.475405217879745,46.253687565405954,0.5131822762227234,2.0,0.393254,0.390862,0.152773,-1.061443,0.973721,0.060318,0.312352,36.2157,0.458426,0.5294476327325773,22.0,29.0,-0.187894,0.047678,0.00773529039291253,0.07079034109687442,0.011225665673466079,0.20504780226097769,1.0
1.26038,1.252686,1.569222,-5.007579,3.205706,-0.01494,0.934632,99.6192,1.261002,0.9621302264061709,17.0,34.0,-0.676175,2.407257,1.2210509779514869,13.18985163161953,37.65080152089813,0.5739674137691373,2.0,0.392985,0.39068,0.152631,-1.061443,0.973721,0.069344,0.310628,37.4371,0.473888,0.5519881524820803,22.0,28.0,-0.133431,0.053196,0.013047993820930784,0.07148027781399921,0.012730903758542685,0.20635383265408266,1.0
1.118259,1.111265,1.234909,-5.007579,2.268082,-0.01494,0.830262,92.1369,1.16629,1.0077054094698434,18.0,33.0,-0.90934,3.681996,1.2251986662892675,10.15920177364853,37.82808463395681,0.5107480850408457,2.0,0.319247,0.317379,0.10073,-0.855287,0.729667,0.069344,0.251197,29.7738,0.376883,0.414032491219983,20.0,28.0,-0.429893,0.118371,0.010945696129455028,0.03113293723464249,0.007447476398649009,0.16233198605835925,0.0
1.056359,1.049754,1.101984,-5.007579,2.268082,-0.012785,0.792686,88.3785,1.118715,2.244041464808973,19.0,30.0,-1.052641,4.772894,1.2378883463026646,9.468584115011698,37.716187797607816,0.5301050716792538,2.0,0.373794,0.371455,0.137979,-1.691651,0.676133,0.060758,0.270728,31.2438,0.395491,0.645647152171843,22.0,28.0,-1.357232,4.013242,0.07030881325879021,0.13401921919823961,0.18135624173235382,0.1729404718375662,1.0
0.895502,0.889965,0.792038,-2.013357,2.268082,0.02641,0.738359,81.5159,1.031847,2.2680824224170233,20.0,32.0,0.050385,-0.552547,0.06344849408328175,1.5371400084423932,0.4669461084814964,0.5162982057311978,1.0,0.376368,0.374015,0.139887,-1.691651,0.676133,0.060758,0.269125,34.4045,0.4355,0.2844361951315575,25.0,21.0,-1.467994,4.078806,0.07773043163863688,0.13919600055828768,0.18904334234821793,0.16084314415352258,1.0
0.866241,0.860875,0.741105,-2.013357,1.749059,0.02641,0.708026,77.7945,0.984741,1.7490593299331876,19.0,35.0,-0.063875,-0.544447,0.0641466034983488,1.350485297469864,0.2964983729081707,0.5000728599061768,1.0,0.349493,0.347302,0.120619,-1.691651,0.676133,0.016078,0.234777,29.4344,0.372587,0.2806598681560877,26.0,19.0,-1.721279,6.206729,0.07229001794761321,0.1340936131049008,0.1873744024368057,0.13281947908093286,1.0
0.92573,0.920348,0.847041,-2.367613,1.705241,0.077685,0.750363,77.2313,0.977612,0.8706651170219489,17.0,39.0,-0.28949,-0.384984,0.29611530480082393,1.9018336857394758,1.586892732055851,0.5305542571974587,1.0,0.361263,0.359064,0.128927,-1.691651,0.676133,0.017805,0.25139,30.7818,0.389643,0.6761330765399142,26.0,18.0,-1.469926,5.027722,0.07067391991035264,0.13525058149370767,0.18598033052182442,0.1489102554261916,1.0
1.002682,0.996419,0.992851,-2.537391,1.792748,0.077685,0.788712,82.3469,1.042366,1.3423312721952072,18.0,39.0,-0.434204,-0.265265,0.44993164678526265,2.7075691469375407,2.8297257267056577,0.47433627755704405,1.0,0.317978,0.316084,0.099909,-0.904216,0.593955,0.022752,0.246523,31.0184,0.392638,0.37374521466603317,26.0,21.0,-0.633656,0.401694,0.02237143317915808,0.03458519745670004,0.018456956200435748,0.15843702776456753,0.0
1.13006,1.123026,1.261188,-2.722154,2.82321,0.059348,0.891022,87.8773,1.112371,1.7052413847313261,18.0,37.0,-0.25602,-0.218559,0.4033305447603988,4.439841246862301,2.4717700374842244,0.5293397386867915,1.0,0.297603,0.295766,0.087477,-0.782188,0.593955,0.0286,0.235173,28.3027,0.358263,0.4042605009523939,24.0,25.0,-0.400349,-0.107377,0.011435582806925975,0.022306087849736256,0.007271709962095673,0.15091515004612688,0.0
1.117931,1.110999,1.234318,-2.722154,2.82321,0.045401,0.865876,85.7459,1.085391,1.5220221056688021,18.0,38.0,-0.246454,-0.099052,0.28960095763576704,4.402124137456083,2.048112737989241,0.4803434986333917,1.0,0.306348,0.304477,0.092706,-0.782188,0.593955,0.060406,0.246828,28.5512,0.361408,0.42539568949564743,20.0,33.0,-0.476255,-0.26807,0.011915436070526374,0.023186746993394458,0.00742608949062379,0.1624383512691849,0.0
1.052634,1.046043,1.094206,-2.722154,2.82321,0.024939,0.814866,80.5809,1.020011,1.7927475434323623,20.0,33.0,-0.138905,0.086231,0.14528269203829028,3.69244351434205,0.9880014188860816,0.46073488909598814,1.0,0.289298,0.287582,0.082704,-0.74299,0.595235,0.031049,0.221789,26.1422,0.330914,0.330106164658369,20.0,33.0,-0.499827,0.193705,0.010013371625995004,0.02148604390781551,0.006243447382186772,0.1337736286672294,0.0
0.965661,0.959652,0.920933,-2.722154,2.82321,0.073997,0.751053,74.4707,0.942667,2.823209605810309,19.0,33.0,-0.032243,0.377366,0.0026009160911704466,2.863273525299622,0.22466860789152468,0.49021548145662713,1.0,0.252354,0.250791,0.062896,-0.74299,0.595235,0.025036,0.191556,23.5274,0.297815,0.21123912761204755,21.0,34.0,-0.472604,0.518944,0.006872570234128653,0.013828284340762331,0.0038075405612614565,0.11614901485095676,0.0
0.826757,0.821576,0.674987,-2.363048,1.925561,0.073997,0.636937,65.6322,0.830787,1.9255606558943255,20.0,32.0,-0.234457,0.260071,0.13352368182999835,1.4862105885368668,0.8682338931049486,0.42299943371352927,1.0,0.278226,0.276487,0.076445,-1.152187,0.595235,0.00852,0.202729,24.7906,0.313805,0.23763876823104318,21.0,32.0,-0.865957,2.873871,0.01868778106337655,0.034447783236218464,0.02634149337883331,0.12425004860862243,0.0
0.837406,0.832418,0.69292,-2.363048,1.651775,0.126121,0.662951,65.7817,0.832679,1.3119448422112858,19.0,31.0,-0.452495,-0.005719,0.3041370846140941,1.4594473086094983,1.4877615641944903,0.4748910525292163,1.0,0.279571,0.277819,0.077183,-1.152187,0.595235,0.009653,0.201685,24.708,0.312759,0.22797376172603875,21.0,31.0,-0.80996,2.877056,0.017173477632979516,0.034952647633609314,0.025920524330382333,0.11990475126234507,0.0
0.800083,0.79517,0.632295,-2.363048,1.651775,0.158792,0.626101,61.3816,0.776982,1.0056760332518917,17.0,34.0,-0.582182,0.316437,0.2683300028530681,1.310861763104055,1.3765379431816325,0.41966989019231715,1.0,0.299375,0.297539,0.08853,-1.152187,0.588154,0.009508,0.226383,26.0936,0.330299,0.43284315366037995,22.0,30.0,-0.585863,1.605772,0.016738683899600114,0.03639586033106392,0.024839054915639362,0.14215040833643366,0.0
0.849291,0.843966,0.712279,-2.363048,1.651775,0.13647,0.672915,63.4715,0.803437,1.3703976059822665,16.0,37.0,-0.472771,-0.125516,0.28588295756408627,1.459240272579498,1.4141252010639742,0.44268336163244887,1.0,0.294305,0.29248,0.085545,-1.152187,0.588154,0.009508,0.225867,24.3058,0.307668,0.36259823485777687,21.0,27.0,-0.613722,1.837218,0.014460075594491159,0.03518104253612784,0.02433049283901872,0.14869434289943984,0.0
0.9,0.894497,0.800125,-2.963225,1.801189,0.13563,0.702378,66.202,0.838,1.0743109027437778,15.0,38.0,-0.517212,0.430884,0.4079974082369029,2.2197147500269168,3.165995931903206,0.4538598391798139,1.0,0.291066,0.289242,0.083661,-0.906371,0.575673,0.002485,0.229815,23.968,0.303392,0.2956328224795059,19.0,29.0,-0.328759,0.234921,0.008054748040645538,0.02265414941688474,0.007887437802243017,0.1547464763394088,0.0
0.897589,0.892114,0.795868,-2.963225,1.831665,0.054294,0.677358,64.6774,0.818701,0.774022927954612,15.0,40.0,-0.371994,0.738612,0.2245739387097414,2.3503045795485917,2.524872406014259,0.4062684426964746,1.0,0.316171,0.314243,0.098749,-0.906371,0.767613,-0.009822,0.244507,27.2116,0.34445,0.575672922001658,22.0,26.0,-0.296888,0.552156,0.010928985080500633,0.03484838906623243,0.010926089576461894,0.16854954312863807,0.0
0.920308,0.91458,0.836456,-2.963225,1.831665,0.006988,0.696133,69.6234,0.881309,1.341317469979367,15.0,37.0,-0.321384,0.602546,0.22393245600749306,2.5118940131894893,2.64480116799937,0.43797600765280736,1.0,0.297489,0.295654,0.087411,-0.906371,0.767613,0.01222,0.223282,25.5191,0.323027,0.26962115826213157,21.0,26.0,-0.453269,1.202194,0.010608158102732126,0.031907235613687024,0.010935626094862155,0.1436594248921323,0.0
0.944547,0.938685,0.88113,-2.963225,1.831665,0.006988,0.717581,75.5991,0.956951,1.7099436505219703,16.0,36.0,-0.326625,0.498659,0.24198647194975323,2.7047327969569275,2.8090568131079987,0.45568377845384556,1.0,0.30483,0.302935,0.09177,-0.906371,0.767613,0.02654,0.215161,25.1646,0.31854,0.5132246416107479,19.0,27.0,-0.539226,1.365502,0.0158697115842091,0.036954357098815074,0.014199886154565008,0.12102395967457846,0.0
0.885647,0.880096,0.774569,-2.065201,1.831665,0.006988,0.712795,73.9333,0.935865,1.204763148987936,16.0,34.0,-0.132721,-0.410207,0.08654158872344714,1.5531545366815445,0.4904397658358265,0.4873946695528685,1.0,0.283387,0.281611,0.079305,-0.884831,0.767613,0.017451,0.200247,22.9166,0.290083,0.7676126021380784,18.0,28.0,-0.444352,1.491517,0.010107341460068413,0.028278874337175085,0.007970777233312264,0.10944408723220042,0.0
0.892911,0.887425,0.787523,-2.065201,1.551293,0.108367,0.734151,75.6497,0.957591,0.9785341809029896,16.0,34.0,-0.304346,-0.644927,0.2458571315101516,1.4727664615950637,1.087658065226505,0.5308454912463171,1.0,0.265706,0.26407,0.069733,-0.780315,0.570235,0.017451,0.194958,23.1648,0.293226,0.20580657038911232,18.0,29.0,-0.631385,0.894379,0.010782761901457553,0.01874858438230515,0.006991401588689941,0.10955506394048073,0.0
0.896439,0.890829,0.793577,-2.358214,1.551293,0.057643,0.71699,75.038,0.949848,0.9487678975643191,17.0,36.0,-0.405387,-0.288696,0.29711529234487066,1.7125673551678617,1.6798204017420602,0.4862127672453183,1.0,0.26634,0.264678,0.070055,-0.780315,0.52672,0.023875,0.203005,24.3488,0.308212,0.2803303570905214,19.0,31.0,-0.578838,0.407598,0.01029475520040651,0.016633786316952615,0.006479528982335043,0.11820950155862428,0.0
0.849637,0.84431,0.712859,-2.358214,1.546329,0.123338,0.681633,67.3075,0.851994,1.1547939787535635,16.0,36.0,-0.469755,-0.179692,0.2831934978929409,1.4334339103992217,1.5388518408170122,0.4696717386087485,1.0,0.295371,0.293523,0.086156,-1.046311,0.570999,0.018041,0.226093,28.2538,0.357643,0.35179906476803247,22.0,29.0,-0.71127,1.012326,0.018397159405911783,0.02989673144533265,0.018459743960725934,0.13254204437555853,0.0
0.844821,0.839712,0.705117,-2.358214,1.546329,0.143945,0.667086,67.9091,0.859609,1.3311447442964464,16.0,36.0,-0.617047,0.090005,0.3275511055503467,1.5103442537022462,1.8504002971992997,0.45341081847860376,1.0,0.295539,0.293691,0.086254,-1.046311,0.570999,0.023832,0.229196,27.1065,0.343121,0.4662565726266388,20.0,29.0,-0.693121,0.973272,0.017138199782997018,0.029446101555632487,0.01798605112641067,0.143726538799087,0.0
0.767816,0.76301,0.582184,-2.358214,1.546329,0.050732,0.601648,61.7402,0.781521,0.6915120069318086,16.0,37.0,-0.633575,0.569459,0.2753823722252152,1.2059177678363997,1.6336933362160544,0.41504485306718714,1.0,0.299263,0.297391,0.088441,-1.046311,0.632322,0.023832,0.230776,26.6804,0.337727,0.3733609973194084,20.0,31.0,-0.634395,1.000983,0.016278956060582973,0.031192662548388102,0.01763208627452197,0.14460525382225786,0.0
0.823643,0.818713,0.670291,-2.358649,2.35816,0.062265,0.639842,65.4866,0.828944,0.891798694163508,17.0,34.0,-0.25758,0.722774,0.18052425546814602,1.6832762172984512,0.7834576003903393,0.4578556070014398,1.0,0.300996,0.299122,0.089474,-1.046311,0.632322,0.008822,0.231307,27.3498,0.3462,0.5492655115245618,21.0,28.0,-0.562506,0.986056,0.015793236268770723,0.0320753550720861,0.017612795446586137,0.14957342495669756,0.0
0.958393,0.952437,0.907137,-2.617095,2.35816,0.097614,0.748735,76.2504,0.965195,0.9089626190281008,18.0,35.0,-0.279884,0.256776,0.2691847805280464,2.689686507409919,1.8997973974786024,0.5323020872471069,1.0,0.282546,0.280789,0.078843,-0.72987,0.632322,0.010829,0.22869,25.6347,0.32449,0.42233970881905597,21.0,30.0,-0.269657,-0.248398,0.006641546458053189,0.017172583587224167,0.003984806825806062,0.1629916489408679,0.0
0.949119,0.943173,0.889575,-2.617095,2.35816,0.057249,0.71109,77.6345,0.982715,0.8549118261772068,20.0,32.0,-0.097936,0.729238,0.08998441888487178,2.9520632586199094,1.009721653975101,0.4689782456942827,1.0,0.28386,0.282149,0.079608,-0.72987,0.674245,0.003386,0.226765,24.9276,0.31554,0.3213078544964789,21.0,33.0,-0.119207,-0.144136,0.0011846112673426432,0.01803299158330589,0.001342820086698497,0.15523246112698508,0.0
0.974383,0.96833,0.937663,-2.617095,2.35816,0.092167,0.723563,81.0393,1.025814,2.3581603829748428,21.0,29.0,-0.163824,0.579667,0.17803518740435276,3.1533676852325234,1.368666268225495,0.46000434916268684,1.0,0.277989,0.276264,0.076322,-0.825618,0.674245,0.003386,0.223419,24.7938,0.313846,0.49692671648120423,22.0,29.0,-0.267205,0.088571,0.006349374856476057,0.018061381310848227,0.004751718026857005,0.15617636674216756,0.0
0.889004,0.884029,0.781507,-2.617095,2.335513,0.12695,0.653487,69.5009,0.879758,0.8463047678913983,19.0,34.0,-0.382865,0.837038,0.18779489351116546,2.3077606017510623,1.4768128176361524,0.40694456815328023,1.0,0.269186,0.267502,0.071557,-0.825618,0.674245,0.003386,0.211475,23.7602,0.300762,0.3458409452692934,22.0,31.0,-0.376276,0.52341,0.007510633901615787,0.01808265749378555,0.00558030568780069,0.1480008443506022,0.0
0.875067,0.869659,0.756307,-2.487438,2.335513,0.119254,0.633443,69.0471,0.874013,2.335513170354811,19.0,35.0,-0.488862,0.919197,0.3479421419702945,2.256604400203696,1.9310228468457242,0.38881123305889975,1.0,0.239069,0.23757,0.056439,-0.825618,0.674245,0.00245,0.181639,20.6004,0.260765,0.4259405894596273,20.0,31.0,-0.314479,1.431743,0.004275296009843497,0.014122748949775207,0.004046835883356874,0.11226608715011493,0.0
0.76633,0.761557,0.579969,-2.487438,1.634553,0.130583,0.540456,56.4199,0.714176,0.8331193503969065,16.0,36.0,-0.875215,1.422187,0.374509617643077,1.4767155387841897,2.0530143253175526,0.2975143814741996,1.0,0.243342,0.241819,0.058477,-0.825618,0.608449,0.00245,0.184015,22.0974,0.279713,0.22893195713351483,22.0,27.0,-0.422699,1.17423,0.0061762964683431225,0.01430081625512944,0.004935027097713858,0.10956017170336943,0.0
0.764069,0.759462,0.576782,-2.487438,1.634553,0.114178,0.542853,55.2967,0.699958,1.3837789881188538,14.0,38.0,-0.899971,1.580883,0.36512215436343215,1.4971971517566118,2.1193399703243605,0.29383246123477613,1.0,0.253539,0.251953,0.06348,-0.761825,0.669941,0.001087,0.182368,21.981,0.27824,0.3362229993200513,20.0,31.0,-0.059118,1.133257,0.0006858802729711178,0.01665050280029661,0.0012790496641744424,0.09739349930973783,0.0
