0.142926,0.142138,0.020203,-0.455159,0.292029,0.023818,0.110409,11.5403,0.14608,0.12688678980005702,18.0,30.0,-0.404464,0.442465,0.0008243531048960307,0.0013789446812393752,0.0002277603429503853,0.07211571803117478,0.0,0.08281,0.082426,0.006794,-0.166115,0.196705,0.012589,0.067529,6.0503,0.076586,0.09381139879425256,15.0,40.0,0.045257,-0.594053,0.00012120271218350933,0.000111711217720386,5.363977268459434e-06,0.045964673815818445,0.0
0.136315,0.135467,0.018351,-0.455159,0.292029,0.001305,0.101602,10.7664,0.136283,0.1573904155742395,19.0,28.0,-0.379407,0.834826,0.0010170102648524696,0.0012964820951931993,0.00024072855276965048,0.06211838760604878,0.0,0.084385,0.083859,0.007032,-0.166115,0.255483,0.003943,0.068103,6.3785,0.080741,0.07029004901690332,16.0,39.0,0.385755,-0.010673,0.00024273037584360223,0.0001484930756034822,1.670128727104501e-05,0.047801751492768926,0.0
0.094313,0.093724,0.008784,-0.240758,0.250284,0.001305,0.070957,7.431,0.094063,0.08883351385710216,18.0,29.0,-0.010429,0.640241,7.94179891302196e-06,0.00028085676812534177,3.923508801424952e-07,0.04364640888710419,0.0,0.08515,0.084696,0.007173,-0.150531,0.255483,-0.003227,0.06857,6.6248,0.083858,0.07233253388908634,17.0,38.0,0.439227,-0.0075,0.0001870859465358561,0.00015007867066179026,1.5965680998190328e-05,0.047534019315250774,0.0
0.101084,0.100453,0.010091,-0.247148,0.327196,0.001305,0.074549,8.3887,0.106186,0.2000552237000934,19.0,31.0,0.2087,0.963424,0.00023752758775867148,0.0004042933586324262,3.7167258096601754e-05,0.04289621153268932,0.0,0.084938,0.08441,0.007125,-0.187711,0.255483,0.001882,0.068591,6.5486,0.082894,0.15040015013492,16.0,37.0,0.173101,-0.107508,8.53392317778695e-05,0.0001464798716881277,1.0058599636518756e-05,0.04809237635400878,0.0
0.092481,0.091969,0.008458,-0.247148,0.327196,-0.005188,0.068082,7.2116,0.091286,0.11053181569501871,18.0,33.0,0.297134,1.428908,0.00014114845346533696,0.0003132921461712474,2.9074686991399647e-05,0.040868709068876824,0.0,0.08646,0.08592,0.007382,-0.187711,0.255483,0.007966,0.069463,6.637,0.084013,0.2554834882947837,15.0,33.0,0.003385,-0.101231,1.2160525271561179e-05,0.00015797276485505178,6.280022340691108e-06,0.047151742935300334,0.0
0.096034,0.095456,0.009112,-0.247148,0.327196,-0.002488,0.071172,7.6672,0.097053,0.1023677708051418,19.0,35.0,0.197834,1.008577,0.00023022614148527002,0.0003341992177493597,3.162213528135014e-05,0.043490474643279986,0.0,0.080282,0.079799,0.006368,-0.187711,0.152032,0.008146,0.064034,6.0596,0.076704,0.13825303591389299,13.0,30.0,-0.396746,-0.452727,0.00023546398446567797,0.0001047446864070523,8.456578666950019e-06,0.041290879378535796,0.0
0.126953,0.126196,0.015925,-0.339546,0.327196,-0.004649,0.097277,8.9005,0.112664,0.16642837894334903,16.0,35.0,0.083733,0.238624,0.00031834101450049497,0.0008234187602198754,3.6862668981687694e-05,0.062025349600307714,0.0,0.076263,0.075903,0.005761,-0.187711,0.152032,0.011015,0.060662,5.6905,0.072031,0.09331098314651004,14.0,30.0,-0.464874,-0.207977,0.0001290978845441984,8.928044577569949e-05,6.537126984886418e-06,0.037300023560370654,0.0
0.111011,0.110327,0.012172,-0.339546,0.319288,0.000492,0.082988,7.2967,0.092364,0.12364602856928616,16.0,35.0,0.093245,0.876494,0.00018410734472702647,0.0005750861568480645,9.486826923620756e-06,0.05315258104004176,0.0,0.071483,0.071088,0.005054,-0.181739,0.152032,0.011875,0.056752,4.9827,0.063072,0.06303022987845613,13.0,27.0,-0.384405,-0.181014,9.620059449146122e-05,7.04914222075643e-05,4.097941986501249e-06,0.03495056000436166,0.0
0.115922,0.115225,0.013277,-0.339546,0.319288,0.006761,0.086703,7.5565,0.095652,0.18459921239719637,16.0,35.0,0.000401,0.5483,0.00010480115284160602,0.0006253824264072398,4.8835651744857524e-06,0.05415283813181075,0.0,0.065064,0.06466,0.004181,-0.164958,0.152032,0.001667,0.050936,4.6497,0.058857,0.11379954794064541,15.0,26.0,0.03167,-0.343492,1.8140549428625052e-05,4.646419882757903e-05,1.560929233755663e-08,0.028662147416448656,0.0
0.118584,0.117852,0.013889,-0.339546,0.319288,-0.004019,0.090001,7.6839,0.097264,0.3192879135617347,14.0,36.0,0.010526,0.383927,5.2355033510768185e-05,0.0006526386683802709,3.2921325791243422e-06,0.056482838769371005,0.0,0.057684,0.057459,0.003301,-0.130375,0.118678,0.005342,0.045805,4.1217,0.052173,0.11679832354518999,16.0,31.0,-0.019572,-0.468383,3.5335819615409355e-05,2.75836730729978e-05,4.5061107537589217e-07,0.026190621432958923,0.0
0.089366,0.08901,0.007923,-0.227905,0.194518,-0.000512,0.068582,6.6711,0.084444,0.10049560396266213,15.0,33.0,-0.213841,-0.059454,0.0002925426779838788,0.00018821753080741627,1.3034720170360054e-05,0.04020151662355894,0.0,0.056294,0.055967,0.003132,-0.130375,0.118678,0.002332,0.045565,4.1957,0.05311,0.07171507790533559,16.0,33.0,-0.221832,-0.542057,5.498295607744712e-05,2.4393618261681592e-05,8.920912913757855e-07,0.02807296358813755,0.0
0.091294,0.090723,0.008231,-0.227905,0.196453,-0.000512,0.070176,6.5151,0.08247,0.1271389622194926,14.0,34.0,-0.222434,-0.026188,0.0001772536737148345,0.00020175789352654873,1.0325899757973221e-05,0.041340832283295374,0.0,0.061267,0.06089,0.003708,-0.22124,0.139799,-0.000396,0.047058,4.913,0.06219,0.06626677763372796,18.0,36.0,-0.536146,1.055791,0.00013104296136247741,5.618105502939812e-05,6.541021378851922e-06,0.028380586577680677,0.0
0.084059,0.083539,0.006979,-0.227905,0.196453,-0.000512,0.06556,6.0007,0.075958,0.07845963920714161,14.0,31.0,-0.222868,0.071438,0.00010726442499488266,0.00014902828540508227,6.605681974229706e-06,0.04003808403919268,0.0,0.067287,0.0669,0.004476,-0.22124,0.148428,0.002308,0.05308,5.3879,0.068201,0.1023008496246876,18.0,36.0,-0.427832,0.426598,0.00015692416170281983,6.97265164385952e-05,6.634203546892945e-06,0.035358797181030334,0.0
0.093278,0.092696,0.008593,-0.17587,0.319571,-0.003929,0.071148,6.9869,0.088442,0.09862857071342085,15.0,32.0,0.38113,0.733039,0.0003211454698744057,0.00027644085279112816,3.988630286998076e-05,0.04245482120873062,0.0,0.077222,0.076866,0.005908,-0.22124,0.192551,-0.005474,0.062304,5.82,0.07367,0.07671085979943562,16.0,39.0,0.041529,-0.051145,5.98776762801408e-05,0.00010261963975626678,2.6545732626609065e-06,0.04294079373701887,0.0
0.101425,0.100824,0.010166,-0.195118,0.319571,-0.003946,0.077472,8.058,0.102,0.15602655074385513,15.0,35.0,0.449959,0.607895,0.0005421733211096903,0.00037766888764921536,5.937272133246863e-05,0.05130461332085279,0.0,0.080406,0.079961,0.006394,-0.22124,0.192551,-0.007619,0.063192,6.3348,0.080187,0.0777123795391146,16.0,37.0,-0.095591,0.160036,0.00010749807245075084,0.00012975826763402662,7.101109400486466e-06,0.041740646256282966,0.0
0.095215,0.094626,0.008954,-0.195118,0.319571,-0.004915,0.070049,7.7851,0.098546,0.15398725810934916,17.0,35.0,0.51484,1.246649,0.00047022406377235344,0.0003426619256822066,5.634739270642875e-05,0.044723574418763914,0.0,0.080962,0.080459,0.006474,-0.214626,0.207857,-0.004446,0.063415,6.526,0.082608,0.12146152202799057,17.0,34.0,0.264172,0.082419,0.00012030629983864584,0.00012868837399323697,4.303807267314966e-06,0.04193153954187397,0.0
0.101397,0.10089,0.010179,-0.218541,0.319571,-0.012636,0.075987,8.3333,0.105485,0.3195705225401927,17.0,35.0,0.529572,0.845169,0.0003863429327109503,0.0003868909212541353,5.287391716464304e-05,0.048626954065974656,0.0,0.082367,0.081872,0.006703,-0.214626,0.207857,-0.004446,0.064403,6.7081,0.084913,0.13999541175905758,17.0,35.0,0.212492,-0.013832,0.00015357023744667783,0.0001350277777403289,4.658063950452943e-06,0.041240409860520855,0.0
0.086555,0.086019,0.007399,-0.218541,0.281873,0.004713,0.064018,6.6631,0.084344,0.1487045479003963,17.0,37.0,0.117018,0.903384,5.132715043727316e-05,0.000213380628191131,1.2089634506424421e-05,0.03895634232101063,0.0,0.077957,0.077563,0.006016,-0.214626,0.207857,0.003078,0.058732,7.0174,0.088828,0.0795407476019517,20.0,30.0,0.123836,0.379485,0.00012659877431396457,0.00012312828710959323,3.519683115939613e-06,0.03522258920243143,0.0
0.073935,0.073475,0.005399,-0.218541,0.183656,-0.003783,0.056757,5.7047,0.072211,0.09269083985718485,16.0,35.0,-0.022138,0.235522,2.5315635877030185e-06,9.427221761530645e-05,2.980343229110609e-06,0.034881606421823065,0.0,0.07517,0.074708,0.005581,-0.147566,0.207857,0.00217,0.056961,7.0064,0.088688,0.15524035993235807,22.0,28.0,0.389066,0.179792,0.0001812340339259413,9.978711423669213e-05,8.339707573503493e-06,0.034093957332078505,0.0
0.085415,0.084899,0.007208,-0.218541,0.183656,-0.001358,0.067678,7.2328,0.091554,0.1836563663670901,18.0,34.0,-0.118955,-0.410361,0.00011163912919607852,0.000135082028223819,5.740564050198358e-06,0.0386772843481265,0.0,0.073803,0.07334,0.005379,-0.155296,0.185944,-0.000497,0.056181,6.7207,0.085072,0.14355398812989129,22.0,33.0,0.274094,-0.053367,0.00010984355559195307,8.529572160181562e-05,4.258575581632856e-06,0.03234320672499411,0.0
0.077369,0.077017,0.005932,-0.171117,0.178613,0.001195,0.060263,6.5987,0.083527,0.09502657544965433,18.0,32.0,-0.168284,-0.238949,3.856769614428619e-06,9.581552921515595e-05,9.287040908040015e-07,0.03287103356806333,0.0,0.0696,0.069175,0.004785,-0.155296,0.185944,-0.005275,0.05237,5.7579,0.072885,0.07036532443595779,21.0,33.0,0.493019,0.263857,0.00014469217355661315,7.389499540490804e-05,5.171636713811963e-06,0.031141642869976626,0.0
0.085018,0.084492,0.007139,-0.171117,0.187667,-0.005694,0.068071,7.4578,0.094403,0.10408688936193528,19.0,26.0,0.055071,-0.572471,1.0681338729343287e-05,0.00012358421894389563,8.450765626790823e-07,0.03991096642239847,0.0,0.078569,0.078251,0.006123,-0.173293,0.21299,-0.007109,0.06052,5.4727,0.069274,0.13703923958725506,15.0,42.0,0.271512,0.159083,3.370902452287652e-05,0.00011569416680873351,3.579840602034934e-06,0.03815061931526036,0.0
0.087324,0.086826,0.007539,-0.261564,0.187667,0.008031,0.068412,7.9441,0.100559,0.11537458572451621,21.0,26.0,-0.361227,0.098117,0.0001700780100169021,0.0001733040662527074,1.340001587144556e-05,0.04146359956308518,0.0,0.083868,0.083386,0.006953,-0.173293,0.21299,-0.001537,0.065182,6.1383,0.0777,0.13265120880498737,16.0,38.0,0.052205,-0.223053,8.661871779261395e-05,0.00013460742268382476,4.105127664786369e-06,0.03981689467159084,0.0
0.082351,0.081841,0.006698,-0.261564,0.187667,0.000881,0.064856,7.0397,0.089111,0.08639578739272932,20.0,27.0,-0.150367,0.307056,6.1359180644925e-05,0.00014801472595086753,9.668685348925384e-06,0.04189716558357237,0.0,0.080817,0.080334,0.006454,-0.173293,0.21299,0.003841,0.064326,5.6791,0.071887,0.07416302416913567,15.0,34.0,0.041603,-0.202874,5.9079342336099126e-05,0.00011667221295825446,3.3841129606159987e-06,0.0425309829481844,0.0
0.083319,0.082871,0.006868,-0.261564,0.199207,-0.002238,0.065817,6.9172,0.08756,0.18766696005593755,19.0,27.0,-0.018779,0.306993,8.302626887868469e-05,0.00015606919019972842,8.666347078071671e-06,0.043122285738694796,0.0,0.079045,0.07858,0.006175,-0.173293,0.21299,0.008541,0.063741,6.0261,0.07628,0.21299038515482518,16.0,31.0,-0.086137,-0.1655,1.3281634595453846e-06,0.00010772062290919629,1.9225000622080265e-06,0.04404684453626307,0.0
0.077369,0.076886,0.005912,-0.261564,0.199207,0.005739,0.059335,6.3971,0.080976,0.08032970434998585,18.0,27.0,-0.249119,0.887757,0.00010301502813551211,0.00013559711633062596,1.0858091519679591e-05,0.038261969091203586,0.0,0.07698,0.076581,0.005865,-0.164165,0.217092,0.004468,0.062254,6.2504,0.079119,0.12224940723783528,16.0,28.0,0.091722,-0.164988,0.00010394829810704427,9.811989115758002e-05,5.456179377060016e-06,0.04340745096388478,0.0
0.078565,0.078207,0.006116,-0.17248,0.199207,-0.009176,0.063281,6.3679,0.080607,0.14465990929324346,18.0,29.0,0.321516,-0.295164,6.903367398068047e-05,9.845483793979505e-05,3.2802652778271708e-06,0.04168602733644863,0.0,0.076401,0.075967,0.005771,-0.164165,0.217092,-0.001686,0.061706,5.8795,0.074424,0.12390164229796435,14.0,30.0,0.326611,-0.008583,9.75625619317736e-05,9.812712278565387e-05,6.4997788945102525e-06,0.043267673349139994,0.0
0.075945,0.075489,0.005699,-0.17248,0.199207,-0.006253,0.059918,6.1135,0.077386,0.06848240515225677,17.0,28.0,0.129394,-0.089065,2.533377090918026e-05,9.414047620322897e-05,1.5583039379309874e-06,0.04096924545626774,0.0,0.079406,0.078915,0.006228,-0.164165,0.217092,-0.003901,0.063648,6.6401,0.084052,0.09048343405584608,17.0,31.0,0.377512,-0.049873,0.00016641515471980617,0.00011365733084478737,8.853754986753006e-06,0.044491799461611206,0.0
0.074372,0.073945,0.005468,-0.17248,0.15098,-0.005291,0.059605,6.3148,0.079935,0.06469581601357534,19.0,27.0,-0.075841,-0.455072,8.844608290944298e-06,7.582097006163954e-05,8.652563802172334e-07,0.04099171919776269,0.0,0.085547,0.085015,0.007228,-0.188485,0.217092,-0.004725,0.069244,7.2062,0.091218,0.15503403913044322,18.0,33.0,0.295781,-0.297383,0.0001637949168801115,0.00014058040757656236,7.558601967666293e-06,0.048496930953465155,0.0
0.089099,0.088727,0.007872,-0.26201,0.15098,-0.005765,0.070201,6.7474,0.08541,0.14521644196620578,18.0,29.0,-0.463706,0.245979,0.00045738462399113613,0.0002084500255816907,3.1982116306924506e-05,0.048060543268972605,0.0,0.084273,0.083745,0.007013,-0.188485,0.188086,-0.004725,0.068249,7.0642,0.08942,0.08673982263830243,20.0,33.0,0.223237,-0.433774,0.00012819472807728999,0.0001261485260284439,4.663954143263274e-06,0.04740455837881604,0.0
0.089572,0.089065,0.007933,-0.26201,0.20584,0.001786,0.069253,6.617,0.083759,0.15097995635950717,17.0,30.0,-0.49486,0.535293,0.0002747083437838126,0.00021802020314230338,2.5702846499810188e-05,0.04410108835021845,0.0,0.084135,0.083608,0.00699,-0.188485,0.220841,-0.014533,0.067705,7.3472,0.093002,0.1800667947937526,21.0,35.0,0.445403,-0.144668,0.00025182917500943063,0.0001391042991830301,1.071667936565174e-05,0.04939307720524576,0.0
0.091923,0.091347,0.008344,-0.26201,0.20584,0.001786,0.071991,7.0583,0.089346,0.10762643162052853,18.0,30.0,-0.462603,0.231354,0.0003467240922299408,0.0002246568204816832,2.7560272409728296e-05,0.043478033819258924,0.0,0.081834,0.081325,0.006614,-0.188485,0.220841,-0.013132,0.06558,6.7134,0.08498,0.15118122414922133,18.0,39.0,0.282874,0.011315,0.00013604166905024,0.00013122440569076588,6.636136655228521e-06,0.048172543241904286,0.0
0.093413,0.09286,0.008623,-0.26201,0.20584,-0.001621,0.072925,7.0056,0.088678,0.0794367248620168,18.0,30.0,-0.369656,0.19337,0.0003596547617406434,0.0002403553559976089,2.8080552646065736e-05,0.04536866197563071,0.0,0.08441,0.083916,0.007042,-0.18503,0.220841,-0.014222,0.066112,6.899,0.087329,0.1880859920586309,18.0,34.0,0.265759,0.142022,0.00010583260084658201,0.00015428015208460063,7.166977675032031e-06,0.04638165434000815,0.0
0.09268,0.092725,0.008598,-0.221904,0.314892,0.001473,0.070242,6.7453,0.085384,0.13975731560384094,18.0,34.0,0.206785,0.748932,0.0004364102766546826,0.00028257561778696543,3.6144741236353545e-05,0.040851453745163545,0.0,0.078106,0.077648,0.006029,-0.18503,0.220841,0.005305,0.061349,6.0661,0.076786,0.22084137771377257,14.0,36.0,0.09349,0.321949,8.388363414646473e-05,0.00012112921495833478,5.278499511332116e-06,0.043078665681907616,0.0
0.097692,0.097113,0.009431,-0.221904,0.314892,-0.002585,0.073466,7.5187,0.095173,0.07674775555472804,17.0,31.0,0.294352,0.601811,0.0001978056409083204,0.00031755152005265416,3.206513228206539e-05,0.041341784805662064,0.0,0.076116,0.075645,0.005722,-0.18503,0.204845,0.004673,0.058567,5.6312,0.071282,0.11702899398736881,15.0,30.0,-0.082031,0.449182,5.2822939264786543e-05,0.0001130765779443249,2.9416874408640916e-07,0.036881594189159664,0.0
0.096212,0.095609,0.009141,-0.221904,0.314892,-0.001421,0.072492,6.7244,0.08512,0.16580872520932743,14.0,34.0,0.311128,0.67617,0.00026578460557915754,0.0003069406785690956,3.3995114159073215e-05,0.04351916049194309,0.0,0.075851,0.075376,0.005682,-0.18503,0.204845,0.005293,0.058051,5.7437,0.072706,0.07621742076501074,15.0,28.0,-0.017253,0.353777,1.2774636929531935e-05,0.00010826760946463899,1.7900194735954835e-06,0.036198002937593156,0.0
0.103612,0.102983,0.010605,-0.221904,0.314892,0.000665,0.076492,6.8655,0.086906,0.16186246606695942,13.0,36.0,0.347397,0.483961,0.0004452202581855831,0.00039496709167039244,4.397932180868544e-05,0.04178140057280058,0.0,0.083046,0.082604,0.006823,-0.343135,0.20692,0.015881,0.060819,6.0064,0.07603,0.11130778263982871,14.0,31.0,-0.68483,2.90786,0.00031149937170063514,0.0002690229550271698,5.073756308526507e-05,0.037673594954442294,0.0
0.091766,0.091302,0.008336,-0.220116,0.234976,-0.001687,0.069311,6.3451,0.080318,0.22133921197293321,15.0,32.0,0.359849,0.250967,0.00016004682159572836,0.00022089203096118298,1.2275576890694886e-05,0.0383651607846374,0.0,0.084421,0.083893,0.007038,-0.343135,0.20692,0.005283,0.062998,6.8275,0.086424,0.2048449508557632,17.0,30.0,-0.544877,2.476157,0.00033094450107898604,0.0002718069579460375,5.110129248472565e-05,0.04055464753065773,0.0
0.086691,0.086157,0.007423,-0.220116,0.234976,-0.003971,0.065583,6.7767,0.085781,0.11569801695634352,18.0,30.0,0.374996,0.320555,0.000211592170705363,0.00018174668011568745,1.1029901792941063e-05,0.03965738590271433,0.0,0.084054,0.083527,0.006977,-0.343135,0.20692,0.010303,0.065916,7.2688,0.09201,0.06877052987073737,18.0,32.0,-0.691931,2.176117,0.00039938277365125265,0.00025165267746465387,5.468413482544865e-05,0.04941429013456151,0.0
0.087384,0.086836,0.00754,-0.220116,0.234976,-0.008232,0.064836,7.5123,0.095093,0.21006656390790884,20.0,24.0,0.488789,0.518651,0.00031638097808805554,0.00019985847649787113,1.6029925298646947e-05,0.036491395712154755,0.0,0.089186,0.088638,0.007857,-0.343135,0.20692,-0.00526,0.071666,8.0143,0.101447,0.13100603469660396,20.0,36.0,-0.576467,1.427748,0.00043497362223380567,0.00027556641344146817,5.626918061751925e-05,0.055338787578491894,0.0
0.090575,0.090034,0.008106,-0.28564,0.210614,-0.008232,0.070632,7.5598,0.095693,0.12277243094157574,19.0,24.0,0.07032,0.343236,1.5709384105559893e-06,0.00021920749222880052,1.1741473031513419e-05,0.043887274498032036,0.0,0.072539,0.072094,0.005198,-0.172273,0.164962,0.000738,0.060556,6.5515,0.08293,0.09079887623168988,20.0,34.0,-0.279997,-0.521353,0.00012358133609923058,6.747030410103392e-05,3.6971668085262372e-06,0.044144440703686734,0.0
0.098129,0.097559,0.009518,-0.28564,0.210614,-0.008232,0.077245,7.9976,0.101235,0.17430770592163708,18.0,27.0,-0.097646,0.072514,0.00017542247669293464,0.0002793936169543359,2.1229943499398312e-05,0.04971442059337759,0.0,0.077386,0.076916,0.005916,-0.204856,0.164962,0.004731,0.061769,7.0088,0.088719,0.06464645029228767,20.0,32.0,-0.416642,-0.006586,0.00021672139181163922,0.00010593537873966221,8.651091528366475e-06,0.042160289903803154,0.0
0.094807,0.09433,0.008898,-0.28564,0.210614,0.009684,0.074783,7.482,0.094709,0.21061379026067079,17.0,27.0,-0.291798,0.313248,0.00011851297305641856,0.00025761459016157567,2.0902463011722235e-05,0.047874755630957465,0.0,0.077053,0.076575,0.005864,-0.204856,0.164962,0.014518,0.060619,6.7804,0.085828,0.09062095661577077,18.0,30.0,-0.55903,0.236341,0.000234714460097433,0.00011034926342349547,9.908087226473652e-06,0.04113115205723397,0.0
0.095777,0.095303,0.009083,-0.28564,0.200063,0.016115,0.077414,6.9661,0.088178,0.1719516720425865,15.0,31.0,-0.40068,0.09605,0.00021195789586265145,0.0002485833473899714,2.6159700647046005e-05,0.05466839527402935,0.0,0.071897,0.071509,0.005114,-0.204856,0.156384,0.014518,0.055514,5.9409,0.075202,0.06624746661360036,17.0,27.0,-0.537346,0.592583,0.000149921875725921,9.153025010757011e-05,7.182263729181544e-06,0.03619546115996852,0.0
0.086725,0.086191,0.007429,-0.239476,0.174893,0.00574,0.06935,6.3693,0.080624,0.08840719702131478,16.0,32.0,-0.31657,-0.248874,0.00017374596603385073,0.00015078878769091893,1.0955471025248844e-05,0.04728015437222827,0.0,0.078906,0.078429,0.006151,-0.204856,0.181732,0.001745,0.060954,6.7821,0.085849,0.15638397674832344,19.0,30.0,-0.306006,0.298162,0.00017812548087790274,0.00012575736771020538,8.240756208600886e-06,0.0408028413109619,0.0
0.079921,0.079499,0.00632,-0.207468,0.163193,0.007074,0.064832,6.2989,0.079733,0.1225442902016329,16.0,32.0,-0.353841,-0.239013,0.00011019058405940128,0.00010780755272304364,6.619207747536317e-06,0.0464462902179414,0.0,0.074289,0.073857,0.005455,-0.190101,0.181732,0.01112,0.059461,6.2187,0.078718,0.0972477010506533,18.0,32.0,-0.315897,0.107042,9.055283220306558e-05,9.131088542102524e-05,3.6274682468607585e-06,0.042270288435100514,0.0
0.085417,0.084883,0.007205,-0.224423,0.163193,0.00574,0.067934,6.6132,0.083712,0.09445525859261876,18.0,32.0,-0.402009,-0.151513,0.00025579426636187553,0.00014832674999245622,1.3754934126591184e-05,0.04811648785640086,0.0,0.073521,0.073061,0.005338,-0.190101,0.181732,0.004079,0.05817,6.1438,0.077769,0.1537222741310537,18.0,31.0,-0.253015,0.140629,9.53457874870048e-05,8.940277916434254e-05,3.4001917667968573e-06,0.040080004476806465,0.0
0.083996,0.083625,0.006993,-0.224423,0.163193,0.00574,0.067181,6.7913,0.085966,0.16319324488877165,18.0,36.0,-0.394634,-0.157145,0.0003361548815470249,0.0001437584669391765,1.5304355319744443e-05,0.04846480022140881,0.0,0.073594,0.073187,0.005356,-0.190101,0.181732,-0.001984,0.059352,6.2252,0.0788,0.10387656835102324,18.0,33.0,-0.241789,-0.107179,0.00013993195784965223,8.407532253702089e-05,4.379268325951498e-06,0.042255455359296056,0.0
0.081183,0.080696,0.006512,-0.224423,0.170881,0.014163,0.065856,6.8229,0.086366,0.13068161530943326,19.0,34.0,-0.438141,0.004653,0.000193941836300267,0.00012570539822964107,1.0830241939896294e-05,0.050098048063478215,0.0,0.074106,0.073716,0.005434,-0.216725,0.145035,0.024249,0.061514,6.2157,0.07868,0.07696407604569416,18.0,29.0,-0.484556,-0.092251,0.00013962482301126572,8.331194199241195e-05,7.300494581688846e-06,0.04718700238940322,0.0
0.094318,0.093753,0.00879,-0.24338,0.210758,0.016843,0.076086,6.7431,0.085355,0.10658543075725738,17.0,36.0,-0.371525,-0.130657,0.00024747521525136815,0.00021897356492200752,1.5666925648795168e-05,0.056817219449408866,0.0,0.078561,0.078075,0.006096,-0.216725,0.215931,0.004089,0.063116,6.2807,0.079503,0.10771632896372904,16.0,32.0,-0.188759,0.374381,7.07680282459103e-05,0.00012500447544494647,4.568894111873008e-06,0.046895205091216856,0.0
0.092681,0.092276,0.008515,-0.24338,0.210758,0.006546,0.076197,6.5395,0.082778,0.09741650493330054,16.0,37.0,-0.07505,-0.288377,0.00020399789522117066,0.00019809892088877494,9.417210902326542e-06,0.05842382426271827,0.0,0.083959,0.083434,0.006961,-0.216725,0.215931,-0.011408,0.068047,6.6857,0.084629,0.07362257796568025,16.0,35.0,-0.061245,0.086521,4.606867689628136e-05,0.00014963824272621408,3.835375714713266e-06,0.05078108526357582,0.0
0.09686,0.096254,0.009265,-0.24338,0.210758,0.013745,0.079351,7.034,0.089037,0.17088050857676185,16.0,33.0,-0.066365,-0.394533,4.562935747461918e-05,0.00022353242818959874,4.464341751517643e-06,0.05774437783363563,0.0,0.093304,0.092719,0.008597,-0.263922,0.215931,0.017915,0.075278,7.6201,0.096456,0.09860226355569225,17.0,37.0,-0.469846,0.187351,0.00037135683353598913,0.0002353791986973322,2.409552558671201e-05,0.057466145649968874,0.0
0.097197,0.096601,0.009332,-0.24338,0.210758,-0.005218,0.079554,7.1848,0.090947,0.10844367457958054,16.0,33.0,0.047429,-0.420058,2.4037366983889972e-06,0.00022441018406769024,3.2817836068864857e-06,0.0556898913783654,0.0,0.09361,0.093063,0.008661,-0.263922,0.215931,0.005612,0.07326,7.4545,0.094361,0.07410396135527703,16.0,40.0,-0.241775,0.201824,0.00026550490150287497,0.00024225881211796703,1.5713404926381874e-05,0.05108655163440482,0.0
0.081326,0.080913,0.006547,-0.167446,0.184329,-0.017339,0.067283,6.6582,0.08428,0.17602339869849318,15.0,35.0,0.352673,-0.418251,0.00010870300232809988,0.00010780273703349837,5.479042120432641e-06,0.04810323659754609,0.0,0.092197,0.091619,0.008394,-0.263922,0.210556,0.010207,0.07184,7.5441,0.095494,0.11358826667255016,17.0,36.0,-0.395422,0.119597,0.0003091585317388923,0.00022005017784223075,1.8210253653301617e-05,0.04677072064564638,0.0
0.083467,0.082978,0.006885,-0.193077,0.184329,0.006114,0.068494,6.7823,0.085852,0.0842904523248302,15.0,34.0,-0.137847,-0.347585,2.9551041301305358e-05,0.00012502426859641876,1.7365748208181955e-06,0.04791353899633398,0.0,0.090101,0.089542,0.008018,-0.263922,0.210556,0.011893,0.069974,7.5055,0.095007,0.09521935450525125,19.0,35.0,-0.450283,0.173793,0.0003463900644099256,0.00020526701178198164,1.928596310054427e-05,0.04552525508211232,0.0
0.07848,0.078009,0.006085,-0.193077,0.168664,0.006114,0.063777,6.5839,0.08334,0.16866384361969275,17.0,34.0,-0.261809,-0.236119,9.11199555195275e-05,0.00010146268213604196,4.821597934969846e-06,0.04482438437309572,0.0,0.086688,0.086161,0.007424,-0.217042,0.210556,0.008868,0.068273,7.2348,0.09158,0.0862497272810068,18.0,33.0,-0.161319,-0.081767,6.483623269285717e-05,0.0001601240833567896,3.166191816014996e-06,0.04556074629742218,0.0
0.084525,0.083996,0.007055,-0.236286,0.20421,0.006114,0.066697,6.8956,0.087286,0.07748210293407576,17.0,33.0,-0.351306,0.142756,0.00021766078068617814,0.00015681439479808563,1.1215331105699e-05,0.04372423450095244,0.0,0.081892,0.081379,0.006623,-0.217042,0.174823,0.001133,0.066494,7.2426,0.091678,0.1748233241378096,20.0,31.0,-0.226467,-0.192864,0.00011966850213159503,0.00012305758543076098,6.711625129105539e-06,0.046411455413055996,0.0
0.087946,0.08743,0.007644,-0.236286,0.20421,0.004494,0.070259,7.1622,0.090661,0.08052619613460116,17.0,31.0,-0.286704,-0.145191,0.0002487249403696206,0.00016874123994734783,1.1929312212582431e-05,0.046266093221429466,0.0,0.081023,0.08054,0.006487,-0.217042,0.16314,-0.005477,0.066632,7.4395,0.094171,0.11308260017036909,21.0,32.0,-0.193415,-0.328726,0.00014046838417145697,0.00011323943357450717,6.754178275558264e-06,0.04973215064024245,0.0
0.082809,0.082336,0.006779,-0.236286,0.20421,0.005444,0.065842,6.6207,0.083806,0.09095783037097556,17.0,32.0,-0.160688,-0.025364,3.332350591619621e-05,0.0001357197283056232,4.73946103480759e-06,0.04327783293865049,0.0,0.087478,0.086934,0.007558,-0.25543,0.16314,-0.007682,0.070721,7.7413,0.097991,0.09058280308990486,20.0,30.0,-0.378446,0.014113,0.00022771686490083881,0.00017123774601486336,1.7973722661382503e-05,0.05185487642951197,0.0
0.095033,0.094439,0.008919,-0.288665,0.20421,-0.001058,0.072743,7.3299,0.092784,0.1629759728185887,16.0,32.0,-0.467192,0.60635,0.0004083944874568752,0.0002877317683628386,3.722640245736087e-05,0.04448243543076467,0.0,0.087705,0.087156,0.007596,-0.25543,0.233923,-0.003473,0.069459,7.9885,0.101121,0.13485808558820478,20.0,30.0,-0.189269,0.161903,0.00011918876504170628,0.00018231162147406673,7.832312825452808e-06,0.048290656543556264,0.0
0.094054,0.093465,0.008736,-0.288665,0.199369,0.002483,0.073997,7.13,0.090253,0.12941888775426913,16.0,30.0,-0.463052,0.351416,0.0003886268986401639,0.0002563637340182823,3.440329470564352e-05,0.04844723381073025,0.0,0.09107,0.090521,0.008194,-0.25543,0.233923,-0.00112,0.072814,8.2241,0.104103,0.15177221638675203,20.0,29.0,-0.146648,0.027957,6.0134758533722295e-05,0.00020244213220477116,5.422389325234405e-06,0.05323729569891479,0.0
0.10401,0.103373,0.010686,-0.288665,0.296039,0.009594,0.078093,7.7743,0.098409,0.08686749792174886,18.0,30.0,-0.406424,0.851176,0.00039214632504095944,0.00043654190071692556,2.8740118652214934e-05,0.045486936166415935,0.0,0.088506,0.087952,0.007736,-0.25543,0.233923,-0.006214,0.070175,8.0039,0.101315,0.0993471929296641,20.0,29.0,-0.122142,0.173674,7.266156968191946e-05,0.00018976221717432036,5.6245545626620685e-06,0.050341387622370004,0.0
0.119638,0.119088,0.014182,-0.37659,0.296039,0.005599,0.089224,9.7173,0.123004,0.15143333115866925,19.0,27.0,-0.592344,0.777558,0.001288339590730059,0.0007861893688275962,0.0001420119803572536,0.05075296268444872,0.0,0.082642,0.082128,0.006745,-0.1633,0.233923,0.006816,0.066405,7.3291,0.092773,0.0676533111855695,19.0,31.0,0.085021,-0.158738,6.404066059180458e-05,0.0001294227512716764,7.4931350316803996e-06,0.04787109836220073,0.0
0.119381,0.118713,0.014093,-0.37659,0.296039,0.014577,0.093356,9.7719,0.123695,0.12832876376491517,19.0,25.0,-0.492609,0.59781,0.0006379336839482227,0.000699843946015876,0.00010025305482295906,0.059731365159745434,0.0,0.079018,0.078543,0.006169,-0.177474,0.214514,0.010656,0.062643,7.1941,0.091065,0.13789641117763335,21.0,31.0,0.055676,-0.05926,6.0079982320671846e-05,0.00011210726999709836,4.949796995232586e-06,0.04451566838997058,0.0
0.124865,0.124086,0.015397,-0.37659,0.296039,0.018009,0.095427,9.8465,0.12464,0.2960387539677246,18.0,29.0,-0.64972,0.658811,0.001194047132490399,0.0008623400721681354,0.00015695744315919125,0.05902868960677707,0.0,0.089251,0.088696,0.007867,-0.177474,0.253404,0.006816,0.071068,7.5727,0.095857,0.11064192256297371,20.0,27.0,0.391956,-0.075445,0.0002936184852213845,0.00018193204673234398,1.973103763533867e-05,0.04982434000506226,0.0
0.121125,0.120373,0.01449,-0.37659,0.197586,0.018009,0.094541,9.9133,0.125485,0.09844166691458922,18.0,30.0,-0.815291,0.67919,0.0013644349100697607,0.0007649142757071615,0.00018211198449601292,0.06466217201391677,0.0,0.100825,0.100208,0.010042,-0.252941,0.253404,0.009883,0.081523,8.5103,0.107725,0.09857566352513512,17.0,32.0,0.056993,-0.285351,4.560237593719918e-06,0.000273344292843407,2.8240007825300318e-06,0.05802662378614231,0.0
0.124431,0.123742,0.015312,-0.335785,0.334596,0.018009,0.098789,9.858,0.124784,0.19758647781317606,19.0,32.0,-0.413768,0.244005,0.0005648543121252287,0.0007455917021607629,5.6076935533964285e-05,0.06831391745625068,0.0,0.102329,0.101688,0.01034,-0.258507,0.253404,0.02007,0.082215,9.1218,0.115466,0.10896487280837631,20.0,27.0,-0.157399,-0.026841,0.00015645257103484702,0.00031771097906707244,1.0986143731592132e-05,0.06027718296153513,0.0
0.115941,0.115409,0.013319,-0.335785,0.334596,0.000786,0.089116,9.0489,0.114542,0.14950389746470524,18.0,33.0,-0.36661,0.731934,0.000828164482161459,0.0006762266335001916,6.467849277192539e-05,0.05996538394674527,0.0,0.1034,0.102782,0.010564,-0.258507,0.253404,0.002609,0.084725,8.8932,0.112572,0.11206444959263302,17.0,32.0,-0.171679,-0.270372,0.00026489848919370926,0.0003065137761050202,1.70963924885013e-05,0.058621434768311484,0.0
0.114738,0.114114,0.013022,-0.330982,0.334596,-0.007921,0.090293,8.7821,0.111166,0.13228887019951815,16.0,31.0,-0.3368,0.758027,0.0006810205352465237,0.0006461268813743358,5.596452085007452e-05,0.06593307181171566,0.0,0.092887,0.092366,0.008531,-0.258507,0.155609,0.006727,0.074823,8.1071,0.102621,0.11251096222176311,17.0,35.0,-0.568941,-0.047381,0.0005335445524660004,0.00022094323108558006,3.352773037829244e-05,0.050719617051462274,0.0
0.118768,0.118027,0.01393,-0.330982,0.334596,-0.000828,0.093083,8.6965,0.110082,0.3345957166204655,15.0,33.0,-0.143289,0.388642,0.00027788348352590696,0.0006585318624742249,2.5028834277596742e-05,0.06035348256590149,0.0,0.087599,0.087133,0.007592,-0.258507,0.22934,0.001766,0.069834,7.4142,0.093851,0.08781561461348146,17.0,36.0,-0.281351,0.188516,9.911465891946688e-05,0.00018092100581398486,1.0197044369261035e-05,0.044736402575922596,0.0
0.098124,0.097515,0.009509,-0.330982,0.222191,0.004448,0.076171,6.9493,0.087966,0.11780635221170682,15.0,35.0,-0.340389,0.709862,0.00028235229675559095,0.00033397899666357694,4.0591752019427306e-05,0.04738904878316583,0.0,0.097232,0.096629,0.009337,-0.204399,0.22934,-0.005129,0.078324,7.84,0.099241,0.0952441779998543,15.0,41.0,0.046168,-0.413869,1.0331978623684162e-05,0.000225285597133911,2.806489198877439e-06,0.04931507047603294,0.0
0.099493,0.098872,0.009776,-0.330982,0.222191,0.003487,0.076623,7.2878,0.09225,0.16639893010505877,16.0,37.0,-0.318442,0.619104,0.00028679596503594456,0.0003449630980216871,4.0478623634490756e-05,0.04602141634781048,0.0,0.095781,0.095182,0.00906,-0.204399,0.22934,-0.004834,0.076949,7.8527,0.099401,0.0933893512032949,17.0,37.0,-0.018449,-0.309811,1.741220444927854e-06,0.0002207688303590886,2.1976538768640872e-06,0.05234907895302636,0.0
0.087059,0.086587,0.007497,-0.185243,0.222191,0.003502,0.066768,6.7264,0.085144,0.22219086259739312,18.0,36.0,0.116234,0.075651,0.00015579792279371462,0.000173945514183944,8.781101622171887e-06,0.038558574751203716,0.0,0.108008,0.107352,0.011524,-0.204399,0.325706,-0.001574,0.086649,8.983,0.113708,0.08962708522140483,18.0,36.0,0.206886,-0.073703,0.0003278488319414876,0.000390783118741703,4.4563292031279414e-05,0.055155812516566635,0.0
0.080191,0.079783,0.006365,-0.185243,0.232381,-0.003838,0.063587,6.7127,0.084971,0.07148086084144874,19.0,31.0,0.194365,-0.017403,2.4425389231029634e-05,0.00011932346135951335,4.569505247621245e-06,0.040892278575572115,0.0,0.102528,0.10193,0.01039,-0.204399,0.325706,-0.005231,0.081312,9.034,0.114355,0.187522478645192,23.0,29.0,0.228046,0.260533,0.00014611206763834322,0.00034897397711173433,3.630006717704629e-05,0.05413194671004985,0.0
0.085807,0.085293,0.007275,-0.163278,0.232381,-0.013289,0.071311,6.6231,0.083836,0.13229606971024943,17.0,29.0,0.250846,-0.604777,0.00011157541762905283,0.0001255486639221764,7.274840137586612e-06,0.05077999586191051,0.0,0.096673,0.096069,0.009229,-0.208551,0.325706,1e-05,0.076162,8.7939,0.111316,0.12595348487979524,24.0,28.0,0.088822,0.546704,6.03960443473613e-05,0.00030189598829682436,2.880294517247367e-05,0.05021618704009252,0.0
0.091543,0.090976,0.008277,-0.176348,0.232381,0.001773,0.075042,7.6258,0.09653,0.10608776197784965,18.0,24.0,0.125497,-0.535873,0.0001238133141662615,0.0001692612582651995,9.351975482499933e-06,0.05273311090661885,0.0,0.095405,0.09485,0.008996,-0.208551,0.325706,-0.003576,0.076555,8.3207,0.105325,0.14009700546623743,22.0,29.0,0.252099,0.582408,0.00013785091250414285,0.00028740917502750136,3.2733209701017544e-05,0.0519240227585001,0.0
0.095268,0.094683,0.008965,-0.198941,0.232381,-0.002009,0.078034,7.368,0.093266,0.07980635141745085,17.0,28.0,0.044372,-0.554142,2.7619842796661662e-06,0.0001963635016282415,4.9395515796213435e-06,0.05481368131032088,0.0,0.085899,0.085473,0.007306,-0.208551,0.172144,-0.003576,0.071225,7.2535,0.091817,0.07991978354417549,20.0,29.0,-0.185246,-0.458317,0.0002110460040217552,0.00013780186480850904,9.939697118933757e-06,0.05312009780284534,0.0
0.098038,0.097742,0.009554,-0.198941,0.25742,0.016743,0.079358,8.2063,0.103877,0.12694232034402902,18.0,30.0,-0.133766,-0.33744,0.00010137483398853586,0.00023950099991156782,1.0222978418742294e-05,0.05493521507338833,0.0,0.085336,0.084804,0.007192,-0.208551,0.172525,0.01494,0.070637,6.8536,0.086754,0.07785097160558309,17.0,33.0,-0.196412,-0.418043,0.00010519837354467935,0.00013321966655735015,5.990180529234491e-06,0.05297056863060384,0.0
0.100382,0.099757,0.009951,-0.216853,0.25742,0.000293,0.079036,8.8098,0.111517,0.09442829999620604,18.0,31.0,-0.067213,-0.3035,3.986015180405429e-05,0.0002667981163653532,4.1310600880729255e-06,0.050663258992012294,0.0,0.078939,0.078457,0.006155,-0.192617,0.172525,0.005056,0.063809,6.1955,0.078424,0.07595084756078088,16.0,33.0,-0.018984,-0.298288,1.6248026244815045e-05,0.00010232256932560081,1.1549887103789319e-07,0.044796682268843264,0.0
0.096441,0.095837,0.009185,-0.216853,0.25742,-0.005192,0.077371,7.9085,0.100108,0.15113170560363648,16.0,34.0,0.012216,-0.286447,1.8117711223702158e-05,0.00022892283439277352,4.647171337665481e-06,0.052218779049924884,0.0,0.076941,0.076503,0.005853,-0.192617,0.172525,0.010808,0.060876,6.3237,0.080047,0.17214362105223185,17.0,31.0,-0.107187,-0.113775,2.4976317984528424e-06,9.837736671191822e-05,8.971488965602775e-07,0.04174475048351413,0.0
0.108639,0.107991,0.011662,-0.245076,0.25742,-0.004399,0.088359,9.6759,0.12248,0.14153442997948174,17.0,33.0,-0.014511,-0.499411,7.522814955035076e-05,0.0003399748099673478,4.8199418720205715e-06,0.06192936356281296,0.0,0.080223,0.079796,0.006367,-0.225579,0.277407,0.003482,0.058637,6.7918,0.085972,0.17252541762452478,19.0,29.0,0.108033,1.460258,0.00012139089303196352,0.00018137658602303592,1.2043090759722457e-05,0.034753795395235806,0.0
0.104392,0.103761,0.010766,-0.245076,0.228183,-0.006569,0.084574,9.2006,0.116463,0.09794426008496813,17.0,33.0,0.006265,-0.470825,6.428604568186912e-05,0.00029315320578097526,4.6418076986344615e-06,0.05835132989814434,0.0,0.085781,0.085262,0.00727,-0.225579,0.277407,0.003482,0.064676,7.3011,0.092419,0.15650238581075976,19.0,29.0,0.057929,0.661017,7.534841784138967e-05,0.00019370309970152697,1.0706703731673233e-05,0.0379259877248322,0.0
0.107998,0.10734,0.011522,-0.245076,0.228183,-0.003235,0.088503,9.3612,0.118496,0.09652050745873583,17.0,33.0,0.023762,-0.635735,9.981743044471347e-05,0.0003141675882955189,2.1195529150008237e-06,0.06211090410502003,0.0,0.084958,0.084426,0.007128,-0.225579,0.277407,0.002259,0.064614,7.3126,0.092565,0.08693732681447128,19.0,28.0,0.163378,0.620283,9.703804972671102e-05,0.00018390182840762994,1.299644232754685e-05,0.038575876517473226,0.0
0.117363,0.116638,0.013604,-0.245076,0.27577,-0.010759,0.094633,10.1804,0.128866,0.18390277116205414,18.0,32.0,0.199073,-0.482394,0.0003798279224300993,0.00046796595871748115,3.0306825525428667e-05,0.06461868826234096,0.0,0.095297,0.094708,0.00897,-0.225579,0.277407,0.007683,0.073478,8.4513,0.106978,0.2774066769185465,18.0,27.0,0.094212,0.349009,0.0001147080394672349,0.000269842344487206,1.687844323306357e-05,0.04529705540796215,0.0
0.107744,0.10707,0.011464,-0.202606,0.27577,-0.009545,0.086234,8.9456,0.113236,0.12792829292263572,19.0,26.0,0.288607,-0.303989,0.00033507451645931903,0.0003535258922884094,3.176616019142378e-05,0.057220754270349276,0.0,0.090161,0.0896,0.008028,-0.224867,0.247373,0.01047,0.072341,7.8929,0.09991,0.10783761126106323,18.0,29.0,0.036096,-0.174759,4.758655690154806e-05,0.00018218712499644586,6.119122038941075e-06,0.0508445136429337,0.0
0.108802,0.108156,0.011698,-0.23118,0.27577,-0.013926,0.08822,9.2143,0.116637,0.1212623807072864,19.0,24.0,0.243303,-0.362222,0.00020940019926566738,0.0003575685474579156,2.277832557649374e-05,0.059588431333784386,0.0,0.111425,0.110775,0.012271,-0.424635,0.247373,0.003659,0.084059,8.9843,0.113726,0.11853490590352558,18.0,30.0,-0.493402,1.59119,0.0007903681345156023,0.0006997002910048839,0.0001610196126445316,0.05623856718440239,0.0
0.105613,0.104961,0.011017,-0.23118,0.27577,-0.012096,0.086206,8.9244,0.112968,0.13180853566141565,21.0,25.0,0.225962,-0.299538,0.00021316449660480048,0.0003262515563196538,2.324409705466262e-05,0.061312791708569514,0.0,0.111531,0.110832,0.012284,-0.424635,0.247373,0.010595,0.086237,8.9167,0.11287,0.24737285590482072,17.0,32.0,-0.545041,1.573004,0.0007475005641827343,0.0006904563444870802,0.0001605844111217843,0.06193661758771889,0.0
0.111448,0.110859,0.01229,-0.428763,0.173844,0.014452,0.088276,9.4963,0.120207,0.13656302023335268,21.0,22.0,-0.903837,1.285044,0.0014090320937891216,0.0006706089261861986,0.0002092431816391737,0.06159739541465868,0.0,0.118765,0.118163,0.013962,-0.424635,0.303919,-0.009865,0.092256,8.9647,0.113477,0.17289562658364765,16.0,37.0,-0.2422,1.02954,0.0006407929303047511,0.0007938279345502544,0.00013775251199852164,0.06385885202023053,0.0
0.119505,0.118788,0.014111,-0.428763,0.261382,0.017656,0.092944,9.6468,0.122111,0.11307560316732117,19.0,32.0,-0.7939,1.125769,0.0012127445895709584,0.0008065363689269106,0.00020440220434065175,0.06303765383338072,0.0,0.123064,0.122297,0.014956,-0.424635,0.303919,0.004356,0.096409,8.9847,0.113731,0.1689130222489599,15.0,40.0,-0.367158,0.761519,0.0007142658728753778,0.0008439738074375057,0.00014753470245232298,0.06497156122479418,0.0
0.120465,0.119969,0.014393,-0.428763,0.261382,0.025842,0.093913,8.711,0.110266,0.12983690137198856,16.0,34.0,-0.721679,1.16715,0.0008988045152757568,0.0008220943234109638,0.000185253181708464,0.06562047764565847,0.0,0.107623,0.107039,0.011457,-0.246696,0.303919,0.001277,0.084042,8.2773,0.104776,0.1170274055211083,16.0,38.0,0.207559,0.003164,0.0004056755704680163,0.00039871691128083857,3.588632388986097e-05,0.05234945408298332,0.0
0.124016,0.12324,0.015188,-0.428763,0.261382,0.014115,0.092119,8.4103,0.10646,0.15987845078201407,13.0,37.0,-0.590147,1.053516,0.0010761200057356872,0.0009322849453396226,0.00019478829515814152,0.05898156189140841,0.0,0.113329,0.112628,0.012685,-0.246696,0.303919,6.8e-05,0.087749,8.4332,0.106749,0.20939828998408155,16.0,38.0,0.081638,-0.06043,6.16800581890699e-05,0.0004723345701447987,1.85379169824283e-05,0.05175495360934324,0.0
0.115645,0.114953,0.013214,-0.259861,0.317844,-0.018398,0.087948,7.1463,0.09046,0.26138227626467514,12.0,39.0,0.296517,0.192591,0.000558084755276712,0.0005623355954111798,4.667047064669775e-05,0.05739135446072093,0.0,0.097591,0.097062,0.009421,-0.246696,0.251536,6.8e-05,0.074488,7.3568,0.093124,0.15026733093994749,17.0,36.0,-0.140584,0.288688,1.520067236167751e-05,0.0002897439029830973,6.7203635458581726e-06,0.04476712104667187,0.0
0.108829,0.108252,0.011719,-0.259316,0.317844,-0.018398,0.081035,7.5484,0.095549,0.11692921613951851,16.0,35.0,0.558036,0.737353,0.0005380257078229287,0.0004993414342046192,5.8945852340547614e-05,0.048498225440763966,0.0,0.08986,0.089304,0.007975,-0.245946,0.251536,-0.005395,0.068901,7.0001,0.088609,0.09873734883343384,18.0,33.0,0.041419,0.467556,2.2792073938229884e-06,0.00022040207158767564,4.5840602266595923e-07,0.043183834977484,0.0
0.104318,0.104174,0.010852,-0.259316,0.317844,-0.009559,0.076219,7.0765,0.089575,0.22201570389551153,16.0,35.0,0.406323,1.224911,0.00011967216205143504,0.0004760995112824089,3.536221283119723e-05,0.04441090062529022,0.0,0.081661,0.081217,0.006596,-0.245946,0.168592,-0.005395,0.063953,6.466,0.081848,0.08223747078870972,18.0,31.0,-0.48843,0.506156,0.00032668142274224686,0.00015594829047322825,1.9614654253058094e-05,0.04412582975057563,0.0
0.099968,0.099347,0.00987,-0.243725,0.317844,0.00224,0.076659,7.1621,0.09066,0.16266115129070183,16.0,37.0,0.433825,0.784999,0.0003933328069078918,0.0003668564344949375,4.8701378119491034e-05,0.047673116566804535,0.0,0.078346,0.077898,0.006068,-0.212612,0.188827,-4.3e-05,0.063193,6.4539,0.081695,0.15133097067666965,18.0,27.0,-0.047844,-0.008386,2.4800338822195188e-05,0.00010992304870153034,1.4779028704518666e-06,0.047082410237992825,0.0
0.104998,0.10434,0.010887,-0.300147,0.276624,0.010505,0.078953,8.2402,0.104306,0.08644785996000506,16.0,36.0,-0.068353,0.696317,9.231292822133902e-05,0.0004382411198606065,7.830962217919906e-06,0.04716136717626428,0.0,0.08973,0.089169,0.007951,-0.332622,0.188827,0.004432,0.068021,7.1397,0.090376,0.10836920749789866,18.0,29.0,-0.764318,1.602781,0.0005276529745812184,0.00028968785242366123,5.808287125188871e-05,0.04523548398998598,0.0
0.101008,0.100385,0.010077,-0.300147,0.258738,0.013381,0.077831,8.0716,0.102172,0.10412527856709819,16.0,36.0,-0.276313,0.623186,0.0002354397974863998,0.000366284075145831,2.679997383908917e-05,0.051796984799741534,0.0,0.097366,0.09676,0.009363,-0.332622,0.188827,0.004553,0.075417,8.0094,0.101385,0.1685921148531596,18.0,31.0,-0.743502,0.899939,0.0006461427725162566,0.00033922494973863035,6.6210181495337e-05,0.0501685776455833,0.0
0.13508,0.134272,0.018029,-0.599862,0.486942,0.004779,0.094866,10.1734,0.128777,0.19066494142508095,17.0,35.0,-0.564182,5.317056,0.0011912810580953222,0.002683924276257461,0.0006413638811417555,0.061783992221220385,0.0,0.095917,0.095328,0.009088,-0.332622,0.188827,0.00732,0.075858,7.6515,0.096855,0.12483566007767133,17.0,36.0,-0.748725,0.818822,0.0006049873717740149,0.00031120576517011596,6.28512066889763e-05,0.051309535770224596,0.0
0.130541,0.129725,0.016829,-0.599862,0.486942,-0.012418,0.088581,9.978,0.126304,0.17233831795285426,19.0,33.0,-0.583791,6.349066,0.001316057858560197,0.002651731563473747,0.0006462924422124645,0.05816078277838483,0.0,0.089289,0.088765,0.007879,-0.332622,0.143253,0.000897,0.068103,6.786,0.085899,0.14325312428371423,17.0,38.0,-0.857385,1.381528,0.0006588167631931543,0.00027795097774970396,6.40901109268266e-05,0.04256459942288737,0.0
0.122198,0.121457,0.014752,-0.599862,0.486942,-0.004401,0.080033,8.8062,0.111471,0.10252397310240315,20.0,34.0,-0.793051,8.518035,0.0013105144744235287,0.002490889978952913,0.0006380387758364479,0.05010604726607072,0.0,0.07861,0.078122,0.006103,-0.233418,0.141424,0.002114,0.064195,6.6347,0.083984,0.12135544788637932,18.0,35.0,-0.289413,-0.366594,0.00012179910510034984,9.760417622107843e-05,8.115502004199423e-06,0.0441252606746015,0.0
0.132595,0.131785,0.017367,-0.599862,0.486942,-0.002648,0.089166,9.5194,0.120499,0.10684960790672235,18.0,36.0,-0.582535,5.922093,0.0012097854399040937,0.002677402775329147,0.0006179904928124364,0.05463536308071081,0.0,0.067653,0.06724,0.004521,-0.151677,0.144365,0.003115,0.05433,5.9253,0.075004,0.055043618557452226,20.0,32.0,-0.073753,-0.509028,5.502178281273698e-06,5.081541294877678e-05,2.1804134456875974e-07,0.036395312375183654,0.0
0.110352,0.109694,0.012033,-0.3372,0.309147,0.002202,0.081318,8.8329,0.111809,0.12525815161524437,19.0,35.0,-0.468218,0.910342,0.0007149199749585832,0.0005726738978980098,6.099891271790996e-05,0.04913118820569828,0.0,0.071943,0.07186,0.005164,-0.182621,0.144365,-0.005132,0.057369,6.019,0.07619,0.12818229063475292,17.0,33.0,0.027205,-0.313058,0.00010181808908467444,7.152268468550932e-05,2.907302560080081e-06,0.03773614101706353,0.0
0.116469,0.11574,0.013396,-0.3372,0.309147,0.014866,0.085744,9.4437,0.119541,0.1265253188900854,18.0,38.0,-0.441221,0.634549,0.0006656046078050827,0.0006509390738324907,5.4411757364137637e-05,0.04903854169386402,0.0,0.075524,0.075054,0.005633,-0.182621,0.194334,-0.00343,0.060016,6.3679,0.080606,0.14142396716910932,20.0,31.0,0.073398,-0.22051,4.32355729488693e-05,8.82888627421068e-05,1.083906423318825e-06,0.039712610963326365,0.0
0.129671,0.128916,0.016619,-0.3372,0.309147,0.014866,0.101699,10.2191,0.129355,0.3091471385395932,16.0,39.0,-0.183563,-0.061742,0.0005853286944097469,0.0008176525896443295,3.7342700029134787e-05,0.06385675775619915,0.0,0.077351,0.076889,0.005912,-0.285636,0.194334,-0.004858,0.056898,6.0517,0.076604,0.0585671151232692,18.0,32.0,-0.422159,1.673763,0.00022506929651083238,0.000164725903746866,2.2081772090410687e-05,0.034852844758563754,0.0
0.126058,0.125328,0.015707,-0.3372,0.29451,0.018793,0.098882,9.4981,0.120229,0.17468814359650522,16.0,39.0,-0.303092,0.067078,0.0007784900981439528,0.0007658960345784745,7.123330618035494e-05,0.06523251499307335,0.0,0.078894,0.078536,0.006168,-0.285636,0.194334,-0.007533,0.058528,6.0939,0.077138,0.11779393676322318,17.0,33.0,-0.339499,1.313308,0.00024912770845467093,0.00016677324401393633,2.2283577527387265e-05,0.03554969203616426,0.0
0.117893,0.117255,0.013749,-0.29675,0.29451,0.026898,0.09454,8.7708,0.111022,0.09454527625832271,16.0,34.0,-0.219657,-0.064199,0.00015224607703411317,0.0005480951021980512,4.226361488133567e-06,0.06434925372857006,0.0,0.077212,0.076992,0.005928,-0.285636,0.194334,0.00236,0.057554,5.9871,0.075786,0.09200246876411605,18.0,35.0,-0.472644,1.693023,0.00010075074371076206,0.0001586485437682258,1.8306073945013365e-05,0.03577093307428865,0.0
0.120204,0.11953,0.014287,-0.29675,0.29451,0.03212,0.098849,9.0099,0.114049,0.20114491642429516,15.0,33.0,-0.260935,-0.269878,0.0002578283322659715,0.0005496793800111727,1.4475031474684585e-05,0.07181584150934757,0.0,0.071953,0.071566,0.005122,-0.285636,0.161833,0.002261,0.054313,5.3826,0.068135,0.07677590139437943,16.0,37.0,-0.662923,2.202205,0.00019573087631556785,0.00013331419371232688,2.1730905624983605e-05,0.03530981296745084,0.0
0.101854,0.101223,0.010246,-0.29675,0.249254,0.01726,0.080093,7.7065,0.09755,0.12905666745706013,16.0,32.0,-0.418796,0.308955,0.0003957743087914741,0.0003452014904140514,2.961054851473413e-05,0.0533342464024409,0.0,0.071256,0.07081,0.005014,-0.144878,0.205779,-8e-06,0.057529,5.5891,0.070748,0.09788052023266873,15.0,36.0,0.232639,-0.132407,8.782354916997469e-05,7.220961397915585e-05,4.658697126791707e-06,0.040162480883357374,0.0
0.097135,0.096526,0.009317,-0.234119,0.216176,0.01452,0.07889,7.7928,0.098642,0.12239866054149742,16.0,28.0,-0.235443,-0.465835,0.00021456710298086993,0.0002200833052751378,9.933451882201713e-06,0.053226005229394496,0.0,0.075824,0.075435,0.00569,-0.205863,0.205779,0.005769,0.060531,6.0236,0.076249,0.06801668545644993,15.0,36.0,0.062487,0.212543,8.804051514681651e-05,0.00010437764224694078,3.2597137020980104e-06,0.04263790375997592,0.0
0.095649,0.09505,0.009034,-0.234119,0.216176,0.007922,0.077201,7.2712,0.09204,0.09474165587563974,15.0,32.0,-0.077716,-0.381568,7.25272280670296e-05,0.0002137755828247127,4.487582860662853e-06,0.053477656863735144,0.0,0.083518,0.083014,0.006891,-0.205863,0.242758,7.1e-05,0.06558,6.1595,0.077968,0.08606705528343178,14.0,36.0,0.217795,0.432776,0.00016117504558022842,0.00016388628610887853,1.0249270298284109e-05,0.04371738530868343,0.0
0.091047,0.090542,0.008198,-0.219715,0.196132,-0.002672,0.072054,7.393,0.093583,0.10329081118352366,16.0,28.0,-0.017248,-0.255978,9.777867436382694e-05,0.000184637847246544,5.271249836550681e-06,0.04818550302667981,0.0,0.088483,0.08793,0.007732,-0.205863,0.242758,7.1e-05,0.071222,6.5634,0.08308,0.20577863298685634,15.0,33.0,0.228669,-0.02225,0.0001433477498855213,0.0001776840538745542,1.0260219725370548e-05,0.04972321884510987,0.0
0.090194,0.089659,0.008039,-0.219715,0.196132,0.013253,0.071992,7.2821,0.092179,0.1395224035018529,14.0,29.0,-0.129484,-0.292337,3.731303661600573e-05,0.00017413026089440595,2.846011341768982e-06,0.05100785025899411,0.0,0.09028,0.089718,0.008049,-0.229206,0.242758,7.1e-05,0.072698,6.5959,0.083493,0.18368105842831667,15.0,37.0,-0.032916,0.016999,4.875194930742356e-06,0.0001953993311549776,2.535185985002886e-07,0.05130094205193125,0.0
0.081056,0.080552,0.006489,-0.219715,0.196132,0.008619,0.063334,6.531,0.082671,0.06697977169205696,15.0,27.0,-0.17664,0.249207,7.704823830792328e-05,0.00013650440275540392,4.471215226281197e-06,0.04517964634065217,0.0,0.088361,0.087807,0.00771,-0.229206,0.242758,0.001375,0.071926,6.6126,0.083703,0.0978128753303555,15.0,32.0,0.007616,-0.150924,4.398341444006651e-06,0.0001693628096747114,8.132951167301195e-07,0.048318063037211596,0.0
0.086845,0.086306,0.007449,-0.234669,0.177384,0.009814,0.066656,6.6862,0.084636,0.07414349433501274,13.0,29.0,-0.482505,0.25234,0.00033192251877847445,0.00018166060050185985,1.8127109607207985e-05,0.04234934896420171,0.0,0.083934,0.083558,0.006982,-0.229206,0.156644,0.001313,0.068774,6.8308,0.086466,0.09692128761660462,17.0,31.0,-0.206649,-0.505751,0.00022439537289788437,0.00012415952250773563,1.0412883792728679e-05,0.04650616682204398,0.0
0.096454,0.095969,0.00921,-0.304207,0.191453,0.009814,0.071148,7.3266,0.092742,0.08582162231435565,13.0,32.0,-0.729927,1.057833,0.0005107205678396264,0.0003314498141347243,5.062854839103978e-05,0.04092016602310689,0.0,0.085398,0.084884,0.007205,-0.245493,0.156644,0.002097,0.067828,6.789,0.085937,0.15664372424427936,17.0,35.0,-0.49852,0.086647,0.00034603575749051765,0.0001625765594302566,2.0635219043000838e-05,0.04403115566013745,0.0
0.110319,0.109644,0.012022,-0.460054,0.192724,0.000494,0.076873,8.0447,0.101832,0.08968011784490193,14.0,31.0,-1.127663,3.133662,0.0015539512456940407,0.0008974256100936128,0.00030132397359402304,0.04150583463515352,0.0,0.080089,0.079595,0.006335,-0.245493,0.147407,0.007069,0.06347,6.7475,0.085411,0.12366029719157409,18.0,30.0,-0.505291,0.113219,0.0002329354779483657,0.0001237841877434519,1.3796198235513894e-05,0.04024412201361443,0.0
0.116215,0.115487,0.013337,-0.460054,0.192724,0.004797,0.082553,8.4277,0.106679,0.1459630068102658,14.0,35.0,-1.004527,2.300446,0.0015330162234101683,0.0009406552016435135,0.0003003472494678827,0.041845705601560146,0.0,0.081461,0.080951,0.006553,-0.245493,0.293653,0.001093,0.061418,6.6447,0.08411,0.1422617377656624,20.0,32.0,0.077872,1.694565,4.585332681318287e-05,0.00020163057736019953,1.3396789819686934e-05,0.038664374392301935,0.0
0.113594,0.112908,0.012748,-0.460054,0.225287,0.007846,0.078498,7.9924,0.101169,0.0795752355155579,14.0,34.0,-1.083704,3.007311,0.001465518987263275,0.0009606363903718057,0.0003006488124575673,0.043243796974616944,0.0,0.078906,0.078513,0.006164,-0.245493,0.293653,0.002973,0.058907,6.6753,0.084498,0.07766116645628346,21.0,27.0,0.146896,1.96165,0.00014455606729100215,0.0001892820230059211,1.632434060219715e-05,0.03565253272893901,0.0
0.107309,0.106718,0.011389,-0.460054,0.225287,0.004764,0.077365,7.3473,0.093004,0.19272434929283289,16.0,35.0,-0.86069,3.104155,0.0011863911900766287,0.0008079513856328758,0.0002613788730086511,0.04753899919407066,0.0,0.084255,0.083773,0.007018,-0.201193,0.293653,0.001204,0.06491,7.0608,0.089377,0.07642326706654545,22.0,27.0,0.31848,0.671153,0.0002456935252088108,0.00018282393547187754,2.3867234263871296e-05,0.038361231399648824,0.0
0.100663,0.100035,0.010007,-0.268539,0.225287,0.007622,0.077049,7.6414,0.096727,0.16206152084925468,17.0,36.0,-0.207549,0.098957,0.0002296142336941617,0.0003109289667222043,1.8783030446333476e-05,0.04749193108568806,0.0,0.096256,0.095662,0.009151,-0.224668,0.293653,-0.00231,0.076405,7.9852,0.101079,0.29365253555618787,21.0,28.0,0.071628,-0.008354,2.582317324491012e-05,0.00025019456949919316,1.4327615511370994e-05,0.04740010644840063,0.0
0.111066,0.110375,0.012183,-0.333994,0.225287,0.008567,0.086102,8.1918,0.103693,0.2252866092857406,15.0,36.0,-0.488483,0.209966,0.0006969611580487771,0.00047929936243418204,7.273128792468899e-05,0.05461425706770357,0.0,0.101506,0.101061,0.010213,-0.25486,0.16181,0.002903,0.084021,8.6657,0.109692,0.1457815010019466,20.0,31.0,-0.271706,-0.786041,0.0004692444231252857,0.00023851437802189084,2.5785544666522202e-05,0.05712920054744049,0.0
0.118739,0.11804,0.013934,-0.333994,0.410765,0.004318,0.092766,9.186,0.116279,0.15482843480686084,18.0,34.0,0.177644,0.973303,0.00015363871585714892,0.0007672351659208441,8.029357893804605e-05,0.06082820449682403,0.0,0.108981,0.108324,0.011734,-0.25486,0.191685,0.011874,0.092515,8.594,0.108785,0.12941322483422396,17.0,33.0,-0.299673,-0.891978,0.0004634687484962048,0.0002939460971056766,2.896575606578277e-05,0.06914365768157638,0.0
0.11937,0.118667,0.014082,-0.333994,0.410765,0.006575,0.092268,9.5636,0.121059,0.18252452411987694,17.0,34.0,0.100518,1.008533,2.9441816855152978e-05,0.000792389664104717,7.038692151136998e-05,0.0592420063080284,0.0,0.118844,0.118148,0.013959,-0.258886,0.27127,0.013691,0.09844,9.93,0.125696,0.13921708078707035,17.0,32.0,-0.123313,-0.563419,0.000344776548835146,0.0004777001279622756,1.5470188580184298e-05,0.07352897847348136,0.0
0.130698,0.129878,0.016868,-0.333994,0.410765,0.007244,0.104255,9.2436,0.117008,0.1302322644251938,16.0,39.0,-0.026672,0.360835,4.773865731548775e-05,0.0009562524504344802,5.152724536140057e-05,0.07213513875166064,0.0,0.114109,0.113413,0.012862,-0.258886,0.27127,0.013691,0.093334,9.2954,0.117664,0.12459994098504465,17.0,33.0,-0.047775,-0.384874,0.00014922223483458495,0.00043326968861539356,5.669674531638783e-06,0.06644534863093841,0.0
0.125505,0.124802,0.015575,-0.325474,0.410765,0.007972,0.09728,8.7792,0.11113,0.1425101732668408,15.0,39.0,-0.018005,0.781394,0.00017833119318581137,0.0009162043370742688,6.51399026516875e-05,0.06649202512531494,0.0,0.109435,0.109105,0.011904,-0.258886,0.27127,0.013691,0.089324,9.0579,0.114657,0.14039663495543456,18.0,32.0,-0.035227,-0.223314,0.00026800014343448663,0.00039227325939845124,1.580530097832557e-05,0.06413140487409051,0.0
0.118206,0.117472,0.0138,-0.325474,0.235301,0.008619,0.093311,8.2437,0.10435,0.16842747193083615,14.0,43.0,-0.432788,0.01719,0.0006471107979775445,0.0005708845589886321,7.965103125415446e-05,0.06304277213245282,0.0,0.107196,0.106529,0.011348,-0.258886,0.27127,0.010018,0.082022,9.0017,0.113945,0.08222379528901988,19.0,32.0,0.12947,0.412279,0.00019029930038859974,0.0004400659538882753,1.950348460814932e-05,0.05532689989948878,0.0
0.116979,0.116247,0.013513,-0.325474,0.235301,0.009104,0.091634,8.2151,0.103989,0.2353005816770016,14.0,40.0,-0.393801,0.00651,0.0005927908597905063,0.000547447313838701,7.38098383473963e-05,0.059616275991474704,0.0,0.103441,0.102793,0.010566,-0.289079,0.261801,0.010018,0.077795,7.468,0.094532,0.0918782153499392,18.0,32.0,-0.263016,0.678416,0.0002859092000791666,0.00041069182620333527,2.9087652010793342e-05,0.05104678449195904,0.0
0.102102,0.101465,0.010295,-0.325474,0.193761,0.005383,0.080355,7.5007,0.094945,0.09618111144373545,13.0,33.0,-0.290802,0.122943,0.0003251338868132705,0.00033183599364374156,4.324575308949693e-05,0.05158618059897538,0.0,0.108112,0.107457,0.011547,-0.289079,0.261801,0.011655,0.083208,8.0999,0.10253,0.14027003086097917,17.0,32.0,-0.341648,0.346113,0.0003470313229628378,0.00044235980992592935,3.319021401011503e-05,0.057036717821072856,0.0
0.106228,0.105598,0.011151,-0.331665,0.186301,-0.007254,0.085107,7.8979,0.099974,0.12409295133012196,16.0,29.0,-0.247399,-0.137869,0.0003835181965226515,0.00035912825312094576,4.938642360244828e-05,0.05553119040867174,0.0,0.10531,0.104689,0.01096,-0.289079,0.261801,0.014218,0.08071,6.9119,0.087492,0.2618006086739681,15.0,33.0,-0.445062,0.407326,0.0006042471660336333,0.00041504966992538303,4.33915932494907e-05,0.055378053220650536,0.0
0.100926,0.100309,0.010062,-0.331665,0.186301,-0.002508,0.078524,7.2566,0.091856,0.08200900875223269,17.0,27.0,-0.399312,0.292793,0.00034837031743691527,0.00033044214024467435,4.872164614044627e-05,0.049138129561505685,0.0,0.102088,0.101448,0.010292,-0.289079,0.200143,0.014218,0.082464,7.8758,0.099694,0.14267060952574342,16.0,32.0,-0.476751,-0.0215,0.0005058140209974759,0.00031600099137426326,4.2392883118168596e-05,0.05774399930564052,0.0
0.108896,0.108213,0.01171,-0.39612,0.211279,-0.007398,0.08108,7.7912,0.098623,0.159889458055476,16.0,28.0,-0.761851,1.624729,0.0009644280964279039,0.000634068891607941,0.00016443744056842416,0.04845546518008594,0.0,0.098746,0.098132,0.00963,-0.214739,0.259032,0.021655,0.083254,8.3533,0.105738,0.12475779521538484,17.0,33.0,-0.117006,-0.56454,8.395959329373332e-05,0.00022544950086533512,2.482868366378731e-06,0.06295382546530384,0.0
0.106246,0.10558,0.011147,-0.39612,0.211279,-0.007037,0.078627,8.0714,0.10217,0.17392715879083448,18.0,30.0,-0.791511,1.98901,0.0009458459285251661,0.0006215247246650283,0.00016285638050687494,0.04894062796932459,0.0,0.093718,0.093133,0.008674,-0.214739,0.259032,0.004254,0.075659,8.2209,0.104062,0.08063451786463875,19.0,30.0,0.007965,-0.132774,1.225877541362664e-05,0.00021569732628700403,5.451939220735881e-06,0.05493710672418439,0.0
0.098056,0.097484,0.009503,-0.39612,0.211279,-0.001183,0.074519,7.8077,0.098831,0.09885459233221341,18.0,29.0,-0.782508,2.026504,0.0008055282214993892,0.00046190927449516817,0.00012402457437013964,0.04849110948509997,0.0,0.091084,0.090519,0.008194,-0.214739,0.259032,-0.001697,0.071807,8.1041,0.102583,0.11577341627183374,19.0,30.0,0.138521,0.051517,7.608437843652159e-05,0.00020442562384287828,8.288928735792105e-06,0.04617418558956626,0.0
0.105709,0.105085,0.011043,-0.39612,0.217555,-0.007037,0.081975,8.2939,0.104986,0.2112793418862184,17.0,33.0,-0.503718,1.272911,0.0006777740448170672,0.0005274498372020059,0.00011801856007788271,0.054208670162530656,0.0,0.108015,0.107354,0.011525,-0.320293,0.259032,-0.001076,0.081771,9.1273,0.115535,0.2590318433755848,21.0,28.0,-0.032304,0.408959,2.4756133451742253e-05,0.00045245852986458497,1.4746360463462345e-05,0.05027389567253579,0.0
0.091307,0.090749,0.008235,-0.217156,0.217555,-0.004335,0.074208,7.0798,0.089618,0.08449696574649113,16.0,36.0,-0.075943,-0.277362,1.664083684700837e-05,0.00018429657277015506,1.220989667560011e-06,0.052983687790735826,0.0,0.107301,0.106633,0.011371,-0.320293,0.237571,-0.001076,0.080391,9.0204,0.114182,0.19402464267712988,22.0,31.0,-0.008045,0.427896,4.534520565236495e-05,0.0004432274074885681,2.2105841281949523e-05,0.04814811736192547,0.0
0.097549,0.097055,0.00942,-0.217156,0.293925,-0.008983,0.074098,7.2646,0.091958,0.09862248266516283,16.0,33.0,0.275849,0.642147,0.0003861122928215334,0.0003277000761808331,3.41037072269225e-05,0.048657814657195785,0.0,0.109057,0.108377,0.011746,-0.320293,0.237571,0.001438,0.083959,8.576,0.108557,0.09115795922226907,18.0,35.0,-0.06202,0.176791,4.677036074512957e-05,0.0004379723567242503,2.1621809155282767e-05,0.04999281394885,0.0
0.096977,0.09638,0.009289,-0.232648,0.293925,-0.009223,0.071813,6.8731,0.087002,0.20044321474481183,16.0,35.0,0.346506,0.904778,0.00035044603539423753,0.0003386952737720985,3.1855625760655484e-05,0.04589580245776682,0.0,0.128218,0.127428,0.016238,-0.367464,0.254837,0.011133,0.101042,10.3261,0.13071,0.213510411771895,19.0,38.0,-0.255476,-0.005134,0.000620442662379506,0.0007936530500254578,0.00010074895875076874,0.06375041810996859,0.0
0.090387,0.08987,0.008077,-0.232648,0.293925,-0.011581,0.065553,6.7371,0.08528,0.14651693674589983,17.0,31.0,0.538112,1.605859,0.00031748038643003524,0.00029554687235176644,3.242067526949639e-05,0.041634603658675697,0.0,0.112533,0.112003,0.012545,-0.367464,0.254837,-0.001482,0.087632,8.5192,0.107837,0.17670927675819387,18.0,36.0,-0.281258,0.394918,0.000628959016996772,0.0005437335059714056,8.074417992392095e-05,0.05462301477637986,0.0
0.095603,0.095017,0.009028,-0.2691,0.293925,-0.007143,0.070001,7.257,0.091861,0.11212216585935891,16.0,33.0,0.185806,1.361833,0.0001166451816192239,0.0003544603268464245,1.6040118236921392e-05,0.04482888076099293,0.0,0.11125,0.110554,0.012222,-0.367464,0.25866,-0.004146,0.087002,8.6688,0.109732,0.14275105985266737,18.0,35.0,-0.210338,0.556433,0.00026316181897164217,0.0005306162824584711,6.250289055988226e-05,0.0545938971004789,0.0
0.088114,0.087562,0.007667,-0.2691,0.220906,0.006165,0.067569,7.1536,0.090552,0.13618337666434266,17.0,34.0,-0.332551,0.583485,0.00021986741032460768,0.00021051898713803546,1.836387251829264e-05,0.043869501049642066,0.0,0.106125,0.105459,0.011122,-0.367464,0.25866,-0.009185,0.080873,8.3545,0.105754,0.11139336160265988,18.0,32.0,-0.193356,1.041536,0.00022437337094913696,0.0004998352908314138,6.1531665634563e-05,0.05046299555290476,0.0
0.096992,0.096391,0.009291,-0.279108,0.220906,0.005983,0.075536,8.1904,0.103675,0.10371853055952444,18.0,34.0,-0.382206,0.33554,0.0003109675550702915,0.0002863980189194277,3.122743086170304e-05,0.049380199080829516,0.0,0.088907,0.088352,0.007806,-0.220962,0.25866,-0.009185,0.069384,7.5495,0.095563,0.11949328377594225,20.0,28.0,0.284945,0.129677,0.00021139882251089876,0.0001912065089551835,1.1013676511585527e-05,0.04482615163252244,0.0
0.102363,0.101775,0.010358,-0.304946,0.201979,0.012377,0.079731,8.4781,0.107318,0.12570381153955096,17.0,33.0,-0.674861,0.665239,0.0006077822301263086,0.0003837120616677705,6.48892581590708e-05,0.05283740060416146,0.0,0.093731,0.093207,0.008688,-0.220962,0.25866,-0.005168,0.072028,7.8399,0.09924,0.16960909706598687,20.0,32.0,0.097231,0.217029,0.00016857221451221463,0.00024384142541463948,7.1581266845777145e-06,0.04478774146188076,0.0
0.103806,0.10319,0.010648,-0.304946,0.201979,0.001673,0.078766,8.5723,0.10851,0.17897870880401046,19.0,30.0,-0.618602,0.932702,0.0005926057435335355,0.00043841266328885906,7.379342339970652e-05,0.04951690147748447,0.0,0.098043,0.097432,0.009493,-0.232563,0.239627,-0.001651,0.075114,8.2223,0.10408,0.15599472894266786,20.0,33.0,-0.109233,0.092544,7.560477726820912e-05,0.0002783327903934404,5.282547947791402e-06,0.045535752341744624,0.0
0.109436,0.108825,0.011843,-0.334644,0.201979,0.000157,0.084379,8.9978,0.113897,0.14615966583892107,19.0,29.0,-0.764716,1.010438,0.0011265611957986645,0.0005779331330973759,0.00012855475761431424,0.05659660819622733,0.0,0.095269,0.094682,0.008965,-0.232563,0.239627,-0.00451,0.0722,7.943,0.100544,0.08614275611581608,19.0,34.0,-0.090259,0.302067,0.0001129596963985789,0.0002657739088049723,6.0477093047763815e-06,0.04345544283040768,0.0
0.102625,0.101989,0.010402,-0.334644,0.201979,0.000157,0.077496,8.6701,0.109748,0.13976590168378528,19.0,30.0,-0.81616,1.542293,0.0009022090381205434,0.0004954641089728258,0.00010945414225308975,0.0498402036452813,0.0,0.095444,0.094856,0.008998,-0.232563,0.281699,-0.008296,0.072137,7.3819,0.093441,0.10192793781017057,16.0,34.0,0.240028,0.698235,0.00024169116570797286,0.0003004950327216701,2.134379310852808e-05,0.04525473077453076,0.0
0.115366,0.114646,0.013144,-0.334644,0.301813,0.001967,0.08754,9.1419,0.11572,0.10367900430736818,18.0,30.0,-0.425329,1.003359,0.000606846301381236,0.0006893707678065837,8.488760570434785e-05,0.05673288131785596,0.0,0.092475,0.091899,0.008445,-0.232563,0.281699,-0.014055,0.071278,6.9238,0.087643,0.2396265086846604,14.0,35.0,0.311807,0.717617,0.00021949813318011049,0.0002642931757704937,2.158012513491932e-05,0.04828970960510835,0.0
0.112045,0.111354,0.0124,-0.334644,0.301813,-0.003229,0.086996,8.9992,0.113914,0.09171505262765724,19.0,25.0,-0.244702,0.864848,0.00027730350508489303,0.0005919876475360422,5.3146992266754625e-05,0.058121131356123464,0.0,0.09125,0.090696,0.008226,-0.244795,0.281699,-0.01013,0.068706,7.1012,0.089889,0.11329414700223067,16.0,31.0,-0.071129,0.767334,9.291978429776293e-06,0.00025449034452368574,4.851622462287943e-06,0.04288804459418788,0.0
