0.211111,0.209836,0.044031,-0.50628,0.539976,-0.000921,0.168826,17.0653,0.216016,0.3500329529466102,16.0,34.0,0.205524,-0.098209,0.0024907135999502547,0.005660075465728184,0.000609401645689299,0.11611676815936132,0.0,0.111372,0.110771,0.01227,-0.319825,0.302338,0.006338,0.083163,10.7801,0.136457,0.1199745722244607,24.0,25.0,-0.190118,0.62706,8.677864008834512e-05,0.0005409574650222183,1.8617027621352777e-05,0.051899047901538396,0.0
0.195706,0.194485,0.037824,-0.50628,0.50874,-0.008563,0.158989,16.2862,0.206155,0.22793208087290454,18.0,31.0,0.007409,-0.166407,0.00010579253774529634,0.004053661790228977,6.677922258925141e-05,0.11199155942126764,0.0,0.105073,0.10442,0.010904,-0.319825,0.302338,-0.005256,0.078177,9.9945,0.126513,0.30233761376568724,23.0,28.0,-0.039433,0.974955,8.23347842550939e-05,0.00047275133438942196,1.4392345031934986e-05,0.048846734532203624,0.0
0.189415,0.188258,0.035441,-0.50628,0.50874,-0.006696,0.151429,15.4308,0.195326,0.20951576956842524,17.0,31.0,-0.023149,0.056766,0.00020886421181079922,0.003837387867802337,5.530847132028762e-05,0.10253695881076214,0.0,0.097146,0.096541,0.00932,-0.319825,0.228046,0.001481,0.072533,8.9379,0.113138,0.10282298995345343,23.0,29.0,-0.356805,1.051892,0.0002981284862666605,0.00035090341025187133,4.199712034352559e-05,0.04492117746155983,0.0
0.155691,0.154749,0.023947,-0.306815,0.308555,-0.008563,0.12727,12.3372,0.156167,0.2890405944478802,16.0,31.0,0.065946,-0.874709,1.1517660697840312e-05,0.001216052687236576,1.66582097437232e-05,0.08423448677839931,0.0,0.103113,0.102498,0.010506,-0.319825,0.218672,-0.001588,0.078298,8.846,0.111975,0.19454651421885896,22.0,33.0,-0.578962,0.738729,0.0007029753823786365,0.00041888660626067457,7.083502626604672e-05,0.04979359035406701,0.0
0.164382,0.163367,0.026689,-0.315806,0.34749,-3.7e-05,0.132438,12.7326,0.161172,0.1838036464767536,16.0,34.0,-0.003146,-0.650477,0.000169470206319816,0.0016736147119241992,3.8358015640411656e-05,0.08779916366030822,0.0,0.089439,0.08888,0.0079,-0.273126,0.177186,0.001481,0.071584,8.1395,0.103031,0.13692792194933195,21.0,31.0,-0.532994,0.149341,0.00038590777938115527,0.00019726869577829943,2.6724557155363285e-05,0.04976175669322928,0.0
0.168726,0.167699,0.028123,-0.335255,0.350172,-0.016815,0.134549,12.2007,0.15444,0.26368107679645597,16.0,36.0,0.17341,-0.52606,0.0005440470678717011,0.0019463713073669731,8.292455658076296e-05,0.08915876312855157,0.0,0.097454,0.096857,0.009381,-0.273126,0.177186,0.004928,0.078437,8.6218,0.109137,0.1269398075771917,21.0,32.0,-0.546706,-0.154657,0.0005427506273122356,0.00025368606576620475,3.471687215329948e-05,0.05512492470577168,0.0
0.175868,0.174766,0.030543,-0.335255,0.350172,0.003837,0.142663,13.8236,0.174982,0.30855481306874477,17.0,32.0,-0.025157,-0.717868,0.00011554990934232613,0.0021288462352070077,9.835707590862226e-06,0.09372584387308343,0.0,0.105614,0.104952,0.011015,-0.273126,0.255789,0.006002,0.08261,10.038,0.127063,0.17718615108730412,25.0,26.0,-0.338715,-0.089921,0.0003905092275779616,0.00035301902719431856,2.3373489603049002e-05,0.05059958326264719,0.0
0.177321,0.176507,0.031155,-0.335255,0.488923,-0.004894,0.142616,13.4609,0.170391,0.3474896889983032,17.0,34.0,0.193925,-0.315961,0.002016858587271371,0.0026507124589437237,0.00041910245056995496,0.09724733920563272,0.0,0.101753,0.101116,0.010224,-0.236769,0.255789,0.006002,0.079718,10.2361,0.12957,0.10223888716808399,25.0,21.0,-0.253084,-0.117938,0.0002484743838524177,0.00030084240746011264,1.1625086115705414e-05,0.04913302324596106,0.0
0.210516,0.209204,0.043766,-0.502577,0.733408,-0.01792,0.158818,16.0091,0.202647,0.3501718018087181,19.0,32.0,0.555951,1.134024,0.005326305597992294,0.00795501865961375,0.0026758890958543274,0.09406096063348601,0.0,0.100225,0.099602,0.009921,-0.236769,0.255789,0.006793,0.07723,9.8181,0.12428,0.09243637855306855,25.0,24.0,-0.114173,-0.002909,0.00014272653317392664,0.0002954187463312946,5.987426997185586e-06,0.046990226313462384,0.0
0.205439,0.204271,0.041727,-0.502577,0.733408,0.003611,0.152393,15.681,0.198493,0.17178820749644336,19.0,33.0,0.470692,1.391103,0.004881832277227723,0.007752011410558132,0.002600271111592843,0.08804917288195664,0.0,0.104774,0.104131,0.010843,-0.236769,0.255789,-0.000873,0.080952,10.058,0.127317,0.25578938265865775,24.0,23.0,0.159481,-0.030812,0.00023456454696421859,0.0003503115847300661,1.7468950578879943e-05,0.049920156303455275,0.0
0.229784,0.228345,0.052142,-0.502577,0.733408,-0.038225,0.173638,17.4585,0.220994,0.32697086140008763,18.0,35.0,0.527676,0.593618,0.0064326276886289,0.009794221151849618,0.0028888126167556302,0.10488953294553655,0.0,0.099882,0.099258,0.009852,-0.236769,0.241732,0.00858,0.079722,9.417,0.119202,0.09471613209129541,22.0,26.0,-0.034174,-0.11931,5.0177546403111075e-05,0.0002796878586946686,3.047958962922688e-07,0.05760456882117175,0.0
0.225861,0.224541,0.050419,-0.502577,0.733408,-0.038744,0.170131,16.5713,0.209763,0.37980944945018924,17.0,34.0,0.543327,0.733634,0.005149122604560999,0.009326336859690159,0.002614871832229285,0.09919537914077435,0.0,0.102897,0.102294,0.010464,-0.21649,0.241732,0.001156,0.08241,9.2446,0.11702,0.18494054995720507,21.0,28.0,0.188179,-0.298721,0.00029346091574417136,0.00029820326280817803,2.009676332249351e-05,0.05908317386545332,0.0
0.203361,0.202106,0.040847,-0.443903,0.565059,-0.008342,0.159048,15.7149,0.198923,0.26258938048941527,16.0,35.0,0.368046,0.116711,0.002684352245509434,0.005165045651191679,0.0008900528120486886,0.10412856441162403,0.0,0.108406,0.107727,0.011605,-0.278827,0.241732,0.001249,0.087156,9.7825,0.123829,0.13851822427216526,20.0,28.0,-0.025571,-0.2414,4.2158619335058714e-05,0.00037156499458926236,3.842777128479111e-06,0.06202759285628987,0.0
0.201651,0.200446,0.040179,-0.443903,0.565059,-0.008342,0.158984,16.3491,0.20695,0.3774557288745365,17.0,35.0,0.375494,0.166461,0.0024310491396620434,0.005052165183833783,0.0008871511393418591,0.10699770036079075,0.0,0.102625,0.101989,0.010402,-0.278827,0.225163,0.01337,0.082034,9.3852,0.1188,0.12710016887669695,20.0,29.0,-0.413135,-0.109043,0.0004759247916401645,0.0003149160186249831,3.198915323316203e-05,0.05788316056780357,0.0
0.173094,0.172046,0.0296,-0.407266,0.565059,0.006978,0.135738,14.8032,0.187382,0.4090963678762924,20.0,33.0,0.315111,0.563504,0.0012864257275667062,0.003098834703841571,0.0006341320545238773,0.09043508191273676,0.0,0.105348,0.104694,0.010961,-0.278827,0.225163,0.01741,0.083537,9.0801,0.114937,0.21222744067674532,17.0,31.0,-0.473534,0.106754,0.0005043766165562307,0.000370670894446721,4.267483704991843e-05,0.057251260929395274,0.0
0.171626,0.170551,0.029087,-0.407266,0.565059,0.03186,0.138454,15.5218,0.196478,0.17199840484179205,19.0,30.0,0.108037,0.333241,0.0005626898474436762,0.002820851796560862,0.0004960185885530312,0.09977372879853516,0.0,0.093071,0.092505,0.008557,-0.278827,0.189368,0.003166,0.070696,7.8905,0.099879,0.14350571470697454,17.0,33.0,-0.745735,0.86479,0.0006364635483364306,0.00028722719814541265,5.020082084434288e-05,0.045207916720072384,0.0
0.146188,0.145271,0.021104,-0.346155,0.301983,0.032279,0.121996,13.7565,0.174132,0.19505829493496593,20.0,31.0,-0.277752,-0.592312,0.0008564228983502884,0.0010725757260550326,9.493473633375362e-05,0.09297223113250852,0.0,0.092083,0.091587,0.008388,-0.277407,0.192345,0.002097,0.068372,7.845,0.099303,0.07602567014147893,16.0,30.0,-0.67708,1.022875,0.0004219102651477014,0.0002747999989164994,3.8623167030343366e-05,0.03945625750415067,0.0
0.14145,0.140563,0.019758,-0.346155,0.311457,0.011959,0.115993,12.9794,0.164296,0.11870836234503668,19.0,30.0,-0.122712,-0.353972,0.0003595986858593742,0.0010333930758671434,3.776349247710401e-05,0.0867199045084647,0.0,0.100509,0.09988,0.009976,-0.277407,0.220911,-0.000924,0.07651,8.6948,0.110061,0.18936822714318408,17.0,32.0,-0.298487,0.284686,0.0002879947767658932,0.00032651483773206777,2.8943910541867668e-05,0.0449979025468788,0.0
0.160178,0.159186,0.02534,-0.450262,0.319579,0.024503,0.129139,13.0004,0.164562,0.15257181097411582,16.0,35.0,-0.301965,-0.105249,0.0013697085447832251,0.0018685597184229289,0.0002636577336288069,0.09449817820849674,0.0,0.094042,0.093498,0.008742,-0.257287,0.220911,-0.009618,0.071573,8.3119,0.105214,0.17531909047642646,17.0,34.0,-0.008413,0.1975,8.346077439325853e-05,0.0002444012658424157,9.543544280218257e-06,0.042223069262800735,0.0
0.183772,0.182621,0.03335,-0.450262,0.641997,0.014706,0.140846,14.1686,0.179349,0.1777182433289194,16.0,39.0,0.293984,0.946482,0.0017248078166730656,0.004384750072420384,0.0010965149467867758,0.09466236606113716,0.0,0.099244,0.098674,0.009737,-0.257287,0.220911,-0.007213,0.077757,8.8819,0.112429,0.19234488397505348,18.0,28.0,-0.034749,-0.133206,0.00012711790387356619,0.00027222623124691905,1.2120840634653829e-05,0.04684430816788914,0.0
0.187025,0.185871,0.034548,-0.450262,0.641997,-0.007722,0.143005,13.8971,0.175912,0.3114565365890757,15.0,35.0,0.382523,0.813576,0.002724930737152719,0.004576902958619263,0.0012042552061805084,0.09516537671854715,0.0,0.098108,0.097513,0.009509,-0.233752,0.220911,-0.007417,0.07852,8.6552,0.109559,0.09125623257308471,20.0,31.0,-0.063958,-0.312027,0.00011529797769795126,0.0002435289565583478,9.347119240928414e-06,0.05234465242059538,0.0
0.225621,0.224216,0.050273,-0.578256,0.641997,0.000461,0.169776,17.0959,0.216404,0.3195791541309446,16.0,36.0,0.242541,0.576713,0.0030501740537413357,0.009062352530673728,0.0016013807799526846,0.10630905170305066,0.0,0.085868,0.085329,0.007281,-0.232317,0.181816,-0.004441,0.068653,7.6398,0.096706,0.18181577893551104,20.0,28.0,-0.176882,-0.190032,0.00011058663393343866,0.000148982153035876,8.91296534071561e-06,0.04544272366571194,0.0
0.235107,0.23367,0.054602,-0.578256,0.641997,-0.02923,0.17849,18.0419,0.228378,0.3027356664748791,16.0,35.0,0.368961,0.409093,0.005381366299851267,0.010240584952742122,0.0022755057133642237,0.11653112992739484,0.0,0.094391,0.093914,0.00882,-0.232317,0.210863,-0.000256,0.076276,8.3983,0.106307,0.15919615866290954,20.0,28.0,-0.119034,-0.424376,2.4739267618866878e-05,0.00019869130680166998,3.5378740836304358e-06,0.04938443235190172,0.0
0.240951,0.239485,0.057353,-0.578256,0.660672,-0.029864,0.184284,18.5138,0.234352,0.3530347301431251,17.0,33.0,0.425247,0.326009,0.0066400825408822,0.011048666190636915,0.0027181894836127538,0.12187827185358502,0.0,0.118637,0.117924,0.013906,-0.410117,0.2782,0.01077,0.09169,9.9172,0.125534,0.12915408222084435,19.0,33.0,-0.371024,0.989681,0.000495207438094561,0.000764748491924215,0.00011423000186461807,0.06090044679349299,0.0
0.271891,0.270187,0.073001,-0.642237,0.758295,-0.008868,0.206119,21.3,0.26962,0.6312876682466543,16.0,34.0,0.369715,0.350756,0.007430376860021433,0.017875148174851,0.004233291795919738,0.12354901976717654,0.0,0.117944,0.117204,0.013737,-0.410117,0.2782,-0.000939,0.090119,10.2797,0.130123,0.10385180860168335,20.0,32.0,-0.221409,0.994711,0.0003568558500974156,0.0007538235723762412,0.00010526916240182662,0.05585230247485092,0.0
0.254295,0.252728,0.063871,-0.642237,0.758295,-0.023406,0.195986,19.2872,0.244141,0.5282646663730032,14.0,33.0,0.417376,0.503551,0.006032109924208344,0.014193138343617096,0.003662179496834192,0.12356851477577754,0.0,0.116935,0.116202,0.013503,-0.410117,0.2782,0.007422,0.086989,10.0789,0.127581,0.14485222772863604,20.0,30.0,-0.260472,1.147473,0.00039194449669239015,0.0007555311147002483,0.00010619535939252241,0.05024398303899846,0.0
0.240593,0.239148,0.057192,-0.642237,0.758295,-0.006854,0.181643,17.8081,0.225419,0.442496724645179,16.0,35.0,0.368699,0.93912,0.0040924371189671295,0.012769990614286852,0.0030341322868689623,0.11040069567750187,0.0,0.118583,0.117875,0.013895,-0.410117,0.2782,0.011334,0.085953,9.9773,0.126295,0.2572872610294711,18.0,30.0,-0.432368,1.34355,0.0008277829940682706,0.0008464127819655441,0.00013823110763239844,0.04952247486849261,0.0
0.223495,0.222126,0.04934,-0.642237,0.758295,-0.002802,0.171743,15.7383,0.19922,0.7582954516072808,16.0,38.0,0.052636,1.009698,1.8985374049631382e-05,0.009751243914796467,0.001246383387005701,0.10999256638415464,0.0,0.103869,0.103219,0.010654,-0.298535,0.258628,0.011334,0.078246,9.1851,0.116267,0.18328606581248025,20.0,29.0,-0.310667,0.311398,0.00032724797929789144,0.0003752577993168993,2.3544196132525765e-05,0.045847814791013755,0.0
0.224895,0.223485,0.049945,-0.744334,0.682963,0.013607,0.172656,15.9388,0.201756,0.31779151536718236,15.0,36.0,-0.276285,1.044638,0.0030765265418775333,0.010088914798949902,0.0014943769452010508,0.1148631672786413,0.0,0.110079,0.109407,0.01197,-0.298535,0.258628,0.019816,0.084777,9.8981,0.125292,0.11292536051569332,18.0,31.0,-0.462903,0.118021,0.0005336879674523964,0.00044186060671699086,3.62938950781342e-05,0.052691679353145955,0.0
0.219679,0.218303,0.047656,-0.744334,0.682963,0.013607,0.166069,14.835,0.187784,0.3485819671857739,15.0,37.0,-0.271194,1.365968,0.0027246677147836915,0.009907939957914018,0.0014468467740372513,0.1095609319341145,0.0,0.12337,0.122647,0.015042,-0.300575,0.258628,0.026205,0.096844,11.4596,0.145058,0.11585434726704393,19.0,30.0,-0.602741,-0.111104,0.0009512180925086222,0.0006380197870964659,7.859775858255903e-05,0.06249981610376072,0.0
0.225181,0.223781,0.050078,-0.744334,0.682963,0.011647,0.17188,15.7496,0.199362,0.3323293916382264,14.0,36.0,-0.248387,1.017369,0.0031261001905233737,0.010099662962787938,0.00143462960527588,0.11084710430272535,0.0,0.119412,0.118691,0.014088,-0.300575,0.258628,0.014047,0.094978,10.8849,0.137784,0.2586276064212024,19.0,31.0,-0.363722,-0.281846,0.0007167126972639386,0.0005457685932653718,4.995301615803699e-05,0.06419068850084625,0.0
0.228253,0.226827,0.05145,-0.744334,0.682963,0.009914,0.169879,17.0014,0.215208,0.682962619922844,15.0,36.0,-0.201101,1.049954,0.0025639243172402813,0.01073379699941927,0.001218377965778586,0.10159324766460384,0.0,0.123631,0.12288,0.015099,-0.411889,0.237111,0.014605,0.097093,11.0376,0.139717,0.1511350881491289,19.0,30.0,-0.678685,0.573576,0.0013683310749241712,0.000826855999407073,0.00019459196077293027,0.06733585786610821,0.0
0.223509,0.22211,0.049333,-0.711456,0.523128,0.006157,0.17245,18.9374,0.239713,0.36130632930047796,19.0,36.0,-0.262549,0.418228,0.002762143682741661,0.008310037380525822,0.0017412548227806767,0.11109332895187764,0.0,0.134073,0.133262,0.017759,-0.411889,0.237111,0.020046,0.106302,12.2363,0.154889,0.13826708517706265,20.0,29.0,-0.725639,0.461314,0.001864973024837045,0.0011106488509698945,0.0002840073712274821,0.07667116091060695,0.0
0.234736,0.233265,0.054413,-0.711456,0.544681,-0.020718,0.181508,20.4961,0.259445,0.2291577573401966,19.0,35.0,-0.017508,0.310514,0.0002881286734872094,0.009801865624688226,0.0008652057418584063,0.1184196449785516,0.0,0.127085,0.12634,0.015962,-0.411889,0.237111,0.018697,0.101862,11.3717,0.143945,0.23711061472620412,18.0,32.0,-0.629919,0.662656,0.0014432583254790818,0.0009514054285247673,0.00024250934971554072,0.07611024527081219,0.0
0.264882,0.263363,0.06936,-0.802867,0.719885,-0.027306,0.200223,21.714,0.27486,0.24463939860291495,18.0,36.0,-0.095724,0.864188,5.266968112039999e-05,0.01852055124828151,0.0022637540204031455,0.1320283837664385,0.0,0.133477,0.13265,0.017596,-0.411889,0.270941,0.023904,0.105643,12.6711,0.160393,0.17938591574929658,20.0,26.0,-0.7377,0.712485,0.0016377450893807336,0.0011384677628994636,0.00028181352925191276,0.07465032134300875,0.0
0.28205,0.280282,0.078558,-0.802867,0.719885,-0.035256,0.220125,23.761,0.300772,0.38888522414763727,19.0,33.0,-0.146604,0.441763,0.003064857566660001,0.02123153087640841,0.003912018381027038,0.1570932216293956,0.0,0.125212,0.124439,0.015485,-0.382525,0.270941,0.023664,0.098889,12.0514,0.152549,0.18909908238450424,20.0,26.0,-0.621794,0.402084,0.0011178458241097432,0.0008074936110356783,0.0001514274823677489,0.06585467643236464,0.0
0.260359,0.258765,0.066959,-0.802867,0.719885,-0.035256,0.199594,19.9821,0.252937,0.5446813629354306,16.0,39.0,-0.034698,0.757723,0.0014984687286536999,0.016856745701220227,0.002316741151688954,0.13708973686756118,0.0,0.109363,0.108689,0.011813,-0.336797,0.270941,0.015279,0.085255,10.4137,0.131819,0.14952683694790075,23.0,23.0,-0.441251,0.369071,0.0006213099433505663,0.0004736515734000345,5.8576166360274626e-05,0.05437327102839142,0.0
0.259977,0.258348,0.066744,-0.802867,0.719885,-0.031029,0.197363,19.4136,0.245742,0.411000241806149,14.0,41.0,0.043614,1.027667,0.000929585114364892,0.017944789227017824,0.001013581406195314,0.13144467380101718,0.0,0.112196,0.111504,0.012433,-0.336797,0.270941,0.007858,0.085054,10.0495,0.127209,0.12118113934628295,23.0,23.0,-0.44982,0.422588,0.000562911852630347,0.0005250067248065251,5.8716165998729355e-05,0.050145285359982084,0.0
0.240488,0.239007,0.057124,-0.666198,0.693731,-0.033962,0.190714,17.6445,0.223349,0.35225385368968487,16.0,40.0,0.328073,0.301287,0.0050827516510978605,0.01083548098623388,0.0016688896108939197,0.13485864262287103,0.0,0.125451,0.12471,0.015553,-0.445618,0.214973,0.015113,0.094452,11.1958,0.141719,0.10575266154601853,24.0,28.0,-0.955618,1.189664,0.0016938000053207326,0.0009879480992715467,0.0002776094801078725,0.05581152471375674,0.0
0.265158,0.263516,0.069441,-0.791871,0.693731,-0.023874,0.200415,18.3792,0.232648,0.3217386416811526,14.0,45.0,0.162796,0.695742,0.0036562612867364853,0.01785867587938953,0.00048174406903648355,0.12762771729946448,0.0,0.12857,0.127775,0.016327,-0.445618,0.214973,0.007858,0.095418,11.498,0.145544,0.16075051213338767,22.0,28.0,-0.913637,1.057895,0.0019883192410368525,0.0010944547668584215,0.00031012293960154373,0.05698897351279554,0.0
0.283385,0.281682,0.079345,-0.791871,0.693731,-0.012836,0.220008,20.651,0.261405,0.693731409779694,15.0,42.0,0.078511,0.173531,0.003282598227629102,0.02002316815438895,7.178729605810969e-05,0.13733314729329282,0.0,0.125027,0.12426,0.01544,-0.445618,0.214973,0.006901,0.091414,11.1392,0.141002,0.14199240574322292,21.0,30.0,-0.979463,1.472352,0.0017858688400076961,0.001051031942101033,0.000301310575813295,0.05393518977207459,0.0
0.283507,0.281732,0.079373,-0.791871,0.617356,-0.007048,0.220615,20.2907,0.256844,0.5045892184540027,14.0,39.0,0.054586,0.026549,0.0015063925985279235,0.01907323840341495,0.0010489516193425029,0.1379386568468888,0.0,0.119158,0.118411,0.014021,-0.445618,0.211153,-0.001414,0.087855,10.9576,0.138704,0.1364287914925456,20.0,30.0,-0.989499,1.923761,0.0016537657008366743,0.0009696798423806101,0.0002946909064873172,0.05450634182345098,0.0
0.268657,0.267101,0.071343,-0.791871,0.617356,-0.003084,0.199667,19.8231,0.250925,0.27126792000913835,14.0,35.0,-0.061465,0.358637,0.0029440128193348506,0.017130241132601608,0.0023302301152319403,0.10067414462075455,0.0,0.096564,0.095995,0.009215,-0.287063,0.301144,-0.018361,0.071322,9.2508,0.117099,0.12460641332980554,20.0,25.0,0.01403,1.402319,6.058202212713333e-05,0.0003735144343582514,1.2226013010541994e-05,0.04498491973690453,0.0
0.298733,0.29686,0.088126,-1.310955,0.91689,-0.003084,0.209126,20.5635,0.260297,0.3307808024297871,15.0,34.0,-0.725708,4.126798,0.018847544175098478,0.05530820543163537,0.041140068771922264,0.10750174655065205,0.0,0.094525,0.093934,0.008824,-0.219364,0.301144,-0.013298,0.070968,9.1377,0.115667,0.12006774591128237,20.0,26.0,0.241078,0.548949,0.00018525430695272229,0.0002758627105691378,2.0521268686941073e-05,0.041309634914509855,0.0
0.317672,0.31568,0.099654,-1.310955,0.91689,-0.011319,0.224022,21.4011,0.2709,0.5412673398425019,14.0,34.0,-0.601752,3.166373,0.018930750576981747,0.06123761085550814,0.04143611576170757,0.11808162833085094,0.0,0.095875,0.095274,0.009077,-0.219364,0.301144,-0.009975,0.073652,8.9509,0.113302,0.1160733778875277,19.0,34.0,0.168888,0.367585,0.00013925052714436835,0.00027732613522378903,1.9489962640775055e-05,0.04491394666695317,0.0
0.3327,0.330623,0.109312,-1.310955,0.91689,-0.011845,0.238831,23.8992,0.302521,0.24976118601365155,15.0,34.0,-0.565263,2.660626,0.01961557479178223,0.06743307504605742,0.040890576851022334,0.13103642326610632,0.0,0.104498,0.103843,0.010783,-0.266234,0.301144,-0.00352,0.079078,9.4437,0.119541,0.09051931783830955,18.0,34.0,0.085222,0.534951,9.065303259924575e-05,0.00041099731087268786,2.2528137000989084e-05,0.04833681840868422,0.0
0.341576,0.339484,0.115249,-1.310955,0.91689,-0.021474,0.254348,25.2164,0.319195,0.42727222332040227,16.0,36.0,-0.542821,2.205453,0.01922150849910538,0.06863072001980895,0.04107981440603784,0.16708691722863067,0.0,0.103968,0.103319,0.010675,-0.266234,0.2814,-0.000722,0.080178,9.8264,0.124385,0.14503611493690233,19.0,34.0,-0.106475,-0.011348,0.0001407254735428508,0.00034090520916013714,4.667862749890485e-06,0.04745827972941363,0.0
0.281275,0.279513,0.078127,-0.713804,0.785814,-0.021585,0.219371,20.9836,0.265615,0.6773975183686577,16.0,36.0,-0.01087,0.446786,0.0004224283801578993,0.02103942863315325,8.70251031409721e-05,0.1508788659732906,0.0,0.105812,0.105167,0.01106,-0.266234,0.2814,0.019017,0.083553,9.7341,0.123217,0.1185723968840856,18.0,33.0,-0.138813,-0.076872,9.577307283436885e-05,0.00035630540754654275,2.2087148430729912e-06,0.056192986479594795,0.0
0.258818,0.257286,0.066196,-0.713804,0.785814,-0.022169,0.201846,20.4074,0.258321,0.26980951908617423,18.0,34.0,0.073301,0.596471,0.00010929440952201983,0.015721650051654962,0.0006071900169422051,0.13890923515360942,0.0,0.107192,0.106521,0.011347,-0.266234,0.2814,0.007592,0.081504,9.8792,0.125053,0.09626686828454495,18.0,31.0,-0.165494,0.162591,0.0002182977341486786,0.0004076039117098455,8.773812401475684e-06,0.048315859550145425,0.0
0.241957,0.240448,0.057815,-0.592683,0.532769,-0.017593,0.193544,17.6361,0.223242,0.24289392014274636,17.0,37.0,-0.03311,-0.233272,0.0007966888634966002,0.00925171183257554,0.0004628751136856132,0.1381092088418322,0.0,0.098122,0.097524,0.009511,-0.256522,0.232183,0.008215,0.07098,8.8336,0.111817,0.12654989176744405,20.0,27.0,-0.363008,0.503207,0.00028356493489118474,0.00031436117386998756,1.8164140926595752e-05,0.03772596900756738,0.0
0.238846,0.237354,0.056337,-0.592683,0.588272,-0.005667,0.187531,15.659,0.198215,0.41905468797201034,14.0,40.0,0.221893,0.065993,0.0032391967776279175,0.009750066636905527,0.001038462474180882,0.12542478979657537,0.0,0.099055,0.098444,0.009691,-0.256522,0.232183,0.008215,0.073467,9.03,0.114304,0.11682712422135116,21.0,30.0,-0.385319,0.37554,0.0003262818294451996,0.0003149366942051284,1.9360970267338737e-05,0.04051750617726366,0.0
0.249287,0.247791,0.0614,-0.592683,0.588272,-0.007743,0.199607,16.132,0.204203,0.29044606516667526,14.0,39.0,0.163316,-0.313615,0.0014258667438350188,0.010071878037926713,0.0008003152026202188,0.12925145641752278,0.0,0.091701,0.091218,0.008321,-0.256522,0.216295,-0.000118,0.066844,7.7097,0.097592,0.12124708046855923,22.0,30.0,-0.436559,0.846214,0.00043193552363400355,0.0002714358539009468,2.9487514624621272e-05,0.03715867526298732,0.0
0.280852,0.279119,0.077908,-0.867843,0.649015,0.010191,0.218365,18.3526,0.232311,0.4986845180104962,13.0,38.0,-0.146281,0.323722,0.0022444852156106275,0.02012193756379695,0.0034942469989174794,0.1355493792086007,0.0,0.091645,0.091074,0.008294,-0.241507,0.216295,-0.000961,0.069718,7.7023,0.097498,0.08397769244410692,21.0,32.0,-0.279227,0.371584,0.00019125265503171872,0.00023128488668874863,1.4859743002769812e-05,0.04261917333874311,0.0
0.272381,0.270679,0.073267,-0.867843,0.649015,0.013783,0.207357,17.9941,0.227773,0.3038674272116288,13.0,39.0,-0.268902,0.651589,0.0057013283545558294,0.019637451707209437,0.0047318484630051874,0.12456761450140963,0.0,0.09407,0.093539,0.00875,-0.22735,0.1942,-0.005135,0.076522,7.9146,0.100185,0.1942004365508603,19.0,35.0,-0.251141,-0.30165,0.0002924934731278918,0.0002093634861197535,1.6850115375489764e-05,0.05441283040859874,0.0
0.311327,0.309566,0.095831,-0.867843,0.748432,0.024776,0.23916,20.7327,0.26244,0.2872954870088432,14.0,39.0,-0.24178,0.243155,0.010278603435427748,0.030089260492356794,0.006056818176317124,0.15023664004531442,0.0,0.09663,0.09606,0.009228,-0.22735,0.214402,0.010444,0.079845,7.5723,0.095851,0.09949431044727569,17.0,32.0,-0.273778,-0.417599,0.00031565118766513996,0.0002225069570215284,1.5869024182100004e-05,0.06090057134644546,0.0
0.297043,0.295185,0.087134,-0.867843,0.748432,0.017564,0.217996,20.651,0.261406,0.30807682662336805,15.0,39.0,-0.293742,0.80862,0.007135152203650685,0.028867434131003435,0.005514499901491254,0.12779719507367548,0.0,0.111777,0.111082,0.012339,-0.397587,0.246027,0.01436,0.085328,8.8358,0.111846,0.16219721933889208,15.0,34.0,-0.54267,1.189441,0.0006996406429223787,0.0006342941963210317,0.00012517918072576338,0.05505137580294355,0.0
0.266073,0.264435,0.069926,-0.728658,0.748432,0.016939,0.200575,18.766,0.237545,0.29691697550880414,16.0,41.0,-0.091,0.644135,0.0025311292725194627,0.01784433568752351,0.0007861271543131182,0.12609526793585119,0.0,0.109769,0.109081,0.011899,-0.397587,0.246027,0.007381,0.081736,8.6079,0.10896,0.11348657030069295,16.0,34.0,-0.518199,1.48388,0.0006687458288026837,0.0006345248345159864,0.00012316675357301526,0.051856843590157284,0.0
0.265208,0.263563,0.069466,-0.728658,0.748432,0.016939,0.203406,19.8811,0.25166,0.7484322395128545,17.0,34.0,-0.090697,0.550611,0.0010173384096907074,0.017112105019691598,0.0002017679984654956,0.13404823675008246,0.0,0.119799,0.119048,0.014172,-0.397587,0.282455,0.001638,0.086985,9.6472,0.122117,0.11751788510634044,15.0,36.0,-0.320814,1.021184,0.0005472035597412284,0.000807986746100927,0.00011373815491090093,0.04883806853348597,0.0
0.198471,0.197385,0.038961,-0.474216,0.491971,0.015554,0.157671,15.9775,0.202247,0.2710386013825746,17.0,33.0,-0.022297,-0.09874,0.0007532047839299748,0.004399042830515039,6.504003736383437e-05,0.10917106566880945,0.0,0.13161,0.130801,0.017109,-0.490333,0.282455,0.002518,0.089643,10.5364,0.133372,0.18650111306305042,17.0,37.0,-0.82407,2.417871,0.0017379284227754563,0.001570377897599126,0.0004544336462850657,0.04582302334785863,0.0
0.226442,0.225033,0.05064,-0.599812,0.54142,0.014176,0.178324,18.301,0.231658,0.41842100129986487,17.0,34.0,-0.127917,-0.008297,0.0017807889575341003,0.00768429130517564,0.0006635395006065536,0.1171864768350478,0.0,0.115375,0.114659,0.013147,-0.490333,0.282455,-0.00415,0.080879,9.0377,0.114402,0.15566972719179545,17.0,36.0,-0.714768,3.438886,0.0010264684603620477,0.001107164381384591,0.0003288046384318708,0.04658368188507948,0.0
0.218033,0.216729,0.046972,-0.673039,0.54142,0.015051,0.167189,16.5589,0.209607,0.2441232417863447,16.0,36.0,-0.492099,0.716567,0.0057417838979392215,0.00830281682996354,0.0025064995648244634,0.1068870518322414,0.0,0.116857,0.116155,0.013492,-0.490333,0.282455,-0.00256,0.083195,9.3336,0.118147,0.28245483945215094,18.0,38.0,-0.714724,3.013689,0.001225543082811777,0.001105878235294192,0.00033658562529469556,0.045488162632623855,0.0
0.255863,0.254261,0.064649,-1.109534,0.54142,0.025106,0.181824,19.365,0.245127,0.28501438082857256,17.0,38.0,-1.136936,3.708261,0.01847392455891058,0.027953765870130327,0.022591585508433605,0.1078872742056034,0.0,0.112494,0.11179,0.012497,-0.490333,0.262054,0.000914,0.079255,8.5878,0.108706,0.2620541443567074,17.0,38.0,-1.10481,3.998847,0.0015173415743440486,0.0010887228949559978,0.0003826128056379129,0.04388528635341933,0.0
0.278081,0.276338,0.076362,-1.109534,0.54142,0.02537,0.200575,22.2295,0.281386,0.5414203294181239,17.0,39.0,-0.97969,2.383043,0.02059689687587764,0.03136215196984725,0.023459191322280856,0.11411472740575085,0.0,0.102659,0.102038,0.010412,-0.329451,0.213532,-0.001439,0.079975,8.4968,0.107554,0.13801558262546965,18.0,39.0,-0.385398,0.394874,0.0004768425625929127,0.00037153086523130833,5.495514422782973e-05,0.04838620466079652,0.0
0.274953,0.273229,0.074654,-1.109534,0.524556,0.01887,0.196821,21.9659,0.278049,0.362752022128146,17.0,36.0,-0.889635,2.542162,0.018100532213859443,0.030873018547164226,0.022715525251157935,0.11913169352142072,0.0,0.118451,0.117709,0.013855,-0.329451,0.369352,0.002236,0.09117,9.9119,0.125467,0.11825742330519173,18.0,42.0,-0.094227,0.56141,0.00015263484270052534,0.0006836657788095701,1.6070750854190137e-05,0.05372256010646052,0.0
0.276854,0.275181,0.075725,-1.109534,0.649374,-0.003605,0.19674,21.939,0.277709,0.5215250421730231,17.0,35.0,-0.694206,2.540713,0.013118968575572177,0.031417950280857934,0.020233590472473063,0.11072151377786754,0.0,0.116742,0.116065,0.013471,-0.329451,0.369352,0.017689,0.091693,9.6615,0.122298,0.09921911100048275,19.0,36.0,-0.133458,0.686729,6.389499543811286e-05,0.0006658212873127485,1.9195561375665634e-05,0.06177584425017847,0.0
0.261835,0.260286,0.067749,-0.630302,0.649374,-0.011273,0.198912,21.9245,0.277525,0.3359566169062692,17.0,36.0,-0.034964,-0.045943,0.0020273874065496007,0.013576288182306533,0.0006263822836791776,0.11006939269215885,0.0,0.119842,0.119099,0.014185,-0.271595,0.369352,0.005966,0.096486,10.6758,0.135137,0.13216010306021198,20.0,33.0,-0.002181,0.216325,5.6383783698139735e-05,0.000647105499687437,4.528167123707902e-05,0.0690219786989869,0.0
0.242414,0.240895,0.058031,-0.55527,0.649374,-0.005902,0.184503,19.6097,0.248224,0.5086185891882882,18.0,33.0,0.029894,0.117954,0.0005667046551097756,0.010501276903796816,0.00032875534819971246,0.10805689360388601,0.0,0.111303,0.110605,0.012233,-0.271595,0.369352,-0.007598,0.087279,9.6835,0.122576,0.10210479962722603,19.0,31.0,0.11987,0.770292,0.00016606052701719182,0.0005643157741150133,5.443770500774063e-05,0.06047985474564204,0.0
0.24948,0.248054,0.061531,-0.75183,0.649374,0.006158,0.185132,20.8404,0.263802,0.32156450506188483,19.0,32.0,-0.283937,0.621668,0.0027972677368562062,0.013563125169628893,0.0020917503897289356,0.10266402567586921,0.0,0.099651,0.099036,0.009808,-0.271595,0.246743,0.013767,0.079013,8.677,0.109836,0.11250672063824219,20.0,29.0,-0.32833,0.215119,0.000279295560642294,0.00030756551049184567,2.073802527264048e-05,0.05713461875620485,0.0
0.251462,0.249888,0.062444,-0.75183,0.561141,0.012208,0.190113,21.0898,0.26696,0.2906190761354276,18.0,31.0,-0.340322,0.240678,0.005546216569493652,0.01266297111873368,0.003229624100952542,0.1132003638773898,0.0,0.105397,0.104773,0.010977,-0.283493,0.246743,0.013767,0.081669,9.0818,0.11496,0.14463993043197954,20.0,34.0,-0.442561,0.267791,0.0005996518415452755,0.00039936332771115933,4.4082562118251335e-05,0.05602948767539125,0.0
0.237195,0.235712,0.05556,-0.75183,0.561141,-0.005535,0.177994,19.7893,0.250497,0.21884615197740642,18.0,33.0,-0.185473,0.619322,0.002197750225668623,0.01115902023053429,0.0023253937733962314,0.10884396841433205,0.0,0.101497,0.100878,0.010176,-0.283493,0.231808,0.013767,0.079163,8.284,0.104861,0.10176144078787908,18.0,36.0,-0.23758,0.124402,0.00030182081760078374,0.0003254089098308352,1.9703142392219663e-05,0.055585188179091624,0.0
0.30841,0.306517,0.093953,-0.761124,0.767511,-0.018559,0.226556,24.7403,0.313169,0.5611405036236556,18.0,35.0,0.07547,0.593891,0.0007708922675816465,0.031677635988900436,0.00024347005863930709,0.13038674652628626,0.0,0.099671,0.099073,0.009816,-0.283493,0.231808,0.016091,0.075997,7.8917,0.099895,0.2163568052874957,17.0,41.0,-0.312389,0.362612,0.00023567760845969924,0.0003211316960516566,1.759827874170229e-05,0.05218594684351856,0.0
0.289655,0.287839,0.082852,-0.761124,0.767511,-0.030521,0.213929,21.6685,0.274284,0.25469413832659216,17.0,36.0,0.280128,0.9479,0.006686737814985353,0.027100538491259762,0.0036083653917917636,0.1365326201919386,0.0,0.097815,0.097206,0.009449,-0.283493,0.231808,0.016091,0.077208,8.2255,0.10412,0.16418999161666914,18.0,38.0,-0.254614,0.110532,0.00020790870507083012,0.00027686788276609983,1.6131959614853964e-05,0.054511619595446176,0.0
0.296657,0.294937,0.086988,-0.761124,0.767511,-0.030521,0.224756,22.2432,0.281559,0.42245948672037426,17.0,38.0,0.305979,0.589414,0.01020633276331782,0.02743693838800379,0.004596577071767725,0.1436275358871016,0.0,0.096919,0.096354,0.009284,-0.203669,0.231808,0.016628,0.076557,8.0546,0.101957,0.21212974597101802,19.0,36.0,0.023947,-0.196371,0.00010202659084151042,0.00024194023279994762,9.187758629331926e-06,0.053843582517794364,0.0
0.298446,0.296607,0.087976,-0.761124,0.767511,-0.05671,0.22827,22.0975,0.279715,0.7664561163955239,17.0,33.0,0.38418,0.580264,0.011181333397978815,0.027884617879826056,0.004973527629876861,0.15438452268681413,0.0,0.090758,0.090189,0.008134,-0.274794,0.225393,0.019451,0.071584,8.0718,0.102175,0.0834204100033262,21.0,31.0,-0.333536,0.235127,0.0002453831092157747,0.00021407430260244616,1.7319680536515275e-05,0.04855438781305986,0.0
0.283341,0.281575,0.079284,-0.783408,0.775809,-0.06084,0.218391,20.4247,0.258541,0.29005928325665814,18.0,32.0,0.366233,0.56354,0.007593511924715969,0.022319998566021772,0.002622701644434631,0.1444611142070264,0.0,0.088171,0.087644,0.007681,-0.274794,0.225393,0.016437,0.069686,7.916,0.100202,0.10635826919422732,21.0,25.0,-0.3044,0.307811,0.0002539667373658559,0.0001969038300292803,1.688363496661317e-05,0.04575234824659376,0.0
0.285894,0.284124,0.080727,-0.783408,0.775809,-0.027497,0.222148,20.7474,0.262625,0.38259218182202176,19.0,33.0,0.233743,0.348795,0.004483726582731847,0.021745051571068787,0.0015567437616571434,0.13663292747648167,0.0,0.088907,0.088384,0.007812,-0.274794,0.225393,0.016437,0.070683,8.4959,0.107544,0.10639499742803743,21.0,23.0,-0.307934,0.20327,0.00027038687528867044,0.00019756038843784466,1.7949636017463817e-05,0.046740818318152674,0.0
0.309058,0.307134,0.094331,-0.783408,0.810978,-0.03873,0.236478,22.022,0.278759,0.311436297835612,19.0,32.0,0.248163,0.480611,0.006368045633762591,0.03088750520073763,0.003838696588251538,0.15009822844760612,0.0,0.091633,0.091126,0.008304,-0.274794,0.236568,0.013543,0.073516,8.6943,0.110054,0.1453648737387123,21.0,22.0,-0.247058,0.03158,0.00027417159622660983,0.00021166677422120467,1.5749360745817093e-05,0.047921876004127194,0.0
0.305078,0.303269,0.091972,-0.783408,0.810978,-0.013579,0.230262,21.2205,0.268614,0.673045440126025,18.0,33.0,0.158466,0.615978,0.002228744038044235,0.030440043809886498,0.002789467692359391,0.14017222001859386,0.0,0.11445,0.113826,0.012956,-0.30308,0.360369,0.016437,0.085382,9.8343,0.124484,0.13077596585920656,21.0,26.0,0.175107,1.094553,0.00043684407672835775,0.000691502275182859,6.91741159656671e-05,0.051682535547437874,0.0
0.259761,0.258152,0.066642,-0.719786,0.810978,-0.020726,0.197417,17.8892,0.226446,0.22685997029386146,16.0,33.0,0.111444,0.775277,0.001276973645265861,0.01674116115756654,0.0019763392524758073,0.12502435994140995,0.0,0.125794,0.125007,0.015627,-0.30308,0.360369,0.002372,0.096541,10.6116,0.134325,0.10851839214596094,20.0,30.0,0.162445,0.331475,0.00028657968112751596,0.0008126871861614509,5.855963430697392e-05,0.05882518546557182,0.0
0.286268,0.284476,0.080926,-0.719786,0.810978,-0.020726,0.219339,19.3572,0.245028,0.26318742825742536,15.0,35.0,0.232632,0.290995,0.005624000093286419,0.0215766313883978,0.004177799825844588,0.13982861625844709,0.0,0.136003,0.13515,0.018266,-0.30308,0.360369,-0.00056,0.103635,10.8154,0.136903,0.15386935438915586,18.0,34.0,0.301583,0.123941,0.0007559334160373614,0.001042863119347637,0.00011462493590585828,0.05988829868690371,0.0
0.274002,0.272286,0.07414,-0.770593,0.671871,-0.002799,0.208953,19.2273,0.243384,0.22276212493898723,16.0,36.0,-0.098817,0.242993,0.0022122004969801017,0.017833527789631327,0.001457778827925841,0.1288727425025815,0.0,0.131752,0.130988,0.017158,-0.30308,0.360369,-0.00056,0.099298,9.7992,0.12404,0.0993149502563207,15.0,35.0,0.248431,0.329795,0.0007649054221401205,0.0009890615847286672,0.00010916884539390781,0.05827586550767957,0.0
0.272352,0.270698,0.073277,-0.770593,0.671871,0.004269,0.207293,18.8195,0.238222,0.3274108840593174,15.0,40.0,-0.041411,0.258523,0.00036083160459769725,0.017478151898213785,0.0008711352747765751,0.13035506738294375,0.0,0.119377,0.118751,0.014102,-0.282807,0.335393,-0.007768,0.094447,9.1281,0.115546,0.1563823123114979,14.0,36.0,0.108737,-0.122203,4.64302367663741e-05,0.0005684568599513393,1.8997158245569034e-05,0.06055038411535551,0.0
0.285084,0.283298,0.080257,-0.770593,0.671871,0.030405,0.225125,20.5711,0.260393,0.6718708125050106,16.0,39.0,-0.052078,-0.048068,0.0010265498849826916,0.019011077877066785,0.001379994692895997,0.15144672879086757,0.0,0.108539,0.107885,0.011639,-0.282807,0.335393,0.011057,0.084225,8.4734,0.107258,0.3353927344120083,15.0,35.0,0.119284,0.44846,0.0002332574400942004,0.00046853824340160004,3.5645248333181155e-05,0.05672529869468539,0.0
0.258371,0.256882,0.065988,-0.770593,0.619397,0.013049,0.200006,20.1853,0.255511,0.6193969695299857,19.0,39.0,-0.139872,0.360152,0.0039883830704970065,0.01470598411393434,0.003116727064997848,0.13896552136274937,0.0,0.094349,0.093758,0.008791,-0.282807,0.21813,0.011057,0.074906,7.7255,0.097792,0.12499086308289359,18.0,32.0,-0.372621,0.169778,0.00031781122734820096,0.0002454439907737256,2.344116651859081e-05,0.05335522575337348,0.0
0.229205,0.227814,0.051899,-0.625707,0.490243,-0.033958,0.182037,17.5754,0.222474,0.397878688757026,18.0,38.0,0.12374,-0.112149,0.0007525906863055543,0.007752096437823389,0.00023597712605316311,0.13165013956983562,0.0,0.100937,0.100342,0.010069,-0.282807,0.21813,0.011057,0.080106,8.4538,0.10701,0.17923533203284675,20.0,32.0,-0.34308,0.068762,0.000429282881140986,0.0003148997316777304,3.1542736165169646e-05,0.05685921644621286,0.0
0.248742,0.247185,0.061101,-0.625707,0.745231,-0.014188,0.19044,19.7593,0.250118,0.42304205204200307,18.0,38.0,0.177001,0.394968,0.0028798121575271084,0.01268639077406691,0.0018559446708465686,0.12763539158366508,0.0,0.093189,0.092616,0.008578,-0.249921,0.21813,0.020762,0.074197,8.1803,0.103549,0.07525805712588426,22.0,29.0,-0.276978,0.19023,0.00018260700149305104,0.00023344738679484983,9.907336488151946e-06,0.05437963512832818,0.0
0.252584,0.251074,0.063038,-0.764897,0.745231,0.021115,0.188497,20.5521,0.260153,0.49024323698378813,20.0,37.0,-0.170253,0.9404,0.0015439892508569179,0.015588655195729589,0.0008198189729249749,0.12397552289469185,0.0,0.102021,0.101381,0.010278,-0.249921,0.270496,0.008396,0.08253,9.0003,0.113928,0.13677649087823662,21.0,29.0,-0.08877,-0.138194,9.175330990201921e-05,0.00030231389257271834,9.663694638125291e-07,0.05924501895945632,0.0
0.241096,0.239696,0.057454,-0.764897,0.745231,0.016011,0.179937,20.0506,0.253806,0.4570515323730666,20.0,34.0,-0.28383,1.2887,0.0026428257113614772,0.014034679808576112,0.0012158419953652267,0.11445013903397833,0.0,0.102171,0.101548,0.010312,-0.249921,0.270496,0.019777,0.082655,9.431,0.11938,0.1971839384947673,21.0,29.0,-0.099613,-0.13376,4.591635555378716e-05,0.00030401240926023767,1.995228528374227e-06,0.060479696792393546,0.0
0.238551,0.237059,0.056197,-0.764897,0.745231,0.014455,0.16745,19.4682,0.246433,0.3872016829144515,19.0,35.0,-0.419048,2.006809,0.005386667860086067,0.01578565399912452,0.002373951136438193,0.09697947168795923,0.0,0.103251,0.102608,0.010528,-0.291668,0.270496,-0.001649,0.082083,9.9458,0.125897,0.20651765829327556,22.0,28.0,-0.176394,0.081959,0.00016173420334020125,0.0003409323516387441,1.219164643867342e-05,0.05731222417151633,0.0
0.230651,0.229206,0.052535,-0.764897,0.531328,0.014585,0.173955,18.7142,0.236889,0.45749122873115267,19.0,37.0,-0.614378,1.145879,0.007479637382282337,0.01145774785403189,0.004486081842814765,0.1104365660816495,0.0,0.110695,0.110012,0.012103,-0.313898,0.270496,0.002283,0.085506,10.3902,0.131521,0.12807094773951652,20.0,30.0,-0.311043,0.495327,0.0003571070414826438,0.0005093452405741179,4.384180563009791e-05,0.056197847371689605,0.0
0.221526,0.220139,0.048461,-0.653785,0.699295,0.014585,0.167652,17.74,0.224557,0.28860779169822653,18.0,37.0,0.058189,0.963768,0.00075723567418459,0.00931105890885874,0.0008136517172889008,0.1044817287436597,0.0,0.111548,0.110856,0.012289,-0.313898,0.276831,0.006341,0.086089,10.4787,0.132641,0.11561576203122592,21.0,32.0,-0.293216,0.482196,0.0004455231842071299,0.0005278585278678525,4.6137209521781525e-05,0.057269671342467,0.0
0.249208,0.247662,0.061337,-0.653785,0.699295,0.019022,0.194665,19.8003,0.250637,0.5313276339239099,17.0,43.0,-0.131166,0.269097,0.0025287792216527882,0.012321930308372264,0.0003856845877680926,0.12333634604698084,0.0,0.123834,0.123142,0.015164,-0.406569,0.285692,5e-05,0.092068,11.2172,0.14199,0.13044744033511768,21.0,37.0,-0.409476,1.047436,0.0009695240489972078,0.0009438893838163501,0.00015919505859676638,0.054605728291346585,0.0
0.258261,0.256647,0.065868,-0.645058,0.699295,0.042672,0.20824,20.5915,0.260652,0.36220911742009004,16.0,42.0,-0.172806,-0.082805,0.0032565243013796853,0.012676264898620967,0.00045916217167043405,0.14061559462222906,0.0,0.12624,0.125452,0.015738,-0.406569,0.285692,0.00619,0.09572,10.3109,0.130518,0.25029119821553325,18.0,40.0,-0.214338,0.842988,0.00037977468235585816,0.0009502816743469575,0.00010992994140668936,0.05879462567090818,0.0
0.252114,0.250574,0.062788,-0.645058,0.699295,0.020618,0.193351,19.558,0.247569,0.26615491734245766,15.0,41.0,-0.278723,0.416287,0.0052344229188540665,0.013546140990613497,0.001411930003851224,0.12112366146638597,0.0,0.136743,0.135886,0.018465,-0.406569,0.285692,0.00619,0.106273,11.6124,0.146993,0.10872794617207993,19.0,39.0,-0.289804,0.517316,0.0007098061045255188,0.0011983334854755335,0.00017926095912171726,0.06908270751559005,0.0
0.302317,0.300421,0.090253,-0.806278,0.853009,-0.003765,0.230576,22.9239,0.290175,0.28556432345231664,15.0,43.0,-0.188147,0.516568,0.00517248998068707,0.028649884921244716,0.0022401217009731314,0.14427920374017902,0.0,0.137984,0.137141,0.018808,-0.406569,0.316888,-0.001113,0.105193,11.4397,0.144806,0.15625734093746615,18.0,41.0,-0.220062,0.58749,0.00042820288227668967,0.0012632695045271154,0.0001523902437699498,0.06197419840600307,0.0
0.293663,0.291822,0.08516,-0.806278,0.853009,0.003901,0.219402,22.0901,0.279622,0.2770740018967358,15.0,43.0,-0.123626,0.749851,0.003068405466201243,0.027194660320682146,0.0013027147911427728,0.13414846105816355,0.0,0.126612,0.12594,0.015861,-0.385553,0.316888,0.002713,0.099077,10.6206,0.134437,0.1707844587396012,18.0,38.0,-0.00867,0.335271,0.0002460061145132208,0.000838339569131419,3.257311580908104e-05,0.06266939051697232,0.0
0.302026,0.300237,0.090142,-0.806278,0.853009,-0.002043,0.228744,24.2986,0.307578,0.32572001380126747,18.0,39.0,0.104277,0.653692,0.004956607189007332,0.029770219687360183,0.0029035754322839875,0.14829858729391332,0.0,0.122539,0.121778,0.01483,-0.385553,0.316888,-0.003583,0.095395,11.0387,0.139731,0.23508747375426803,20.0,37.0,0.010581,0.517122,4.1592434831248026e-05,0.0007733813985302696,5.065855453504199e-05,0.06096839172389713,0.0
0.298323,0.296457,0.087887,-0.806278,0.853009,0.005456,0.22894,22.7789,0.28834,0.3038689303748851,19.0,40.0,0.207051,0.662772,0.004984970523493247,0.028257659848649176,0.003543249579449696,0.1443694726536312,0.0,0.114747,0.114093,0.013017,-0.267472,0.316888,-0.00719,0.091886,10.8463,0.137295,0.09333293750135771,21.0,34.0,0.235053,-0.127176,0.0001977904308973981,0.0004814563916467389,2.4158850295362184e-05,0.06005123969865966,0.0
0.278535,0.276798,0.076617,-0.786724,0.861795,0.011381,0.20765,22.2224,0.281297,0.4429232304595225,20.0,39.0,0.172908,1.044455,0.0041865462868221435,0.02377415767289968,0.004340890576504303,0.12002073106231596,0.0,0.118513,0.117774,0.013871,-0.267472,0.275102,-0.006453,0.098071,11.3334,0.143461,0.18969744270260844,23.0,28.0,0.064959,-0.638589,6.595249230375555e-05,0.00045392867635650697,1.621140014200964e-06,0.07004667696075782,0.0
0.302926,0.301099,0.090661,-0.804833,0.861795,0.011381,0.220134,23.62,0.298988,0.6871318928066801,20.0,37.0,0.045222,0.83631,0.0005692207141554304,0.0314927301015007,0.0007121485824143136,0.11592257970580043,0.0,0.119117,0.11838,0.014014,-0.267472,0.275102,-0.011039,0.097226,11.5438,0.146124,0.10417753449640646,23.0,28.0,0.039701,-0.586273,1.881462914658929e-06,0.0004736599315373266,2.2106767598335108e-07,0.06847913573441707,0.0
0.290202,0.288487,0.083225,-0.804833,0.861795,0.00667,0.205223,21.0639,0.266631,0.21341070262525813,19.0,38.0,-0.0124,1.21647,0.0022366104333163194,0.029201778204890845,8.267347150573978e-05,0.09871603524412118,0.0,0.121157,0.120397,0.014496,-0.267472,0.275102,-0.012507,0.097474,11.8071,0.149457,0.14215715734111622,21.0,26.0,0.056116,-0.513513,9.223596404075353e-05,0.0005224083362868098,9.442058821332271e-06,0.06731757533669515,0.0
0.294154,0.292309,0.085445,-0.804833,0.861795,0.012728,0.204006,20.4886,0.259349,0.8617951234998353,18.0,36.0,-0.164959,1.24304,0.004190104523273884,0.030982150281178955,0.0011376492432375817,0.09887082038998657,0.0,0.102715,0.102094,0.010423,-0.19986,0.275102,-0.013823,0.077261,9.3426,0.118261,0.27510211513731164,22.0,24.0,0.452929,0.209181,0.0005488424212038324,0.0003527734850043592,4.1604960232373944e-05,0.05007709616033547,0.0
0.266895,0.265268,0.070367,-0.804833,0.725337,0.00667,0.191314,20.1618,0.255213,0.5415620215976054,20.0,32.0,-0.117177,0.930356,0.003221804526495313,0.01950088982013744,0.0020538614265587464,0.09935876211547472,0.0,0.088872,0.088349,0.007806,-0.190313,0.247725,-0.010538,0.065836,8.1679,0.103391,0.20998164265287428,21.0,26.0,0.326441,0.80572,0.00016674723642634608,0.00022956190090992395,1.878019678882602e-05,0.04296539109867992,0.0
0.224187,0.222912,0.04969,-0.574011,0.725337,0.010689,0.165262,17.0162,0.215394,0.7253368571870316,17.0,31.0,0.114604,1.198163,0.002405283045917333,0.010397425530226483,0.0017934389501830996,0.09471873952292484,0.0,0.087712,0.087162,0.007597,-0.190313,0.247725,-0.002968,0.064895,7.8888,0.099859,0.08090988852123032,22.0,27.0,0.14532,0.747803,9.908954407943069e-05,0.0002163605145353997,1.367998326388762e-05,0.04229413601905126,0.0
0.26141,0.259835,0.067514,-0.675655,0.590156,0.02959,0.195148,18.0489,0.228467,0.31586932487878716,16.0,32.0,-0.480029,0.460015,0.007247726744197905,0.015575293908452626,0.003751400637523042,0.11519448855626449,0.0,0.084405,0.083893,0.007038,-0.190313,0.238543,0.002909,0.063412,7.3562,0.093116,0.19622898354678692,24.0,27.0,-0.011555,0.474624,2.9016519652457873e-05,0.00017204904464149603,4.0743949858327675e-06,0.041606446960806814,0.0
0.275838,0.27411,0.075136,-0.828527,0.590156,0.018083,0.20555,19.9162,0.252104,0.3975550575944029,17.0,32.0,-0.477751,0.607629,0.0099843113628721,0.020391863193513847,0.007055986014441037,0.12244367299591848,0.0,0.089892,0.089335,0.007981,-0.20688,0.238543,0.007832,0.07016,7.6143,0.096383,0.07832501328467609,21.0,30.0,-0.17533,-0.031033,0.00015038911418061935,0.00018962929288367727,3.7430417928027437e-06,0.047551724447606705,0.0
0.264681,0.263022,0.06918,-0.828527,0.620904,0.013932,0.195614,18.9597,0.239996,0.318989796036105,18.0,29.0,-0.475303,1.039367,0.008638080944428774,0.019330356017607846,0.006562331151554071,0.12225893249044342,0.0,0.088867,0.08831,0.007799,-0.20688,0.238543,0.010027,0.069948,7.7427,0.098009,0.13658929213287718,23.0,26.0,-0.146986,-0.063182,0.00010116602451170399,0.0001786128005048742,1.867700777739287e-06,0.04961023357559482,0.0
0.28514,0.283395,0.080313,-0.828527,0.620904,0.016747,0.212328,21.0594,0.266575,0.2814887303473092,20.0,33.0,-0.542284,0.699243,0.011148288977482875,0.02361447598769086,0.008478676714005807,0.13215860259356849,0.0,0.106391,0.105724,0.011178,-0.318654,0.297057,0.006747,0.082827,9.4394,0.119487,0.0904590406360706,21.0,30.0,-0.007645,0.465083,2.1731256958306722e-06,0.0004329160910571614,5.929718454476932e-06,0.058055101332407794,0.0
0.254464,0.252937,0.063977,-0.828527,0.620904,-0.010102,0.190477,20.8286,0.263653,0.5041941102839482,20.0,32.0,-0.448811,1.242266,0.008383877321582136,0.01752890815490853,0.006681570271169046,0.1211578475188747,0.0,0.101188,0.100604,0.010121,-0.318654,0.297057,0.009517,0.079629,9.1227,0.115478,0.0986183967235392,20.0,27.0,-0.047994,0.651459,0.00014470079971437675,0.00037452693734064377,1.37320860183866e-05,0.058106788679278674,0.0
0.237561,0.23625,0.055814,-0.715342,0.620904,0.007642,0.178402,19.9601,0.252659,0.6209041796617807,21.0,28.0,-0.323668,0.964599,0.0027220326935545104,0.012185104203133675,0.0024408681108455538,0.11204004264824954,0.0,0.103132,0.102525,0.010511,-0.318654,0.297057,0.016583,0.082889,9.5027,0.120287,0.10771708543189557,20.0,30.0,-0.147735,0.415902,6.902229718210536e-05,0.0003755281616937469,1.0969943265390304e-05,0.06175164965784498,0.0
0.280618,0.278863,0.077765,-0.715342,0.811552,-0.001223,0.211948,19.9367,0.252363,0.23699587605006134,17.0,32.0,-0.184774,0.578369,0.004363590352567589,0.021663855804290456,0.0017927048289103124,0.13143097909473445,0.0,0.113905,0.113191,0.012812,-0.318654,0.297057,0.016101,0.091436,9.9155,0.125512,0.19708604399908786,18.0,34.0,-0.105784,0.055409,0.00014805999105680306,0.0005014732979454374,1.1457574785714612e-05,0.06773521649628635,0.0
0.265178,0.263528,0.069447,-0.704243,0.811552,-0.007851,0.200706,17.7945,0.225247,0.42110316811105863,16.0,28.0,-0.037068,0.6872,0.0012161978034476815,0.017789388017430748,0.00021501859449932632,0.1220702677493302,0.0,0.101679,0.101044,0.01021,-0.215236,0.296945,0.013172,0.07922,8.8152,0.111585,0.15909987603372494,19.0,34.0,0.207437,0.408277,0.00023492959927596619,0.00035586811052012437,3.20850903156897e-05,0.05695561223038926,0.0
0.332763,0.33077,0.109409,-0.704243,1.322251,-0.012135,0.239593,20.132,0.254835,0.31098139570531774,14.0,31.0,0.746854,2.385049,0.02442781482127823,0.0635799425668858,0.05034059894715117,0.13683914600485833,0.0,0.102403,0.101761,0.010355,-0.215236,0.296945,-0.008424,0.080155,8.757,0.110848,0.12224471498972832,19.0,36.0,0.28139,0.345181,0.00028993278730708933,0.00035846594905146305,3.385640501755612e-05,0.0572629259085729,0.0
0.327921,0.32588,0.106198,-0.704243,1.322251,-0.007243,0.239456,19.6879,0.249214,0.8115519400079766,14.0,32.0,0.762067,2.537864,0.025368276982770343,0.06211898365951196,0.05066134178537366,0.13916488087763915,0.0,0.115218,0.114556,0.013123,-0.380665,0.296945,-0.013588,0.086929,10.3161,0.130584,0.10524215150969246,20.0,32.0,-0.025656,0.961363,0.00018522963428232493,0.0006824375438576139,5.346897491100747e-05,0.05816757670824433,0.0
0.304111,0.302207,0.091329,-0.750692,1.322251,-0.005897,0.211335,20.0667,0.254008,0.22604897474810423,16.0,30.0,0.799689,3.892326,0.02239835500453389,0.05759299931085317,0.04783315763911075,0.11805927547911568,0.0,0.106008,0.105369,0.011103,-0.380665,0.296945,-0.008424,0.077327,9.6911,0.122672,0.23447463018784714,22.0,30.0,-0.096793,1.70517,3.5469554537573584e-05,0.0005787398003831306,5.180841419385857e-05,0.047176321991255266,0.0
0.304339,0.302453,0.091478,-0.750692,1.322251,-0.004022,0.211753,20.9535,0.265234,1.3222512923287946,17.0,32.0,0.797436,3.972632,0.021067046057328287,0.05801983630660079,0.04747999140299965,0.12681926771682106,0.0,0.098849,0.098237,0.00965,-0.380665,0.253929,-0.008838,0.074494,9.1231,0.115482,0.12131149440414063,20.0,27.0,-0.436424,1.742461,0.00044820714956390754,0.00044359628299943317,8.772430526884578e-05,0.047104084980365016,0.0
0.21402,0.212756,0.045265,-0.750692,0.694806,0.01155,0.163041,16.0237,0.202832,0.29908211994048667,16.0,30.0,-0.293283,1.84287,0.0020403060692230513,0.009852262797584598,0.0013639998506489279,0.10907712468526828,0.0,0.112101,0.111404,0.012411,-0.380665,0.253929,-0.004372,0.083534,10.7954,0.136651,0.2539288609639407,22.0,27.0,-0.393273,0.881923,0.0005018744886781446,0.0005954592125107846,8.906141681552485e-05,0.04897517724974143,0.0
0.210427,0.209204,0.043766,-0.750692,0.694806,0.012351,0.160722,16.4179,0.207821,0.21318416397614942,19.0,31.0,-0.284074,2.04429,0.0017652620127003936,0.00958921101897731,0.0013112143790568183,0.11497079613195911,0.0,0.105336,0.104725,0.010967,-0.236313,0.286663,-0.002646,0.079523,10.0403,0.127093,0.1714830314699359,21.0,29.0,0.069577,0.288211,0.00018567713281591804,0.00039647005604155383,1.868869200009374e-05,0.047928292708193,0.0
0.199046,0.197852,0.039146,-0.522258,0.441347,0.027524,0.161432,16.0762,0.203496,0.16609976521894684,19.0,34.0,-0.375746,0.07217,0.0023617568530917717,0.004653491993233909,0.0008997053972837505,0.12096064575786862,0.0,0.115193,0.114486,0.013107,-0.236313,0.286663,-0.001907,0.086938,11.263,0.142569,0.10966888427956233,22.0,26.0,0.180819,0.117256,0.0003447776100474377,0.0005375425567204596,3.5496185246628265e-05,0.05156023792696579,0.0
0.228082,0.226668,0.051378,-0.522258,0.801883,-0.00067,0.177841,18.3049,0.231708,0.3047557928296003,18.0,36.0,0.220687,1.007983,0.0021510833464188552,0.010551394655782307,0.002924235115840245,0.12370884921725638,0.0,0.114178,0.113464,0.012874,-0.236313,0.286663,0.000736,0.084266,10.8816,0.137742,0.1942326541566915,23.0,28.0,0.221959,0.229623,0.00029671527570024824,0.0005343586713891177,3.482103377189502e-05,0.04535483831516608,0.0
0.265986,0.264385,0.069899,-0.593582,0.844351,0.014546,0.207088,19.9697,0.252781,0.3000986755072165,16.0,38.0,0.400922,0.901427,0.008644451976801916,0.01923293983515446,0.007751180302364243,0.1457808300297803,0.0,0.113142,0.112434,0.012641,-0.236313,0.286663,0.000736,0.083328,10.1699,0.128733,0.2866627454251932,22.0,28.0,0.497001,0.378941,0.0007242596425026522,0.000541302165995362,6.657756282287631e-05,0.04590016388341889,0.0
0.261289,0.259738,0.067464,-0.593582,0.844351,-0.007467,0.198914,19.5814,0.247866,0.2317288778972032,15.0,35.0,0.517657,1.241526,0.007701979027278752,0.019053448543794684,0.007673101678377739,0.13122656717524844,0.0,0.119447,0.11883,0.014121,-0.276772,0.276136,-0.001116,0.091129,10.4134,0.131815,0.2761361308566589,20.0,25.0,0.342955,-0.076115,0.0003369437145669386,0.0005702228041631919,3.1829995681572384e-05,0.05120851628779649,0.0
0.271214,0.269579,0.072673,-0.774451,0.844351,0.00171,0.19798,20.2123,0.255852,0.8018826274724202,15.0,33.0,0.355431,1.604847,0.005666787220156841,0.024146699979348162,0.005741229929173177,0.12428247686120526,0.0,0.123129,0.122405,0.014983,-0.276772,0.403208,0.000104,0.094225,10.7763,0.136409,0.10600263786794725,19.0,26.0,0.442902,0.685841,0.0006580467871409204,0.0008161155640649965,0.00012809483228005397,0.056962791404671004,0.0
0.258827,0.257355,0.066232,-0.774451,0.844351,0.023149,0.188136,17.2265,0.218057,0.8443514861890833,13.0,39.0,-0.018326,1.705928,0.0014346493908615255,0.020614665744894796,0.0016235909142340867,0.11823440225198659,0.0,0.155811,0.154868,0.023984,-0.387732,0.403208,0.01045,0.124449,14.2319,0.180151,0.23196646924985473,19.0,27.0,0.089156,-0.161683,0.0005652537820004305,0.0016371151033485218,5.3662786008585837e-05,0.08583043582188844,0.0
0.280308,0.278592,0.077613,-0.774451,1.021617,0.005566,0.195368,17.5586,0.222261,0.21963285472599156,12.0,38.0,0.441076,2.467382,0.008411663530505705,0.03274208741255347,0.01157432331558431,0.1160246212512789,0.0,0.16432,0.163314,0.026672,-0.387732,0.403208,0.00142,0.129749,14.9045,0.188665,0.2302683374699259,18.0,23.0,0.092993,-0.083375,0.00017631006816425454,0.0020702224505269157,7.785434454303294e-05,0.0850085274408562,0.0
0.30619,0.304349,0.092628,-0.774451,1.021617,0.008804,0.230029,18.3473,0.232244,0.6354976462330022,11.0,41.0,0.328266,1.060262,0.011158764875272027,0.03508209781023341,0.012053214808891797,0.1499180195814902,0.0,0.158618,0.15769,0.024866,-0.387732,0.403208,0.007884,0.122233,14.0038,0.177264,0.403208296837418,19.0,23.0,0.085386,0.2482,0.0006737549744746101,0.002014256698881512,0.0001232692602598161,0.0776570977412344,0.0
0.309225,0.307361,0.094471,-0.681377,1.021617,-0.010441,0.236894,18.5154,0.234372,0.43879495032960025,10.0,41.0,0.477686,0.649279,0.015783392485485038,0.03293951689861705,0.014845743353791135,0.15540909348824825,0.0,0.152926,0.15206,0.023122,-0.387732,0.399123,-0.000598,0.119382,13.2689,0.16796,0.15039931279151558,18.0,21.0,-0.022073,0.144437,0.0002912764654901212,0.0016793036705902355,1.3998774851882591e-05,0.07978742744629708,0.0
0.332101,0.330421,0.109178,-0.873225,1.021617,-0.029415,0.25356,19.4166,0.245779,0.7340001862622041,11.0,34.0,0.184456,0.750554,0.0013056142529081285,0.044230499632058586,0.004386954552409478,0.16994311598951065,0.0,0.131364,0.130668,0.017074,-0.320097,0.399123,-0.014694,0.103432,11.1621,0.141293,0.3991229319029379,17.0,20.0,0.14574,0.440252,2.8106660716858532e-05,0.0009949196912327446,6.547518941708336e-05,0.07116159012579061,0.0
0.299564,0.29784,0.088709,-0.873225,0.572089,0.037886,0.234807,20.2597,0.256452,0.45956978516452496,13.0,32.0,-0.426713,0.295367,0.008706912022982224,0.025495486294446125,0.009592504184330605,0.16286097584886317,0.0,0.12869,0.127937,0.016368,-0.322543,0.302666,0.000286,0.104002,11.3581,0.143773,0.30266613874278947,17.0,25.0,-0.02014,-0.210709,0.00014105401760039572,0.0007467431404017769,5.834148204505481e-06,0.0751874283176655,0.0
0.285257,0.283569,0.080411,-0.873225,0.572089,-0.006238,0.215871,19.4606,0.246336,0.5472960017017434,13.0,32.0,-0.388464,0.709754,0.010663580594668026,0.02424716181352922,0.009832506648412152,0.1399461137384424,0.0,0.129066,0.128263,0.016451,-0.322543,0.288355,0.007456,0.104591,11.9385,0.151121,0.11907216536343672,18.0,23.0,-0.11822,-0.383846,0.0003105355086514574,0.0007093167463144749,3.251270469436787e-05,0.07639336430761336,0.0
0.291991,0.290241,0.08424,-0.873225,0.862117,-0.014202,0.221891,19.4655,0.246399,0.28483752493685244,14.0,35.0,-0.174564,1.022418,0.005999023061725398,0.028653621130638234,0.005056633588109503,0.1453371179990378,0.0,0.13626,0.135463,0.01835,-0.330841,0.403717,0.010748,0.106066,11.4848,0.145378,0.18898930934829675,18.0,29.0,0.101706,0.354786,3.6050344054505516e-05,0.0011254831549353216,5.2668948799867955e-05,0.07327567529729302,0.0
0.276691,0.275336,0.07581,-0.599939,0.862117,-0.026892,0.221643,17.752,0.224709,0.3856375705265635,13.0,40.0,0.440441,0.185045,0.012438504753139725,0.018828691503870947,0.007593508322676296,0.1588644666397149,0.0,0.143839,0.142951,0.020435,-0.357199,0.403717,0.010892,0.113371,12.4808,0.157984,0.12957843454134776,18.0,30.0,-0.031281,0.167044,2.894883806892918e-05,0.0013217726227244832,1.2659266810108099e-05,0.07896957026797556,0.0
0.274122,0.272427,0.074216,-0.599939,0.862117,-0.04278,0.221394,18.2217,0.230654,0.46762954759907005,13.0,39.0,0.526928,0.338243,0.009864204232668919,0.01823604347557975,0.0071006673280022015,0.16297045575348237,0.0,0.135162,0.134314,0.01804,-0.357199,0.403717,0.012298,0.107656,12.3188,0.155935,0.10988299707582949,21.0,28.0,-0.011483,0.361501,1.1355051313738027e-05,0.0010939823860422195,2.066176684241319e-05,0.07955034152811521,0.0
0.266865,0.265196,0.070329,-0.599939,0.862117,-0.027894,0.212948,18.3487,0.232262,0.8621167595720247,13.0,38.0,0.506193,0.538083,0.009129716249584845,0.0174440791547951,0.006889652090324298,0.15827986302816632,0.0,0.151325,0.150385,0.022616,-0.529032,0.403717,0.01342,0.115875,13.5923,0.172055,0.12145976186288221,21.0,31.0,-0.474379,1.3637,0.001503239245526407,0.0022213021803704383,0.00046706422492423456,0.08112778556127556,0.0
0.240181,0.238701,0.056978,-0.488073,0.680176,-0.0213,0.194621,18.6666,0.236286,0.680175715090042,15.0,35.0,0.322056,-0.232541,0.004980410373358298,0.009046559785934697,0.0020567828425033523,0.1357906044062815,0.0,0.161434,0.160427,0.025737,-0.529032,0.370428,0.009134,0.124572,15.2379,0.192885,0.1447470952318505,22.0,28.0,-0.476323,0.774732,0.0018649110424170875,0.0024898997062098886,0.0005662000832172092,0.08458229830761048,0.0
0.20741,0.2063,0.042559,-0.453879,0.503215,-0.020895,0.16721,16.8495,0.213285,0.18202888423691355,16.0,32.0,0.220895,-0.476411,0.0008062060225223703,0.004505731751224043,0.0003314705523026208,0.10658553002941669,0.0,0.147154,0.146239,0.021386,-0.529032,0.370428,0.007237,0.107348,13.3157,0.168553,0.12582196910835686,21.0,22.0,-0.508692,1.773515,0.0014934708225993062,0.002173377204500264,0.0005033895928356721,0.0654701238711223,0.0
0.195244,0.194194,0.037711,-0.367504,0.438379,-0.017314,0.155282,15.2396,0.192906,0.19765617861032575,16.0,36.0,0.301816,-0.521052,0.0012756582895381977,0.003455560250655286,0.00035618234253656614,0.09327848818036154,0.0,0.146337,0.145422,0.021147,-0.529032,0.370428,0.006479,0.107934,13.6668,0.172997,0.2216759507331058,21.0,21.0,-0.494677,1.733521,0.0015724332600130276,0.002121761056043972,0.0005064749185640956,0.0663009841163536,0.0
0.208666,0.207747,0.043159,-0.367504,0.531577,-0.008519,0.164414,15.8073,0.200093,0.40918587808709883,18.0,35.0,0.326073,-0.468508,0.004550149975347109,0.00486981439232202,0.0010786308980006618,0.09270872374873414,0.0,0.127095,0.126303,0.015952,-0.391165,0.370428,-0.008479,0.097876,12.0248,0.152213,0.2826862596899791,22.0,22.0,0.028263,0.755165,6.880457223936484e-06,0.0009553430710073481,1.3873748891776358e-05,0.06406122691722212,0.0
0.212158,0.210834,0.044451,-0.455301,0.531577,-0.005654,0.16952,15.452,0.195595,0.24129397360894222,18.0,37.0,0.139393,-0.437809,0.001091765281089815,0.005054317471216102,0.00044269627412957935,0.10185599885876193,0.0,0.107088,0.106418,0.011325,-0.339364,0.213095,0.00419,0.088067,10.2512,0.129762,0.14975148223683016,22.0,25.0,-0.32481,-0.056721,0.00041450383367631834,0.00037854910912213586,5.408158215055055e-05,0.06422003040487909,0.0
0.299619,0.297882,0.088734,-0.870021,1.302752,-0.005654,0.220338,21.008,0.265925,0.43837935209289397,20.0,36.0,0.780437,3.459327,0.023039020795630694,0.0515625237676882,0.04196563516675865,0.13415517260100157,0.0,0.111611,0.110924,0.012304,-0.339364,0.213095,0.008814,0.093308,10.5712,0.133812,0.1667515507629228,22.0,28.0,-0.285559,-0.258733,0.000451404469354589,0.000417628126008795,5.5390744408347427e-05,0.0727556923924903,0.0
0.311719,0.309766,0.095955,-0.870021,1.302752,-0.011876,0.231606,20.3095,0.257083,0.3172399355709157,18.0,37.0,0.687398,2.788592,0.02017798658871347,0.053225246884005276,0.041346236567596235,0.1404007765322773,0.0,0.123819,0.12313,0.015161,-0.522022,0.255195,0.015275,0.091916,10.8198,0.136959,0.15912081827947555,21.0,32.0,-1.068438,3.007883,0.0022013560669274096,0.0014159749123863568,0.0005443170153193587,0.06405604451485991,0.0
0.318737,0.317064,0.100529,-0.870021,1.302752,-0.003315,0.242083,20.5718,0.260402,0.297412347369279,15.0,38.0,0.706891,2.481139,0.018137422070967968,0.05400016386819846,0.04107917574528341,0.1430829765342739,0.0,0.133067,0.132262,0.017493,-0.522022,0.318162,0.021556,0.097262,11.5975,0.146804,0.19237134031014863,20.0,31.0,-0.77874,2.476838,0.0016542554182764281,0.0016552434868299145,0.0004810613777345564,0.06373386485227499,0.0
0.331475,0.3294,0.108504,-0.870021,1.302752,-0.001122,0.254923,21.6332,0.273838,0.32219992776678996,15.0,39.0,0.604909,1.868644,0.022076142350085853,0.05743965711248171,0.0426716637956169,0.1581271343207414,0.0,0.131144,0.130323,0.016984,-0.522022,0.318162,0.013755,0.095171,11.5663,0.146409,0.15148226700667605,21.0,31.0,-0.602288,2.361237,0.0013563830853647427,0.001548906548332409,0.00042848178561553566,0.05950845740219181,0.0
0.270562,0.268954,0.072336,-0.555267,0.684553,-0.003315,0.220637,18.5227,0.234465,0.429779288146752,13.0,35.0,0.208482,-0.510662,0.0025506607895753445,0.012916976806944442,0.002083403524908074,0.13511635099325267,0.0,0.138079,0.137236,0.018834,-0.522022,0.318162,0.016162,0.10253,12.5404,0.158739,0.10311660532818258,21.0,29.0,-0.597828,1.64481,0.0014010945296905927,0.0016315049550645513,0.00043445420815671026,0.06360692101238422,0.0
0.258126,0.257145,0.066124,-0.555267,0.696435,0.029958,0.203254,18.3742,0.232585,0.22483504718597003,16.0,34.0,0.367979,0.061635,0.00978935381191617,0.013833274451596902,0.004814415688331056,0.12182373657141073,0.0,0.118288,0.11774,0.013863,-0.235632,0.318162,0.011217,0.092794,10.4734,0.132574,0.11166775820617772,20.0,28.0,0.071704,-0.080081,0.0003966809688706813,0.0005643727908880119,5.428652855142956e-05,0.06009313296182841,0.0
0.272147,0.270457,0.073147,-0.923074,0.696435,-0.004081,0.205783,19.0384,0.240992,0.24107042269248646,15.0,33.0,-0.138375,1.161652,0.002092272007295143,0.022233235427206007,0.004365430135523272,0.1301485621691089,0.0,0.110335,0.109646,0.012022,-0.235632,0.258924,0.001229,0.087999,10.3739,0.131316,0.12261980959237681,20.0,25.0,0.007113,-0.384455,1.7964957638498624e-05,0.00037800840531203664,2.2093214496080167e-06,0.06004390318322308,0.0
0.249467,0.247903,0.061456,-0.923074,0.696435,-0.007809,0.179609,17.0174,0.21541,0.5949719128427672,15.0,33.0,-0.172604,1.948219,0.002714910896406486,0.018693448217832136,0.005216165872243992,0.10511561150717705,0.0,0.115922,0.115211,0.013273,-0.428748,0.258924,0.007806,0.089546,10.0661,0.127419,0.1919758106638842,19.0,25.0,-0.575731,1.259947,0.00080538211981915,0.0007438164844621911,0.00017479341381941384,0.06128672466235435,0.0
