0.596147,0.592552,0.351118,-1.528594,0.968675,0.055563,0.467827,51.5645,0.652716,0.7477756994103211,20.0,35.0,-0.632362,0.043795,0.11776657530908934,0.3684013797555645,0.3187109592740701,0.31535365502514134,1.0,0.155492,0.154548,0.023885,-0.394957,0.388349,0.012135,0.122723,14.4943,0.183473,0.20048852722046523,20.0,29.0,-0.19942,0.027926,0.0005160287070305805,0.0017183814278274889,7.851369161425007e-05,0.08466893264364929,0.0
0.700033,0.695722,0.484029,-1.733728,2.010043,-0.025787,0.554853,59.9286,0.758589,0.9686749369619838,19.0,37.0,-0.169727,0.043035,0.0420208661678748,0.7105500132914366,0.01613875026169249,0.36395006865725416,1.0,0.169053,0.168,0.028224,-0.394957,0.489757,0.005609,0.130894,16.6587,0.210869,0.17666645997878266,22.0,26.0,0.168012,0.239371,0.0009294485921433043,0.002585445004422373,0.0003121055565925239,0.08479377352688114,0.0
0.822015,0.817874,0.668919,-2.174159,2.010043,0.073887,0.637856,67.5885,0.855551,0.7058057767816989,17.0,34.0,-0.304095,0.196216,0.08421869510213617,1.4027329171122442,0.45379275256952206,0.4068506790591092,1.0,0.186049,0.184887,0.034183,-0.542591,0.489757,0.005609,0.141692,17.752,0.224708,0.15459775507474968,22.0,27.0,-0.11594,0.388869,0.0008512646897866919,0.00396318598131948,0.0002573563654849738,0.08911172017656815,0.0
1.038405,1.031909,1.064836,-3.066182,2.0664,0.0037,0.789639,82.8747,1.049047,0.8432068538819338,17.0,33.0,-0.565467,0.624481,0.6385391549946673,4.1230724078622405,6.533244406595448,0.4771462928232359,1.0,0.205936,0.204689,0.041897,-0.542591,0.607739,0.007991,0.161478,18.8708,0.238871,0.3883490248208919,21.0,26.0,0.090718,0.433312,0.00024806505071793913,0.006013062476167809,0.0005281135873981178,0.11129476533823351,0.0
1.104502,1.097578,1.204677,-3.066182,2.0664,0.046167,0.886302,92.7351,1.173862,1.0651071652037014,16.0,34.0,-0.45243,0.005399,0.6017650473448111,4.363929297885873,6.409005492687588,0.5857851250021331,1.0,0.222366,0.220989,0.048836,-0.542591,0.607739,0.008197,0.174801,20.5877,0.260603,0.2079198501727519,21.0,26.0,0.057903,0.048025,0.0010285663506428289,0.0072762495149045385,0.0007358814947859848,0.1186496727577608,0.0
1.110264,1.103314,1.217303,-3.066182,2.0664,0.183569,0.898355,91.9382,1.163775,1.0235386292686668,17.0,30.0,-0.543467,0.007615,0.7485379185316164,4.47166920609852,7.309724438483028,0.6427540977261639,1.0,0.23477,0.2333,0.054429,-0.542591,0.607739,0.025253,0.186807,21.5625,0.272943,0.24189171554751768,20.0,31.0,0.01814,-0.123109,0.00038726413795479533,0.008523696361457027,0.0006741189459237992,0.13233453035743958,0.0
1.086118,1.079404,1.165112,-3.066182,2.0664,-0.042816,0.865484,91.1893,1.154295,1.5081362141898684,19.0,30.0,-0.521917,0.253588,0.7062627195274753,4.454178127387529,7.54663282830011,0.6043322153179504,1.0,0.241957,0.240443,0.057813,-0.472423,0.607739,-0.020179,0.199916,23.5062,0.297547,0.6077390326772949,21.0,26.0,0.162712,-0.508555,0.00244674718263593,0.008336914422983585,0.0011808425672325494,0.1498417693841594,0.0
1.114148,1.107376,1.226283,-3.804525,2.160786,0.115834,0.856877,91.9555,1.163994,1.6447695588271416,20.0,29.0,-0.784632,1.187704,0.9848582259093772,6.203285740896151,13.899072489634506,0.6007500588466695,2.0,0.23767,0.236186,0.055784,-0.472423,0.525705,-0.020179,0.189641,22.8714,0.289511,0.49302165899431977,22.0,30.0,0.024804,-0.589979,4.63565098602136e-05,0.007497595356184194,9.04620881050219e-05,0.12158319750826117,0.0
1.168814,1.161494,1.349068,-3.804525,2.160786,0.036076,0.887686,92.3374,1.168827,1.0526508451650538,19.0,30.0,-0.67579,0.757352,1.0417327914290149,6.8203239031569725,14.005685485615924,0.5895421031065642,2.0,0.289726,0.287932,0.082905,-0.83205,0.894121,-0.010144,0.222567,26.9187,0.340743,0.42513849352175653,22.0,25.0,0.237434,0.6517,0.006562783982781975,0.02517906404105196,0.004586749787053041,0.13730791299893583,0.0
1.280319,1.272451,1.619131,-3.804525,2.228795,0.115834,0.96907,100.5534,1.272828,1.420277960094785,19.0,36.0,-0.661389,0.439675,1.2643040091340463,8.907084364625687,17.385431003451924,0.6203642726591466,2.0,0.279201,0.277456,0.076982,-0.83205,0.894121,0.003676,0.205048,25.3427,0.320794,0.298088419171046,22.0,22.0,0.106956,1.336248,0.001914723097904527,0.02568215291149689,0.00234086197479545,0.12099320349571797,0.0
1.247975,1.240282,1.538299,-3.804525,2.228795,0.166317,0.942633,91.5133,1.158396,2.160786373685127,16.0,36.0,-0.643719,0.514374,1.3110161217075238,8.404362979634419,16.845855359088226,0.5972248090894139,2.0,0.305093,0.303243,0.091956,-0.83205,0.894121,0.013592,0.21894,25.4457,0.322097,0.3496925794750964,22.0,27.0,-0.022959,0.848809,0.001053578358814497,0.032523678752144417,0.0011324899575315614,0.11745807222690356,0.0
1.241588,1.233929,1.522581,-3.095013,2.991858,0.105739,0.97982,93.7477,1.18668,1.6018861403742064,16.0,40.0,-0.207604,-0.138095,0.47028889392387907,6.662197257083589,4.503605303317654,0.6509246230185909,2.0,0.302505,0.300664,0.090399,-0.83205,0.894121,0.02573,0.223961,24.8208,0.314188,0.6318944553546632,20.0,25.0,-0.005941,0.898933,0.001398747833133429,0.03185263206266656,0.0012454220331114534,0.14064686164163007,0.0
1.170536,1.163244,1.353136,-3.095013,2.991858,0.105739,0.914523,88.9957,1.126528,2.2287952558856112,15.0,42.0,-0.271919,0.242598,0.47005783825103026,5.954803705426437,4.553116595356098,0.6072145455100391,2.0,0.257119,0.255729,0.065397,-0.695847,0.552835,0.009499,0.194299,20.4305,0.258615,0.2747295423401067,19.0,28.0,-0.355646,0.456535,0.008019192248650971,0.015028770326117102,0.003993214608399649,0.12891975776059517,0.0
1.148138,1.141899,1.303934,-2.964539,2.991858,0.003634,0.92017,90.0126,1.1394,1.5176772000607675,16.0,39.0,0.088837,-0.189362,0.050942034233561605,4.755140817821095,0.5050144892202557,0.5886635028866808,2.0,0.327826,0.325867,0.10619,-1.337559,0.571202,-0.008573,0.250848,26.5704,0.336334,0.5528353332650153,19.0,29.0,-0.798085,2.072726,0.03011427954273912,0.058047650527127695,0.0543987053485106,0.1757768096046413,0.0
1.155178,1.147951,1.317792,-2.964539,2.991858,0.096328,0.923977,97.0692,1.228724,1.8509315764439456,17.0,37.0,-0.039536,-0.225249,0.08351678534714191,4.820020882775141,0.26206908321231615,0.5815290993368124,2.0,0.31878,0.316842,0.100389,-1.337559,0.795947,-0.012756,0.240602,26.8132,0.339408,0.35470452877459446,19.0,27.0,-0.641432,2.69578,0.022255488331663652,0.057886301987564545,0.04862966416793639,0.1706560566490713,0.0
1.059288,1.052756,1.108295,-2.50336,2.29404,0.16376,0.854703,92.558,1.17162,0.8953793713974136,16.0,34.0,-0.240822,-0.454842,0.3312321850060652,3.143504797682669,1.546242971501789,0.5479058199363549,1.0,0.32453,0.322496,0.104003,-1.337559,0.795947,0.047502,0.249608,27.2351,0.344748,0.48068989460957856,18.0,29.0,-0.670359,2.382516,0.02255605504184685,0.058241802043381044,0.048711172404617975,0.17989008863326966,0.0
1.047469,1.040916,1.083506,-2.50336,2.29404,0.063296,0.820811,91.4536,1.15764,2.206850236876649,17.0,31.0,-0.147553,-0.153468,0.14882407100504214,3.338197550005817,0.7391624031381478,0.5187093139321954,1.0,0.322272,0.320278,0.102578,-1.337559,0.795947,0.017072,0.24386,25.5998,0.324049,0.5712019234023746,17.0,32.0,-0.644955,2.576269,0.019933340538926328,0.05832157205415922,0.04800071195220275,0.15709250469429523,0.0
0.979986,0.974484,0.94962,-2.50336,2.259794,0.128975,0.756346,83.8688,1.06163,1.0346263075139128,17.0,30.0,-0.533404,0.207698,0.391889597639819,2.8223909444859236,2.7410075280783817,0.4835914696400804,1.0,0.258626,0.257484,0.066298,-0.520441,0.795947,0.018729,0.201595,20.9734,0.265486,0.5833908247572703,19.0,30.0,0.233627,0.222931,0.0070792400471136165,0.014407615527572018,0.004467984053421696,0.12559554028031486,0.0
1.011701,1.005367,1.010762,-2.50336,2.259794,0.083518,0.79442,83.5998,1.058225,0.9816176295494398,18.0,33.0,-0.37187,-0.077979,0.3654278860346162,2.9790482984219415,2.6462137503705088,0.5342730615348786,1.0,0.233428,0.231964,0.053807,-0.55122,0.500531,0.012372,0.183704,19.9559,0.252607,0.25334410465398893,21.0,31.0,-0.172551,-0.205476,0.0021581666274305134,0.00809104283407955,0.0006583081027974762,0.11557319416642964,0.0
1.015226,1.009095,1.018272,-2.810172,2.259794,0.116441,0.778661,79.6977,1.008832,0.7968647229028765,18.0,34.0,-0.545109,0.425269,0.4934150198063545,3.5025584693086658,4.446106606799107,0.502312869104678,1.0,0.233391,0.231928,0.053791,-0.55122,0.559176,0.000746,0.175668,20.1625,0.255222,0.5005310841825263,21.0,29.0,-0.035431,0.151057,0.0003636836206389476,0.009116545598495718,5.752116491182515e-05,0.09852823996581155,0.0
1.051522,1.045311,1.092676,-2.810172,1.654274,0.13115,0.823882,86.0008,1.088618,1.6194782223432256,19.0,36.0,-0.57802,-0.007637,0.7520825049813825,3.6472702346849273,5.623768463058585,0.5437767128615706,1.0,0.2279,0.22649,0.051298,-0.55122,0.559176,0.012372,0.176944,21.828,0.276304,0.45120065340924975,22.0,25.0,-0.257161,-0.007239,0.002538432501668806,0.007840494954528356,0.0007017959284511665,0.112681779623565,0.0
0.951991,0.946195,0.895285,-2.810172,1.654274,0.061721,0.731068,79.2796,1.00354,0.8400299855486052,19.0,37.0,-0.608035,0.555877,0.5633750163643709,2.887088934785288,4.533384865478748,0.48969211453097494,1.0,0.231837,0.230396,0.053083,-0.555559,0.559176,-0.013557,0.182563,21.4294,0.271258,0.2673656879991787,20.0,26.0,-0.300528,-0.102694,0.004066582184657931,0.008200119079639811,0.0012749881458561723,0.12178892602270677,0.0
0.894801,0.889191,0.790661,-2.810172,1.654274,0.087885,0.676546,75.5986,0.956945,1.65427435470805,20.0,36.0,-0.734307,1.032808,0.5146216819641555,2.5196668040985744,4.2257708228264805,0.44855046283772526,1.0,0.219453,0.218093,0.047565,-0.555559,0.559176,-0.025952,0.174549,20.0623,0.253953,0.20826228530266536,19.0,26.0,-0.126765,-0.080695,0.0009432471774142106,0.006590943663456342,0.0004610181481862274,0.11814579559677832,0.0
0.823074,0.817941,0.669028,-2.197251,1.801556,0.065299,0.625182,71.8504,0.909498,0.7211290026109712,19.0,38.0,-0.310569,0.326442,0.15643872994923574,1.4843184794516648,0.8966230767799708,0.4153170186905902,1.0,0.205877,0.204617,0.041868,-0.555559,0.420823,-0.037779,0.163671,19.157,0.242494,0.3418807531847767,20.0,31.0,-0.153542,-0.091168,0.0017606776228413674,0.005117747021352448,0.0007909432701007675,0.11392076669369608,0.0
0.846715,0.841411,0.707972,-2.197251,2.235573,0.049844,0.62181,71.555,0.90576,1.1078625689769517,19.0,35.0,-0.189391,0.461367,0.10722085168036544,1.7337277082602107,0.5024437301702751,0.36409955169779923,1.0,0.209794,0.208479,0.043464,-0.555559,0.626959,-0.02363,0.161574,19.1652,0.242597,0.2588409700254263,20.0,30.0,0.195544,0.399779,0.0016975179386217753,0.006418428648327033,0.0006051497059163868,0.10309788700851877,0.0
0.894011,0.888605,0.789619,-2.197251,2.235573,0.04755,0.686511,74.2724,0.940157,0.9748032898587325,17.0,36.0,-0.136858,-0.08358,0.14050734980389631,1.8256492478175523,0.5751647484685934,0.4094997198939571,1.0,0.183973,0.18299,0.033485,-0.439605,0.626959,-0.029144,0.140683,17.9171,0.226799,0.2953061322102358,22.0,26.0,0.530644,0.905165,0.0024510762006165346,0.00427263245457637,0.0010816913667264169,0.0832835130624837,0.0
0.927584,0.921776,0.84967,-2.197251,2.235573,0.064452,0.720053,74.2355,0.93969,1.8015556304956053,16.0,37.0,-0.186898,-0.189367,0.15543982003175957,2.031192077983603,0.6355415869576431,0.44176296102211854,1.0,0.224059,0.222669,0.049582,-0.569614,0.679083,-0.01211,0.16877,22.3691,0.283153,0.41779514748308116,24.0,26.0,0.301962,0.812618,0.002940776749386752,0.009336997216133543,0.001927030042067054,0.09826158731602361,0.0
0.922967,0.91724,0.841329,-2.247745,2.235573,0.081309,0.739067,75.8929,0.96067,1.261298981344034,16.0,35.0,-0.268674,-0.343288,0.2337427864528899,1.8892644721144887,0.8662167799262509,0.4609679045847658,1.0,0.238184,0.236717,0.056035,-0.769918,0.679083,0.001285,0.177857,23.8202,0.301521,0.6269592187794024,24.0,21.0,-0.152987,1.295628,0.00143287264157056,0.013457397019776463,0.0013129731532585483,0.10727089270917119,0.0
0.89134,0.886432,0.785762,-2.247745,2.493571,0.208594,0.70719,70.6452,0.894243,1.3009741277187858,17.0,35.0,-0.244514,0.133827,0.08813256126403421,1.9110305765017794,0.11916976099907864,0.47141969232872527,1.0,0.253063,0.25148,0.063242,-0.769918,0.723616,0.001285,0.189087,25.6166,0.324261,0.2598801089533584,25.0,22.0,-0.101935,1.176468,0.0018757175645723128,0.016712471164430937,0.000823192837601651,0.11812471975387215,0.0
0.966347,0.960776,0.923091,-2.252394,2.493571,0.215117,0.768407,84.0152,1.063484,1.6681488456714961,18.0,34.0,-0.348847,-0.053327,0.2241997613545216,2.4731139299551144,0.7758849813969896,0.523501995730814,1.0,0.264624,0.263086,0.069214,-0.769918,0.723616,0.039341,0.200398,26.1288,0.330745,0.679083084560058,22.0,29.0,-0.236647,0.825649,0.0026478588952450846,0.018182590229512137,0.0010617663404328258,0.12986793064568472,0.0
0.927605,0.9218,0.849716,-2.252394,2.493571,0.113907,0.725325,80.6001,1.020254,0.8237255196128803,19.0,29.0,-0.30735,0.13513,0.22914599103382782,2.2592355319204875,0.767137319747644,0.4712934967207924,1.0,0.245537,0.244016,0.059544,-0.769918,0.723616,-0.004072,0.179661,21.8836,0.277008,0.22897859479364097,20.0,32.0,-0.098543,1.512011,0.0009051691847469457,0.015978696528555915,0.00047646020763223373,0.10934306873874552,0.0
0.895033,0.88945,0.791122,-2.252394,2.493571,0.047776,0.68938,80.5828,1.020036,0.7939058320706509,20.0,26.0,-0.247399,0.257331,0.15698241495795956,2.033642410362108,0.37621203405141046,0.4501438888050095,1.0,0.244556,0.243023,0.05906,-0.601302,0.723616,-0.006933,0.17943,21.995,0.278418,0.40895946496522306,20.0,37.0,0.208768,0.917016,0.0028884021574059797,0.013655701465520245,0.002598118077521395,0.10091831242378996,0.0
0.914131,0.908539,0.825442,-2.252394,1.836214,0.159097,0.733866,80.455,1.018418,1.8362135065648053,19.0,28.0,-0.475285,-0.389232,0.39554311029528083,1.8016241952832144,1.646846295872831,0.5119375535239631,1.0,0.238807,0.237374,0.056347,-0.671423,0.671146,-0.005896,0.178068,21.506,0.272228,0.2173565450554398,20.0,37.0,-0.136393,0.616078,0.0008916431644194721,0.011438508103850515,0.0004061311033011168,0.09838743288172389,0.0
0.853447,0.848389,0.719763,-2.248245,1.724186,0.032026,0.667295,72.7473,0.920852,0.8125114888756864,19.0,29.0,-0.569195,-0.085379,0.39530587856193045,1.540954330712474,1.711384652071239,0.418634239891397,1.0,0.232279,0.231092,0.053404,-0.671423,0.671146,-0.021522,0.177344,21.7239,0.274986,0.2378539502491771,21.0,33.0,0.067934,0.638568,0.0009513846463422868,0.01033117645512237,0.00025007171318207745,0.10565467011385946,0.0
0.94242,0.936557,0.877138,-2.248245,2.611226,0.146529,0.732446,81.9798,1.037719,0.7839558611967019,19.0,32.0,-0.335423,0.05606,0.25132115287798207,2.3411085736787998,0.48535199084091457,0.4504360226482958,1.0,0.239534,0.238038,0.056662,-0.671423,0.598992,-0.006567,0.185652,22.9751,0.290824,0.2470703074808964,23.0,30.0,-0.170192,0.366432,0.002016706853114219,0.010793119952582867,0.0014741778614240243,0.11803076544924578,0.0
0.94793,0.94199,0.887345,-2.248245,2.611226,0.102693,0.718716,73.1579,0.92605,1.7241856545970036,18.0,34.0,-0.275029,0.20989,0.22328114149764397,2.525123881478751,0.4915605830363622,0.43107278771013857,1.0,0.264363,0.262707,0.069015,-0.935324,0.598992,-0.010823,0.208643,26.1177,0.330603,0.26800988548862026,25.0,27.0,-0.469068,1.136005,0.008616320848192088,0.019718272877850267,0.009574539533191276,0.1484405766417156,0.0
0.875304,0.86985,0.756639,-2.248245,2.611226,0.050792,0.65044,69.6828,0.88206,1.5312209541999957,20.0,32.0,-0.092402,0.657701,0.04345306491173247,2.0921246410034984,0.19708682438777708,0.3784079462567768,1.0,0.251025,0.249453,0.062227,-0.935324,0.598992,-0.012492,0.197039,23.9951,0.303736,0.34581053193957223,23.0,31.0,-0.409565,1.410671,0.006564308075987238,0.017106984278319436,0.008130923403941705,0.13362546927696756,0.0
0.806783,0.801943,0.643112,-2.135317,2.611226,0.066144,0.604053,67.2545,0.851323,0.9111747712573486,19.0,31.0,0.094786,0.967256,0.08493242911202828,1.6440500672278637,0.901452017015129,0.39346863767119544,1.0,0.281398,0.279719,0.078243,-0.935324,0.68346,-0.006683,0.216106,25.6434,0.3246,0.5989918901659624,22.0,29.0,-0.428212,1.101045,0.0077389748790772355,0.024838909344004064,0.009502265750065755,0.142958849310419,0.0
0.725188,0.721035,0.519892,-2.135317,1.721492,-0.052659,0.567186,58.3784,0.738967,1.721491519271954,20.0,33.0,0.028538,0.361831,0.026438923884759758,0.9074289243971385,0.20326337627890695,0.4025691387340603,1.0,0.299445,0.297593,0.088561,-0.935324,0.686278,-0.003453,0.232125,27.7587,0.351376,0.47530797877512615,22.0,28.0,-0.305089,0.663148,0.009063629724603704,0.028852786410943236,0.009158297357074824,0.15503160932327914,0.0
0.66318,0.659062,0.434363,-1.442206,1.67788,0.0789,0.5411,59.6168,0.754643,0.8732316145174788,20.0,31.0,0.042781,-0.338445,0.021681659440069213,0.5025294700248549,0.10995907317174843,0.3975684431502707,1.0,0.26869,0.267133,0.07136,-0.754159,0.686278,0.025034,0.206784,23.3949,0.296138,0.36175136019988235,20.0,28.0,-0.115877,0.572319,0.00043983174623294237,0.01811284575635271,0.0006844277786629778,0.13690924803136192,0.0
0.704274,0.700657,0.49092,-1.896951,1.545778,0.062864,0.55553,55.2537,0.699413,1.0457485070088137,18.0,32.0,-0.281424,-0.250301,0.14564867243087637,0.6758618164689489,0.43098838603856804,0.3660001323795643,1.0,0.312389,0.31056,0.096448,-0.849691,0.686278,0.025034,0.244786,27.8339,0.352328,0.6834595388530906,20.0,25.0,-0.294769,0.24164,0.0114201962631644,0.03046791927726599,0.008105228028441849,0.17905427410508623,0.0
0.759826,0.755088,0.570158,-1.896951,1.786869,0.108972,0.593333,57.5274,0.728195,0.6468604501029616,17.0,34.0,-0.246234,-0.165389,0.1167704557017641,0.9241540657047376,0.2779068626668439,0.3839412689703798,1.0,0.312399,0.310441,0.096374,-0.849691,0.686278,0.046076,0.250241,28.7916,0.36445,0.3791585263939791,20.0,27.0,-0.315494,-0.081742,0.009704095943250945,0.0271391483415075,0.006726602122238208,0.18545396706309203,0.0
0.74015,0.736072,0.541802,-1.896951,1.786869,0.111963,0.57002,58.6757,0.74273,1.0120885210599826,19.0,32.0,-0.270656,-0.045755,0.06099465272927977,0.8548670476618053,0.21342855804081956,0.35079294098317443,1.0,0.297414,0.295574,0.087364,-0.849691,0.563277,0.034142,0.235821,28.409,0.359608,0.31442235090048465,21.0,28.0,-0.448095,0.018929,0.01056607221996597,0.022864996005714875,0.007850544045937774,0.16279911932803565,0.0
0.803397,0.798412,0.637461,-1.999771,1.786869,0.060277,0.628375,65.2048,0.825377,1.0966416305104003,19.0,36.0,-0.252284,-0.311555,0.14571453586575295,1.0971558893855202,0.5513220871813731,0.38824745811586936,1.0,0.31099,0.309333,0.095687,-0.849691,0.563277,0.005085,0.248557,30.2061,0.382355,0.4455389237296077,20.0,26.0,-0.318212,-0.298037,0.013248653974281713,0.02525469367891549,0.008748546514074834,0.16983013175064382,0.0
0.854245,0.849527,0.721697,-1.999771,1.943185,0.079305,0.696541,75.2586,0.95264,1.7868686363912638,20.0,37.0,-0.150766,-0.460693,0.021018750499590056,1.3111604452874654,0.18044258156782336,0.4940015932761344,1.0,0.268164,0.266569,0.071059,-0.597424,0.560836,0.025473,0.213509,26.4267,0.334515,0.4284848005381574,20.0,25.0,-0.193696,-0.435067,0.002213581238443626,0.012854368909162223,0.0013005788442730537,0.14363618111780344,0.0
0.849293,0.844096,0.712497,-1.999771,1.943185,-0.013135,0.684366,72.2827,0.914971,1.2755370219646252,20.0,37.0,-0.267956,-0.400619,0.1297937398673861,1.310271081169423,0.7047282568445589,0.45071848843709994,1.0,0.267862,0.266183,0.070854,-0.698309,0.609701,-0.008224,0.205935,24.7403,0.313169,0.3679414440739182,20.0,24.0,-0.094816,0.006332,0.0016103706328911428,0.015086522635025473,0.001674414102362477,0.12396780255455829,0.0
0.878696,0.87386,0.763631,-1.999771,1.943185,0.010187,0.717854,72.7659,0.921087,1.006000889652009,18.0,39.0,-0.311205,-0.578087,0.28568758614777473,1.4417579979679591,1.0796300859423293,0.4822497677069436,1.0,0.258147,0.256548,0.065817,-0.698309,0.609701,-0.00068,0.201494,22.9489,0.290492,0.42899613741712683,20.0,25.0,-0.069463,0.018644,0.001794577631876617,0.013091045344543884,0.0013512606062407527,0.12479312399624812,0.0
0.847465,0.842158,0.70923,-1.949782,1.943185,0.03001,0.692952,70.2916,0.889768,0.7453458050093345,17.0,38.0,-0.321547,-0.521141,0.19912964674890005,1.2494471638398372,0.7249750990645832,0.47134150552761883,1.0,0.263451,0.261801,0.06854,-0.698309,0.609701,0.014751,0.20256,21.7653,0.275511,0.20607271270616379,18.0,31.0,-0.06367,0.078847,0.0009289904211278018,0.014458847739666889,0.0006036244318834464,0.11994984265364915,0.0
0.769493,0.764682,0.584739,-1.949782,1.547189,0.03001,0.617183,65.1458,0.82463,1.2150692589860874,17.0,36.0,-0.354372,-0.43943,0.15030798776640716,0.8725806190391235,0.585730642615987,0.3860056914901239,1.0,0.259997,0.258386,0.066763,-0.698309,0.609701,0.014751,0.19853,21.3132,0.269787,0.26157048804462574,20.0,30.0,-0.1127,0.204547,0.0013199386394209544,0.014259237400800363,0.0007285092753604547,0.11311075744081182,0.0
0.770836,0.766012,0.586775,-1.749551,1.55989,0.008142,0.619501,67.5697,0.855313,1.064414531116749,18.0,33.0,-0.135887,-0.585646,0.06772781528397873,0.8322058232260023,0.19799727782900262,0.3733455023848991,1.0,0.246589,0.245051,0.06005,-0.686098,0.75536,0.029884,0.186173,20.7531,0.262697,0.2913259547867454,21.0,29.0,-0.082236,0.894569,0.0008616443478598454,0.014033944807545435,0.0008460396456567859,0.11596828101890279,0.0
0.787267,0.782591,0.612448,-1.6442,1.55989,0.037358,0.63094,66.0649,0.836264,1.258518980114472,17.0,33.0,-0.15596,-0.594743,0.03770464431171516,0.896475101769707,0.15132546321643975,0.36764110701324093,1.0,0.240036,0.238532,0.056898,-0.686098,0.75536,0.030144,0.176994,20.8783,0.264282,0.17762164983295578,23.0,24.0,-0.017221,1.301777,0.00038279000682869336,0.013927007374100377,0.001080502329126179,0.11431471836472876,0.0
0.803279,0.798265,0.637226,-2.073236,1.87814,-0.005116,0.617734,66.3034,0.839283,1.1873798438616228,15.0,35.0,-0.129186,-0.094168,0.05436411592912138,1.1783791525699456,0.29961139575388485,0.3349740616425592,1.0,0.217404,0.216113,0.046705,-0.686098,0.75536,0.03959,0.161092,19.859,0.251379,0.22989352025367682,23.0,23.0,-0.192964,1.84866,0.0011645035397340998,0.010527801518608233,0.0006872529395564726,0.1036215984815194,0.0
0.741465,0.736816,0.542898,-2.073236,1.87814,0.030037,0.545344,55.8325,0.70674,0.6862431360785162,17.0,34.0,-0.264795,0.527367,0.10744828053660076,1.0400484081715233,0.42791019616549786,0.29416214017930026,1.0,0.223778,0.222377,0.049451,-0.686098,0.75536,0.03959,0.172,19.021,0.240772,0.7553599110309224,19.0,27.0,-0.071155,1.378147,0.0009063247484009912,0.010709003606293396,0.0007850235139169302,0.1215578503102344,0.0
0.691414,0.68718,0.472216,-2.073236,1.87814,-0.031733,0.507617,51.0174,0.645789,1.3660763850598798,15.0,32.0,-0.051124,1.146403,0.03324922536603377,0.9252289216846392,0.16702642190215938,0.3087919437639787,1.0,0.203784,0.202617,0.041054,-0.474946,0.478925,0.007121,0.16156,17.0812,0.216218,0.16277449755894854,17.0,26.0,-0.337408,-0.227461,0.0036260181635723956,0.0047487451653746016,0.0006876737175759818,0.10809543607814978,0.0
0.575725,0.572122,0.327323,-2.073236,1.87814,-0.068532,0.416715,43.5316,0.551032,1.8781398836114072,17.0,31.0,0.285713,2.819793,0.05615648574477966,0.6240995707498165,0.08861532244002539,0.2659933660271889,1.0,0.200269,0.199016,0.039607,-0.474946,0.383219,0.00839,0.159432,16.6145,0.21031,0.17218309612750474,15.0,33.0,-0.386993,-0.393139,0.003169964944313134,0.0041018193811524495,0.0007075497097676141,0.10298365641716743,0.0
0.654804,0.650703,0.423415,-2.64937,1.848895,-0.068532,0.463896,49.1475,0.622121,0.8263698829859085,19.0,29.0,-0.1906,3.196949,0.055581414745993915,1.111481564887209,1.0786530469395266,0.29188397044121894,1.0,0.203035,0.201927,0.040774,-0.600345,0.383219,0.005936,0.160121,16.0347,0.20297,0.38321938316712156,15.0,31.0,-0.441929,-0.04225,0.004625542396661389,0.005035973050321103,0.0013908895362679812,0.10476034148678721,0.0
0.735276,0.730667,0.533875,-2.64937,1.848895,-0.061201,0.543608,60.0086,0.759602,0.9147897651756804,19.0,32.0,-0.087275,1.550023,0.03175672700330871,1.2966599976936237,0.9991153096177839,0.33954908535981954,1.0,0.194999,0.193777,0.03755,-0.600345,0.482363,0.005936,0.146498,15.9611,0.202039,0.289494501464299,17.0,31.0,-0.377872,0.545764,0.0026745579748886934,0.004992111062746256,0.000972851583559041,0.087968900318787,0.0
0.752139,0.74744,0.558667,-2.64937,1.751601,0.002172,0.551391,61.2762,0.775649,0.6648370596048807,21.0,31.0,-0.563263,1.755893,0.2435818291815687,1.4890182080309984,2.030792352856052,0.3341412459135097,1.0,0.226622,0.225226,0.050727,-0.655687,0.623062,0.009752,0.169701,18.2756,0.231337,0.24472708172551572,18.0,33.0,-0.188036,0.791494,0.0016467195616906357,0.009727052017210075,0.0010731260520683132,0.10404832428170455,0.0
0.812076,0.807287,0.651713,-2.64937,1.751601,0.022833,0.614625,67.7872,0.858066,1.2097224475294002,21.0,33.0,-0.566473,1.077588,0.3408909166519034,1.7575063316037522,2.4553222217627932,0.39407971549695936,1.0,0.232188,0.23076,0.05325,-0.655687,0.623062,0.009752,0.178165,18.3237,0.231945,0.33305276122552974,19.0,33.0,-0.134602,0.485682,0.001078921712716973,0.009859507796891716,0.0009625576557795666,0.11062176678817069,0.0
0.73669,0.732097,0.535966,-2.278933,1.485565,0.029666,0.569629,63.7711,0.807229,0.9702015043130783,21.0,34.0,-0.555478,0.658592,0.2080219303092802,1.0455651249941946,1.1835041668484685,0.3732652565281916,1.0,0.248815,0.247345,0.06118,-0.655687,0.623062,0.003817,0.200186,20.3911,0.258115,0.48236279940373467,19.0,32.0,0.141165,-0.219706,0.003356359804709034,0.010464558508804418,0.0007121151062072334,0.13290878680601367,0.0
0.781592,0.776697,0.603257,-2.278933,1.502186,3.5e-05,0.607548,65.7464,0.832233,0.9111124548184327,20.0,32.0,-0.502893,0.312037,0.2405829890151366,1.2078941660127855,1.3023469095477131,0.3697427805486106,1.0,0.249931,0.248364,0.061685,-0.655687,0.623062,-0.001723,0.205003,20.5305,0.259879,0.41856539607270715,18.0,34.0,0.12529,-0.336578,0.0019334216211061178,0.010134868670417277,0.00038501863638801015,0.13795230510728165,0.0
0.764221,0.75943,0.576734,-2.051899,1.502186,0.05573,0.600203,68.4842,0.866888,1.2696015042678146,20.0,31.0,-0.289698,-0.058945,0.12809027287471372,0.9786140867117329,0.5896973007738093,0.3804369262665706,1.0,0.20859,0.207286,0.042967,-0.374457,0.521211,-0.006076,0.170717,15.9312,0.201661,0.22572795831362302,15.0,35.0,0.322531,-0.598807,0.003022394918549152,0.004446506861666361,0.000875064298724694,0.11434597404874158,0.0
0.865413,0.859993,0.739587,-2.838206,1.667512,-0.031455,0.661291,75.1656,0.951464,0.7574249749842685,19.0,28.0,-0.337459,0.451039,0.20779961392557852,1.8850305672667247,2.156345004118129,0.39920247766468503,1.0,0.19865,0.197525,0.039016,-0.374457,0.521211,-0.003413,0.160211,16.653,0.210798,0.26347510009008046,16.0,29.0,0.285431,-0.314214,0.0013862895305565195,0.004028872524747723,0.0006486164578599952,0.10258799209460118,0.0
0.873204,0.86773,0.752955,-2.838206,2.36137,-0.024515,0.659687,76.9682,0.974281,1.5021863621993856,20.0,27.0,-0.121788,0.798537,0.08127236337499233,2.1537846065941517,1.24043611243833,0.3993025040126465,1.0,0.179044,0.177939,0.031662,-0.424855,0.3717,0.009343,0.143489,16.5831,0.209913,0.3452786793742605,18.0,30.0,-0.055593,-0.467167,7.587208629113431e-05,0.00253624293376255,7.626057091987056e-05,0.09238396270296677,0.0
0.798879,0.794339,0.630975,-2.838206,2.36137,-0.041898,0.581259,69.5402,0.880256,1.404533868979369,20.0,28.0,-0.12139,1.700445,0.11231814025231086,1.8764118843460733,1.2622829434394467,0.3369698087237595,1.0,0.170551,0.169513,0.028735,-0.424855,0.379028,-0.012873,0.135093,16.286,0.206152,0.2899362853944283,19.0,28.0,0.114435,-0.202176,0.00027680756210466154,0.0023029712470535855,3.380835224209679e-06,0.0883755935633631,0.0
0.815827,0.810801,0.657399,-2.838206,2.36137,-0.035069,0.60236,67.9231,0.859786,0.8952847059943717,18.0,26.0,-0.275595,1.443518,0.12305297453039979,1.9130047929056153,1.3446130121956388,0.35226519654807886,1.0,0.200226,0.198992,0.039598,-0.688648,0.394541,0.009207,0.156035,19.8371,0.251103,0.2787971785779742,22.0,27.0,-0.533665,0.810466,0.003863061642437808,0.0059259478734915196,0.0020623458471126154,0.09837650046803521,0.0
0.724093,0.719588,0.517806,-1.503448,2.36137,-0.028129,0.566568,62.0596,0.785565,2.3613704939717293,19.0,28.0,0.036074,0.398397,0.024350340592092533,0.9115468360376513,0.5699955013077267,0.35790762733231174,1.0,0.212685,0.211365,0.044675,-0.688648,0.549054,-0.019322,0.163699,18.5914,0.235334,0.3716995336810948,19.0,34.0,-0.150431,0.709033,0.0011043182155000334,0.007389025611612972,0.0012797144814145494,0.10689768153822371,0.0
0.698009,0.693762,0.481305,-1.503448,1.379183,-0.036096,0.560796,59.5696,0.754046,0.9561716730417222,17.0,31.0,-0.295136,-0.572288,0.07916501682077177,0.5572141876813805,0.235748639648361,0.34453059293769706,1.0,0.201337,0.200078,0.040031,-0.688648,0.549054,-0.006778,0.155175,16.0542,0.203218,0.379028092612847,17.0,32.0,-0.155548,1.083697,0.0013758150994373844,0.006549404211747173,0.0012487954812067529,0.09922807721293898,0.0
0.754126,0.749882,0.562323,-1.646668,1.680823,0.072901,0.612671,59.3434,0.751183,1.2390779113076125,17.0,32.0,-0.263525,-0.51637,0.06548617917052531,0.7738083040613881,0.1980571526327454,0.4215252396925193,1.0,0.209701,0.208416,0.043437,-0.688648,0.549054,0.033123,0.161433,17.8803,0.226333,0.39454137250438764,19.0,32.0,-0.396813,0.767765,0.00404244907301599,0.007157910610570972,0.0016914998173613283,0.10488988744958308,0.0
0.754434,0.749908,0.562362,-1.646668,1.680823,0.054838,0.607195,58.7822,0.744079,1.0568278780856613,17.0,36.0,-0.246432,-0.556979,0.13334173147507386,0.7800666609926413,0.28665150330032185,0.3974940820425231,1.0,0.197764,0.196527,0.038623,-0.453602,0.549054,0.009569,0.155799,16.6779,0.211113,0.5490539233973493,17.0,28.0,0.255205,0.075251,0.0018191318802636622,0.0045795308592133975,0.0007829549749933069,0.10079578403688508,0.0
0.727231,0.722718,0.522322,-1.646668,1.680823,0.091504,0.567825,54.4509,0.689251,0.8046643338332644,18.0,35.0,-0.246465,-0.316507,0.08009543717744336,0.7290634626920396,0.17052718164532626,0.3463525128841386,1.0,0.193291,0.192132,0.036915,-0.453602,0.493524,0.038176,0.157737,17.726,0.22438,0.19909778879810827,18.0,26.0,-0.083686,-0.40308,9.2120301072246e-05,0.0035287223909826553,0.00014924903482242956,0.10572459060503345,0.0
0.701343,0.697361,0.486313,-1.646668,1.680823,0.091504,0.546056,51.7388,0.654921,1.6808231061907861,17.0,34.0,-0.22077,-0.172834,0.10983293258913403,0.675919570642811,0.2148700162396354,0.3537971247393288,1.0,0.192191,0.19099,0.036477,-0.453602,0.493524,0.016945,0.154761,17.736,0.224506,0.22409172000745592,18.0,27.0,-0.113831,-0.181838,0.0009236490715158815,0.003753615769133839,3.588143545023058e-05,0.1059982427199877,0.0
0.739,0.734416,0.539367,-2.098912,1.596196,0.02013,0.572661,57.0118,0.721668,0.8944421038431278,17.0,36.0,-0.229767,-0.017961,0.10477316951852611,0.8706268689664206,0.48372332253310607,0.37415277169341804,1.0,0.214035,0.212704,0.045243,-0.494125,0.493524,0.001808,0.170237,19.7336,0.249792,0.17525560053042302,18.0,25.0,0.030538,-0.208718,0.000580818408655181,0.005716073489714886,9.178513063960999e-05,0.10676561803894928,0.0
0.777082,0.77221,0.596309,-2.098912,1.596196,-0.057187,0.592284,61.7349,0.781454,1.2796869293290785,18.0,34.0,-0.239837,0.247306,0.1103743866981419,1.1546747913159479,0.8104002444911046,0.3849250198151561,1.0,0.217576,0.216212,0.046748,-0.494125,0.612365,0.011547,0.171273,20.3774,0.257942,0.407935954934682,18.0,24.0,0.118374,0.052675,0.0011638399882380381,0.006670048886077899,0.0006877798703710957,0.11030165485652363,0.0
0.755475,0.750799,0.563699,-2.098912,1.596196,-0.111728,0.579596,61.536,0.778937,0.6472383279261564,17.0,35.0,-0.268156,0.422829,0.12957416318474238,1.0919094818680786,0.8515916032435605,0.3840997354274034,1.0,0.230322,0.228894,0.052393,-0.494125,0.612365,-0.002285,0.183934,21.0509,0.266467,0.21681746778745348,17.0,25.0,0.11188,-0.26034,0.0009133863741862113,0.007505909617692844,0.0005528177173625502,0.11933668592650416,0.0
0.788225,0.783388,0.613697,-2.098912,1.596196,-0.068521,0.616548,65.1291,0.824419,1.4228838360931808,19.0,35.0,-0.317401,0.141481,0.12897945052566545,1.1753204075394204,0.8983006235579744,0.41604271076556726,1.0,0.271252,0.269606,0.072687,-0.754992,0.612365,-0.003603,0.218299,25.3443,0.320813,0.35693578330570697,19.0,24.0,-0.048657,-0.278199,0.0021335665053936414,0.014402322489641451,0.0018095312282091498,0.13737687441257673,0.0
0.766565,0.761901,0.580493,-2.050866,1.67261,0.009477,0.608225,65.9658,0.83501,1.5226044595116792,20.0,32.0,-0.289077,-0.030311,0.10216851120433108,0.99318919852157,0.5748781578666563,0.40840148718594943,1.0,0.271373,0.2697,0.072738,-0.754992,0.612365,0.005149,0.219343,24.3398,0.308099,0.29304760614987335,20.0,27.0,0.010768,-0.211446,0.0006489208570078688,0.014750990094987999,0.001026251197102716,0.149883444901876,0.0
0.759843,0.755118,0.570203,-2.140884,1.67261,0.009477,0.608093,65.9512,0.834825,0.8741096273226022,20.0,34.0,-0.256644,-0.112038,0.0974499226651631,0.9356058671561159,0.5506499994043825,0.4084637217107079,1.0,0.269594,0.26798,0.071814,-0.754992,0.580109,-0.028177,0.221399,24.7181,0.312887,0.36445487881038285,21.0,27.0,-0.026444,-0.350059,0.001893570517010177,0.013681393276378507,0.0018222618042542538,0.15966028229804574,0.0
0.898946,0.893325,0.79803,-3.227391,1.67261,0.000255,0.69234,73.4076,0.92921,0.8644457509423915,19.0,35.0,-0.587925,1.010576,0.43156307415270934,2.562819113940857,4.700211900337187,0.4565643803527126,1.0,0.268036,0.266356,0.070945,-0.754992,0.642103,-0.018954,0.215474,24.2411,0.306849,0.34169555006326835,21.0,26.0,0.051904,-0.052189,0.0010735442325254473,0.014838767905736303,0.0004676991862363893,0.149598741229206,0.0
0.919592,0.914087,0.835556,-3.227391,1.67261,-0.00103,0.696249,72.9191,0.923027,0.7131627145648285,18.0,36.0,-0.602556,0.846743,0.514509554198818,2.7250848034606934,4.971556013558035,0.41543508678565416,1.0,0.240728,0.239278,0.057254,-0.44879,0.642103,-0.021254,0.196883,21.9885,0.278336,0.32194967962609544,20.0,26.0,0.273015,-0.384606,0.004653676277697883,0.00865431678976143,0.001955357966775439,0.1400699771168639,0.0
0.869498,0.864322,0.747052,-3.227391,1.662998,-0.085735,0.651757,64.213,0.812822,1.4685095902456275,18.0,36.0,-0.674863,1.404109,0.48415021252388907,2.4948189800214178,4.949756010681203,0.4051885407384877,1.0,0.218302,0.216966,0.047074,-0.44879,0.642103,-0.024413,0.177437,20.6173,0.260979,0.2094367067469665,21.0,23.0,0.229042,-0.262409,0.002869003261938275,0.0061019935271091254,0.0012329961501962151,0.12646414599885797,0.0
0.808987,0.803937,0.646314,-3.227391,1.662998,-0.038672,0.605524,60.9148,0.771074,1.662998037273847,18.0,35.0,-0.747097,2.135149,0.3765608860913174,2.1356821569026945,4.42188399512716,0.394878980773056,1.0,0.206682,0.205406,0.042191,-0.44879,0.642103,-0.017271,0.164796,19.7585,0.250107,0.3038357912434364,20.0,24.0,0.103912,-0.001603,0.0012575376982907793,0.005347680340758335,0.0009103090318270614,0.10970556858282267,0.0
0.717881,0.71342,0.508967,-2.153988,1.469891,-0.048209,0.568083,57.4931,0.727761,1.1161422410156874,18.0,35.0,-0.317064,0.266218,0.10366315342135082,0.8426397749217227,0.70356869262907,0.39027059909714945,1.0,0.210811,0.209492,0.043887,-0.44879,0.572323,-0.01622,0.162345,21.6333,0.27384,0.26123088095695174,23.0,23.0,0.071537,0.084929,0.0005071998459277784,0.005938755764351005,0.0006161080036708607,0.09908137901689976,0.0
0.731006,0.727132,0.528721,-2.799308,1.469891,0.008088,0.555022,57.6823,0.730155,1.191542569262591,20.0,34.0,-0.77173,2.208367,0.24493821521643483,1.4155603321141288,2.463422879639414,0.3895720035139505,1.0,0.207364,0.206093,0.042474,-0.685963,0.572323,0.000517,0.151722,20.3465,0.257551,0.26374289486314384,23.0,23.0,-0.213223,1.326176,0.002308655016926003,0.00782934042266346,0.0010175451800245037,0.09089280478241074,0.0
0.768756,0.763944,0.583611,-2.799308,1.469891,0.092278,0.573929,63.1386,0.799223,1.0921156767010376,20.0,34.0,-0.873766,1.730044,0.38342073850675235,1.6055773233283506,2.877133126567139,0.37275115589137814,1.0,0.203611,0.202361,0.04095,-0.685963,0.572323,0.000517,0.147501,18.3961,0.232862,0.19029105550061087,21.0,26.0,-0.260391,1.541866,0.002558101605590394,0.007643117711017941,0.0010468608841082672,0.0847281197771198,0.0
0.859185,0.854405,0.730008,-2.799308,1.469891,0.092278,0.646402,67.2832,0.851686,0.8057663449681123,20.0,35.0,-0.900452,0.960736,0.6308803016925898,2.181445532958606,4.109257780020495,0.3841647903021704,1.0,0.212593,0.211276,0.044638,-0.685963,0.572323,0.01122,0.157419,17.5343,0.221953,0.19437080905125848,19.0,31.0,-0.273326,1.139353,0.0022296459556324557,0.008220281108610592,0.001046214933429226,0.09580744659306087,0.0
0.793992,0.789019,0.622551,-2.799308,1.440845,0.144096,0.579982,60.1949,0.761961,1.4408453323381134,19.0,32.0,-1.138561,1.715915,0.5643028236705752,1.833772909453549,3.6573036854629732,0.3364634622485622,1.0,0.202903,0.201646,0.040661,-0.685963,0.505646,0.02499,0.15228,15.8101,0.200128,0.21819849314558726,19.0,32.0,-0.614179,1.188236,0.0047392314224360245,0.006875138771065182,0.0020875300888216868,0.10083674470806402,0.0
0.79577,0.791049,0.625759,-2.429914,1.501207,0.05371,0.607886,66.8219,0.845846,1.0372658136574704,18.0,32.0,-0.719596,0.367105,0.39449622274306745,1.3475969062463224,1.8910104302430093,0.3676044191258831,1.0,0.195069,0.193863,0.037583,-0.461378,0.505646,0.000999,0.152872,15.5642,0.197015,0.24268328522471624,18.0,33.0,-0.181229,0.111709,0.001028138032751632,0.004381502172869061,0.00020946570884473786,0.1052090051157669,0.0
0.845993,0.840689,0.706759,-2.429914,2.165955,0.087625,0.642623,68.7296,0.869995,0.664650462962443,17.0,34.0,-0.48086,0.427516,0.2882394859001515,1.7134338896741408,1.3834393783331005,0.3968976811700565,1.0,0.217403,0.216062,0.046683,-0.461378,0.52042,-0.022807,0.168328,19.2789,0.244037,0.19010376619738248,19.0,31.0,0.075026,-0.028856,0.0011921862969769942,0.0064844305656422945,0.0004697011314815225,0.11367487557976132,0.0
0.773302,0.769406,0.591986,-1.985195,2.165955,0.104702,0.583418,63.7582,0.807065,0.720424383932696,16.0,32.0,-0.371169,0.647503,0.10055902861192897,1.2513403788252169,0.3676723317142767,0.38337573761817,1.0,0.221858,0.220499,0.04862,-0.46733,0.52042,-0.022807,0.173737,20.2686,0.256564,0.5056464594490055,20.0,30.0,-0.01123,-0.083762,0.0006735458784328321,0.006895641839021452,8.844102321369585e-05,0.12086023994325094,0.0
0.807715,0.802692,0.644315,-1.985195,2.165955,0.072442,0.621147,69.6618,0.881794,1.1177648763556605,17.0,33.0,-0.320975,0.274385,0.15020117600374666,1.3538893374424368,0.5034437305698625,0.4140058925551917,1.0,0.233333,0.23188,0.053769,-0.472779,0.52042,-0.025725,0.185734,21.7875,0.275792,0.403807808942846,20.0,31.0,0.015966,-0.308691,0.00015607323860844166,0.007779134258601164,0.0002186735395409787,0.12524253253370712,0.0
0.798643,0.793656,0.629889,-2.184932,2.165955,0.072442,0.614483,66.7479,0.84491,0.7797503314393429,16.0,31.0,-0.37127,0.480686,0.19618991618292872,1.3851445021926392,0.74341936803289,0.4178796779169825,1.0,0.231013,0.229568,0.052701,-0.472779,0.52042,-0.003538,0.183812,21.8603,0.276712,0.19156757585960807,21.0,28.0,-0.083297,-0.285293,0.001207304699176313,0.007545073840726921,4.5393536301515e-05,0.12465386412616433,0.0
0.798637,0.793717,0.629987,-2.562862,2.109626,0.114829,0.59489,68.8797,0.871895,0.6138125268419833,18.0,30.0,-0.645639,1.251972,0.30038804159329924,1.672054709422742,1.805635046883054,0.38846090553830515,1.0,0.23152,0.230124,0.052957,-0.472779,0.486717,0.036792,0.192198,21.2785,0.269348,0.22005776693119658,21.0,32.0,-0.179813,-0.603433,0.0013821571220913914,0.006678184741644192,0.00021427505274836432,0.14128039438998435,0.0
0.807423,0.802367,0.643792,-2.562862,2.109626,0.097254,0.61207,71.1003,0.900004,0.7295997769127963,19.0,33.0,-0.49615,0.97236,0.2503198514549546,1.6432400469286161,1.5938494727645105,0.4101073912375006,1.0,0.229995,0.228672,0.052291,-0.472779,0.486717,0.037647,0.186964,21.9646,0.278033,0.4867173552869877,21.0,29.0,-0.115025,-0.559549,0.0002186160340721128,0.006635701065153649,9.713447674511606e-05,0.12944807227193536,0.0
0.827941,0.823015,0.677354,-2.562862,2.109626,0.061128,0.637805,74.3975,0.94174,0.933828126425845,18.0,30.0,-0.363572,0.641162,0.24494391494385756,1.6871461957366107,1.5555725338223172,0.4390679715457372,1.0,0.226426,0.225007,0.050628,-0.617816,0.474974,0.025355,0.182055,21.2184,0.268588,0.22468395506744598,21.0,31.0,-0.198316,-0.356225,0.0021590038710183348,0.006770606455489707,0.0008484688973114387,0.12689342946137017,0.0
0.811308,0.80629,0.650104,-2.562862,2.109626,0.023642,0.630666,69.1472,0.875281,2.1096257598648736,16.0,34.0,-0.13021,0.594019,0.047725321762771625,1.516004070557497,0.6554150012735794,0.4315943298911015,1.0,0.25678,0.25517,0.065112,-0.650841,0.606443,0.030518,0.200971,22.8352,0.289054,0.26362654004303643,19.0,38.0,-0.098369,-0.038561,0.0015339520062777438,0.012551811163230434,0.0006252867464011177,0.13525100753751138,0.0
0.736766,0.732148,0.536041,-1.508871,1.932057,-0.032373,0.609735,64.1288,0.811757,0.6663743044168762,18.0,33.0,0.227621,-0.421057,0.0874739755614612,0.7406207962240149,0.4022393725825979,0.45261744651418867,1.0,0.244011,0.242524,0.058818,-0.650841,0.606443,0.020667,0.185611,21.4095,0.271007,0.39559237360342125,20.0,34.0,-0.186417,0.35062,0.003459395258451248,0.01163909331281958,0.0010521662612281752,0.11624121032970862,0.0
0.776343,0.77208,0.596107,-1.843709,1.932057,-0.064173,0.645135,67.0593,0.848852,1.3061347733871305,17.0,32.0,0.08161,-0.410497,0.017073962805108155,0.9160404956862724,0.049583003506818636,0.48629367279921776,1.0,0.267539,0.265934,0.070721,-0.690784,0.720763,0.004233,0.202856,22.4692,0.28442,0.3062695466458949,19.0,36.0,-0.01651,0.517043,0.0016265838807968315,0.017595193116663396,0.00035786059807141405,0.1270906526910305,0.0
0.72895,0.724721,0.52522,-1.843709,1.932057,0.132633,0.605827,62.3425,0.789146,1.0538751636063766,18.0,32.0,-0.093266,-0.187546,0.00047061530237639814,0.7727788096195611,0.08403186691525003,0.4614910879391013,1.0,0.24981,0.248246,0.061626,-0.690784,0.720763,0.001718,0.187079,21.0135,0.265993,0.6064431944090722,19.0,34.0,0.074972,0.988937,0.0009193934625047927,0.015143339200240085,0.0006669164304209496,0.11828922985102598,0.0
0.744705,0.74004,0.547659,-1.843709,1.675991,0.132633,0.623607,64.5207,0.816718,1.6759906708964751,18.0,28.0,-0.247652,-0.473804,0.09631646236860371,0.756696284018388,0.3120979990532562,0.4814791905631167,1.0,0.25707,0.255489,0.065275,-0.972149,0.720763,0.001718,0.191726,21.8692,0.276825,0.2753131051136387,20.0,28.0,-0.444267,2.186753,0.008179394127274805,0.022212088680393278,0.00951930296848801,0.12442014431214259,0.0
0.721579,0.717057,0.514171,-1.843709,1.42444,0.163641,0.598577,58.2579,0.737442,1.262484863689732,17.0,31.0,-0.479873,-0.315888,0.17419053453289418,0.7083504585843031,0.5690904789898511,0.4748052969819706,1.0,0.285965,0.284173,0.080754,-0.972149,1.011431,0.005519,0.21084,24.9202,0.315445,0.3606550096547141,21.0,28.0,0.146474,2.509392,0.003524263095493544,0.035936940715215956,0.003420667668794648,0.14416693750146245,0.0
0.606911,0.603412,0.364106,-1.627279,1.42444,0.137969,0.489019,48.3687,0.612262,0.6621679153881519,16.0,29.0,-0.402078,0.134564,0.06721230244646613,0.4087383501163844,0.2212247250875964,0.37362390606154366,1.0,0.25994,0.258336,0.066738,-0.972149,1.011431,0.011335,0.187439,22.194,0.280937,0.43643826523804474,20.0,27.0,0.107388,3.679841,0.002574751271864635,0.029771668533633888,0.0027765044147166794,0.1231298080262327,0.0
0.669509,0.666083,0.443667,-1.893313,1.42444,0.014069,0.521109,50.5644,0.640055,1.0806108728448092,16.0,31.0,-0.356401,0.208764,0.14756554850121986,0.6448817661098519,0.5226536899655203,0.3640111942837652,1.0,0.265338,0.263742,0.06956,-0.972149,1.011431,0.011524,0.198951,21.8863,0.277041,0.3611671661341383,18.0,30.0,0.124292,3.169566,0.001033004966600065,0.029781856907393024,0.002527143140289874,0.1419591181312362,0.0
0.607149,0.603345,0.364025,-1.893313,1.212951,0.100259,0.463622,44.0066,0.557045,0.8850846999344643,16.0,37.0,-0.519393,0.673917,0.11214242530472743,0.48603826344580503,0.4348537422115621,0.31181674006705706,1.0,0.255616,0.254199,0.064617,-0.770169,1.011431,0.023963,0.192684,21.3752,0.270573,0.24219421682484596,18.0,28.0,0.37007,2.490397,0.007945746179540702,0.02312972230504007,0.010188779628246556,0.12840611777949842,0.0
0.628484,0.624547,0.390059,-1.893313,1.317822,0.041734,0.476712,49.1585,0.62226,0.7000788076737274,18.0,33.0,-0.315271,0.332401,0.07940788713250468,0.507695312246595,0.3232076218297778,0.3039950946747782,1.0,0.235684,0.234208,0.054854,-0.770169,0.591576,0.012153,0.180945,20.1295,0.254804,0.2988001409759922,17.0,28.0,-0.553287,1.010304,0.006944162077763072,0.012038249757168443,0.004296063428420014,0.11716652896577742,0.0
0.760806,0.756067,0.571637,-2.295318,1.665691,0.033036,0.580074,59.5804,0.754182,0.7663551536369467,18.0,39.0,-0.389918,0.22504,0.18021516057584727,1.0584356110980226,0.971711047478248,0.3295900479005894,1.0,0.250772,0.249207,0.062104,-0.770169,0.591576,0.015288,0.195009,20.374,0.257898,0.22440714898069714,16.0,31.0,-0.392165,0.502201,0.006401195344826471,0.013550706760672493,0.003914865375965263,0.12610416563826948,0.0
0.77217,0.768014,0.589846,-2.295318,1.665691,0.089805,0.592316,61.047,0.772747,1.0759492860281252,19.0,38.0,-0.293471,0.345545,0.07525479845451985,1.1463411785617492,0.6621204072674185,0.3564960285683214,1.0,0.242769,0.241419,0.058283,-0.770169,0.591576,0.031928,0.183568,20.1087,0.254541,0.5915760063542108,19.0,29.0,-0.5066,0.945377,0.005522276115682952,0.013133955216530296,0.0038225110846878034,0.11237652589808671,0.0
0.893188,0.887618,0.787866,-3.454138,2.313309,0.030021,0.64308,73.2907,0.92773,1.3178224772874685,19.0,35.0,-0.57515,2.260386,0.4195351407348629,3.276918943445245,5.933268175183691,0.36484258681776516,1.0,0.251411,0.249952,0.062476,-0.774884,0.701538,0.008867,0.184482,21.2513,0.269004,0.2694953879778679,19.0,33.0,-0.338861,1.130239,0.006720662021032335,0.016275185391660445,0.0036115146255832537,0.11505908981402461,0.0
0.885623,0.88007,0.774523,-3.454138,2.313309,0.030021,0.637557,69.9427,0.885351,1.2739921986712974,18.0,38.0,-0.616545,2.421892,0.42057182612996175,3.252746579860122,5.934841092336212,0.37265260220898,1.0,0.258673,0.257052,0.066076,-0.774884,0.730227,-0.01607,0.189827,20.8932,0.26447,0.4856758015170528,19.0,34.0,0.170343,1.181724,0.003048219495382278,0.018266486534991314,0.001099881432869154,0.1227619198969224,0.0
0.91288,0.907168,0.822954,-3.454138,2.313309,0.066691,0.659316,74.0612,0.937483,1.0963497144975727,20.0,33.0,-0.733205,2.397379,0.5360693303537579,3.645295535009974,7.01949477087916,0.4193975081543066,1.0,0.243796,0.242326,0.058722,-0.774884,0.730227,-0.037376,0.174779,20.3818,0.257997,0.19912005674753827,20.0,30.0,0.335442,1.975084,0.003832777101318167,0.017047351652665882,0.001370925251313424,0.11185751887420255,0.0
0.964597,0.958571,0.918858,-3.454138,2.313309,0.058708,0.688167,80.8447,1.023351,1.1435909722763238,19.0,33.0,-0.765642,2.017785,0.6918444061824762,4.253508113648245,8.12391646709867,0.41612668300278455,1.0,0.251025,0.249454,0.062227,-0.774884,0.730227,-0.037376,0.181152,20.5213,0.259763,0.3969054651825306,19.0,34.0,0.278434,1.58372,0.0041205793393031724,0.017730317953416695,0.0014019627509963752,0.11429400700255622,0.0
0.879183,0.873734,0.763411,-2.713781,1.80276,0.067541,0.661105,70.9742,0.898407,1.3040326177077979,18.0,32.0,-0.504405,0.860805,0.3122601033455688,2.2357484908453413,2.710886301626334,0.42342339962620607,1.0,0.251831,0.250671,0.062836,-0.606254,0.766386,-0.023838,0.184723,20.7277,0.262376,0.18829187572906536,19.0,32.0,0.73416,1.298139,0.01422870289362651,0.017602501197552495,0.007922938764642739,0.11816165968167537,0.0
0.878726,0.873506,0.763013,-2.713781,1.80276,-0.038619,0.664639,70.5252,0.892724,0.7986152235884842,19.0,32.0,-0.381671,0.770228,0.3055901190779781,2.217250339036562,2.69352524060553,0.42025853657917717,1.0,0.240025,0.238524,0.056894,-0.606254,0.766386,-0.020312,0.182848,21.1043,0.267143,0.2931301526951543,20.0,29.0,0.488285,1.171723,0.006402551434645959,0.013468449414565747,0.004526686630153936,0.12184495241978241,0.0
0.813789,0.808708,0.654009,-2.425366,1.80276,0.012902,0.630794,67.9755,0.86045,1.7784225827347684,20.0,32.0,-0.214046,0.457412,0.10154159474822691,1.476120932273492,1.0083983693154395,0.41293900896861424,1.0,0.262047,0.260583,0.067904,-0.606254,0.766386,0.013399,0.207176,23.1796,0.293413,0.36961709405136334,19.0,30.0,0.32624,0.450067,0.00772922944406355,0.01612507242228301,0.005235202739117949,0.14865294342008156,0.0
0.791724,0.786762,0.618994,-1.944548,1.874378,0.036799,0.631832,64.3581,0.814659,1.599523504176997,20.0,33.0,-0.086647,-0.289016,0.04558742605592696,1.0390339308360903,0.15042654805601002,0.420578743722683,1.0,0.266644,0.265011,0.070231,-0.606254,0.766386,-0.022448,0.212629,25.5525,0.323449,0.7026501693714235,23.0,22.0,0.409705,0.354209,0.006668454812571109,0.016405244164205607,0.00513341190382352,0.15735888493166492,0.0
0.890686,0.885205,0.783587,-2.781541,2.272003,0.043199,0.704012,73.5959,0.931593,0.7184011082532124,20.0,35.0,-0.308878,0.38335,0.24581818805512387,2.088831051117521,1.7124390367257867,0.4868555852573363,1.0,0.241275,0.240168,0.057681,-0.562307,0.642972,0.005128,0.201055,23.2968,0.294896,0.29568784996054087,23.0,23.0,-0.011414,-0.377027,0.0025662379214342196,0.008743893450649038,1.8682870322975914e-05,0.1570784598747943,0.0
1.000529,0.994343,0.988717,-2.781541,2.272003,0.106407,0.77834,85.5762,1.083243,1.506258115080192,19.0,35.0,-0.407661,0.343443,0.3617234893173035,3.2472561308011834,2.977958500238087,0.5266512748834079,1.0,0.245096,0.24365,0.059365,-0.633677,0.642972,0.033735,0.193697,22.2339,0.281441,0.4698105060345079,21.0,27.0,-0.313089,0.165735,0.005701931077787379,0.01127564476390076,0.0018205836659782135,0.13468294144919715,0.0
0.981764,0.975666,0.951924,-2.781541,2.272003,0.106407,0.755536,79.4181,1.005292,1.8743775685002528,19.0,36.0,-0.427264,0.503306,0.3665537809010631,3.157660149061588,2.9971235229116933,0.4832867209180244,1.0,0.216558,0.215217,0.046318,-0.633677,0.393059,0.033735,0.16751,20.1598,0.255187,0.23627186086503837,22.0,27.0,-0.766343,0.547356,0.00801614246420298,0.00769335628272351,0.0030568691281015027,0.11321106136578088,0.0
0.986753,0.98058,0.961537,-3.098084,2.272003,0.084314,0.729972,78.458,0.993139,1.0241859478524686,19.0,33.0,-0.606318,1.293422,0.5866474977889734,3.981321005600722,6.0688275738070505,0.45661722009059835,1.0,0.229636,0.228378,0.052157,-0.633677,0.555495,0.035182,0.174491,19.8183,0.250865,0.176681815273554,20.0,30.0,-0.745094,0.838284,0.00742953588514188,0.010111306573578796,0.0032331713183073687,0.11512087992120482,0.0
0.875759,0.87027,0.75737,-3.098084,2.198096,0.056228,0.628991,69.5704,0.880638,2.1980961753372927,19.0,33.0,-0.720048,1.965533,0.47051430508707204,2.8448612577924615,4.730227856807221,0.355199704268579,1.0,0.22526,0.223855,0.050111,-0.633677,0.555495,0.020151,0.172555,20.0146,0.25335,0.2949783647347406,20.0,27.0,-0.494851,0.620431,0.005279581673874869,0.009051119334824954,0.0024578059711759387,0.11455937512128554,0.0
0.828833,0.823648,0.678397,-3.098084,1.756825,0.084314,0.606634,67.5309,0.854821,0.7478615249887679,19.0,31.0,-0.752706,1.901673,0.4293753124973582,2.2630917619862223,4.1797899388242685,0.3543275126916432,1.0,0.20845,0.207326,0.042984,-0.598046,0.555495,0.018338,0.16734,18.7312,0.237103,0.2994448715055116,21.0,29.0,-0.112927,0.012694,0.0001196055072787805,0.0055312620215361,0.0002366190066225609,0.12102758038703484,0.0
0.847758,0.842444,0.709712,-3.098084,1.756825,0.056228,0.617458,69.716,0.882481,1.350581642948732,18.0,27.0,-0.796986,1.760558,0.47340702677784563,2.3950669492490215,4.431479209236641,0.3659521496183873,1.0,0.221066,0.219692,0.048264,-0.598046,0.555495,-0.013838,0.180502,20.8507,0.263932,0.24474462846967238,20.0,27.0,0.064853,-0.054436,0.0010097719567132419,0.006867698876444344,0.00018599922778604155,0.13761064035605758,0.0
0.803629,0.798637,0.63782,-2.38028,1.577325,0.028952,0.602934,64.693,0.818899,0.8502159819324993,18.0,32.0,-0.499971,0.573306,0.2710965060782639,1.462382887025272,1.6155379409230435,0.3580520512835387,1.0,0.220394,0.219268,0.048079,-0.437953,0.628262,-0.04149,0.18225,21.323,0.269912,0.2878634661444548,20.0,27.0,0.324289,-0.080949,0.00188109626570695,0.006603999967745097,0.0013099698970821445,0.14219610379051678,0.0
0.835536,0.830481,0.689698,-2.38028,1.577325,0.041364,0.638481,70.0885,0.887196,1.5367295198276707,20.0,28.0,-0.46808,0.341204,0.23183822096786777,1.5705139411832951,1.5434976095598762,0.39694140579778153,1.0,0.216702,0.215405,0.046399,-0.488495,0.628262,0.016267,0.175964,20.0599,0.253923,0.2762464370869234,20.0,30.0,0.117498,0.123852,0.0018893872152062944,0.006749149968100524,0.001089849095418672,0.135062228240216,0.0
0.812121,0.807103,0.651415,-2.196494,1.493859,0.028166,0.638907,70.0974,0.887308,0.9561486895780672,21.0,27.0,-0.402501,-0.160947,0.1903209632233552,1.1955541201916746,0.9695345105783975,0.40641541586925384,1.0,0.222711,0.221337,0.04899,-0.488495,0.628262,-0.046423,0.18004,20.3994,0.25822,0.18790432579068247,19.0,30.0,0.306034,0.200783,0.0028548616857666195,0.007640001025358223,0.0015292465752868314,0.14010684553459554,0.0
0.810034,0.805068,0.648135,-2.196494,1.844069,-0.041131,0.62706,72.3355,0.915639,1.493859489920691,20.0,31.0,-0.160624,-0.156923,0.11000229684708654,1.198873994983788,0.4934525665956605,0.3861030336416558,1.0,0.214151,0.212839,0.0453,-0.488495,0.628262,-0.040019,0.17444,20.1167,0.254641,0.37075035411395085,20.0,30.0,0.215148,0.145689,0.001585368310779551,0.006425340393784115,0.0010543474191609477,0.13752100412041957,0.0
0.743623,0.738965,0.546069,-1.58084,1.844069,-0.012135,0.574454,68.9558,0.872858,1.437037445851129,19.0,29.0,-0.121232,-0.201907,0.044874295050861296,0.833885446692339,0.02769524180739824,0.35453552442883524,1.0,0.179884,0.178773,0.03196,-0.488495,0.525686,0.011453,0.14529,16.3206,0.206589,0.2675188635356026,19.0,32.0,0.022337,0.180924,0.00036262445486522044,0.0032502825132348966,0.00012685690531421715,0.10678542884423733,0.0
0.724091,0.719571,0.517782,-1.743565,1.844069,0.017222,0.559146,64.5548,0.81715,1.1252320092942978,20.0,31.0,-0.238152,-0.051803,0.09703104898035728,0.7923064220259437,0.21604417453099148,0.35389087405993247,1.0,0.185027,0.183902,0.03382,-0.521094,0.525686,0.006834,0.144509,16.5313,0.209257,0.5256860970332013,20.0,26.0,0.020555,0.431078,0.00023634496979973838,0.003922243360698863,8.963067563884809e-06,0.09671835789654404,0.0
0.664597,0.66043,0.436168,-1.743565,1.844069,0.077191,0.504175,58.0726,0.735096,0.8482231373655127,19.0,33.0,-0.413791,0.487271,0.1196701699100458,0.6636000763083301,0.27975644227082724,0.3250813919117326,1.0,0.195892,0.194688,0.037904,-0.521094,0.428034,0.016588,0.153366,16.4388,0.208086,0.16267819113445686,18.0,30.0,-0.361276,0.026258,0.0023095955537452756,0.004314435277741877,0.0007088644952824961,0.09635202242841082,0.0
0.68398,0.6797,0.461992,-1.743565,1.246009,0.128718,0.533522,59.4757,0.752857,1.038859187697908,20.0,31.0,-0.62651,0.107779,0.20141043455837368,0.6659707289601889,0.6444004609663361,0.3605405691096594,1.0,0.201314,0.200059,0.040024,-0.570621,0.428034,0.025487,0.155514,14.5911,0.184698,0.16307812641674055,15.0,32.0,-0.615667,0.356557,0.004729925930563502,0.005344021478265596,0.0014617203491240193,0.09568828541224739,0.0
0.717917,0.713438,0.508993,-1.743565,1.246009,0.122576,0.561373,62.2499,0.787973,0.6675215529283562,20.0,29.0,-0.613931,-0.004784,0.21441781829140708,0.7710180746597528,0.736415993695991,0.3812670856646214,1.0,0.245646,0.244133,0.059601,-0.82436,0.428034,0.024054,0.189678,18.2217,0.230655,0.25990583878128837,15.0,30.0,-0.75425,0.678014,0.0103162454702248,0.01290354534091592,0.006213520531459454,0.11696912527894716,0.0
0.695692,0.691349,0.477964,-1.72873,1.246009,0.122576,0.548914,59.4484,0.752512,0.8109019179091405,18.0,29.0,-0.625156,-0.040734,0.19927330778287886,0.6718450715130251,0.6196566466084896,0.3779784564022072,1.0,0.245818,0.244292,0.059679,-0.82436,0.388581,0.015296,0.192415,18.9412,0.239762,0.38858068150862224,14.0,31.0,-0.702296,0.45937,0.010724637914930748,0.012431827794915537,0.006112219690952057,0.11344966773672428,0.0
0.778294,0.773961,0.599016,-2.63778,1.246009,0.122576,0.584948,62.6232,0.792698,0.9164974066070206,17.0,30.0,-1.02047,1.179699,0.5243504766426013,1.553519426317786,2.8890126646459393,0.3850495880393669,1.0,0.224186,0.222781,0.049631,-0.82436,0.385687,0.015547,0.167193,17.3462,0.219572,0.24100880555892334,16.0,30.0,-0.869567,1.421314,0.009688459108032796,0.010909911388870703,0.005835420424377943,0.0953154522546117,0.0
0.73114,0.726566,0.527898,-2.63778,1.152936,0.124171,0.543009,59.3632,0.751433,1.115269757970962,17.0,33.0,-1.196965,2.038774,0.453104063934731,1.3972256807764496,2.7135015910177147,0.36822095940822097,1.0,0.222392,0.22101,0.048845,-0.82436,0.385687,0.015547,0.167305,18.5144,0.234359,0.3674044530057268,18.0,32.0,-0.736141,1.22046,0.007602971812928778,0.00999453095407277,0.005115079254975179,0.0941083214573719,0.0
0.69922,0.69484,0.482803,-2.63778,1.255299,0.085587,0.509391,54.9865,0.696031,0.6326428607553088,16.0,37.0,-1.282953,2.697787,0.4270936384737777,1.324219158448199,2.6323779858552494,0.3361294595550299,1.0,0.26681,0.265173,0.070317,-1.258905,1.01031,0.024937,0.177543,21.4908,0.272036,0.20336553136507143,19.0,28.0,-0.924407,7.094058,0.01813950691489201,0.05018792915199566,0.028961721119518807,0.09810808730227717,0.0
0.813663,0.808629,0.653881,-2.701838,2.396147,0.043301,0.558141,63.7755,0.807285,1.1529363051813002,17.0,36.0,-0.785793,2.788045,0.43576324717768405,2.4916065955164166,3.199861560107384,0.3380904951116306,1.0,0.276111,0.274389,0.07529,-1.258905,1.01031,0.0271,0.188423,22.5452,0.285382,0.24199751723898405,22.0,28.0,-0.891866,6.174117,0.017907949852660466,0.051830851858907366,0.02957648407721794,0.1168587304213147,0.0
0.778708,0.774713,0.60018,-2.701838,2.396147,0.107177,0.549457,61.8012,0.782294,0.8188654928566159,16.0,36.0,-0.462884,2.071131,0.1478530637862201,1.7914887927764866,1.0475690524445518,0.32794175064234077,1.0,0.294697,0.292858,0.085766,-1.258905,1.01031,0.007279,0.209258,25.2815,0.320019,0.2885815298447994,22.0,26.0,-0.785945,4.45217,0.01915851698970196,0.05463437423061657,0.030432952514960792,0.13473607639003898,0.0
0.781782,0.776896,0.603567,-2.701838,2.396147,0.058764,0.557208,60.6521,0.767748,1.2552990668662842,17.0,33.0,-0.36923,1.905222,0.16433335421624987,1.7835204442140953,1.0609026499467185,0.3327326460434872,1.0,0.309483,0.307547,0.094585,-1.258905,1.01031,-0.023567,0.218807,26.8738,0.340175,1.0103101758981587,22.0,21.0,-0.454598,3.504792,0.0136519904485115,0.058272312721550666,0.028284014951843506,0.135551158348887,1.0
0.789198,0.784341,0.615192,-2.701838,2.396147,0.072852,0.552743,62.492,0.791038,1.772422226747816,16.0,28.0,-0.540596,2.163408,0.23867738955961676,1.9412847123130295,1.5210438860443447,0.32661290333886794,1.0,0.246435,0.244898,0.059975,-0.623256,0.606279,-0.023567,0.192144,22.5069,0.284897,0.3244195023524443,23.0,24.0,0.145668,0.163638,0.002497715614166473,0.011396577833756256,0.00038521818348797774,0.12618811205247302,0.0
0.682176,0.678373,0.46019,-2.136924,1.443068,0.056333,0.502244,53.079,0.671886,0.7743264351583121,16.0,28.0,-0.792952,0.978744,0.28197469867760805,0.867054579311821,1.1315266885964255,0.313852518987752,1.0,0.255757,0.254189,0.064612,-0.623256,0.840423,-0.034614,0.19435,22.7381,0.287824,0.25130516136846986,21.0,25.0,0.739994,0.932591,0.011324916150118903,0.01620874842099284,0.006796645242304888,0.12582658231237298,0.0
0.697112,0.692782,0.479947,-2.136924,1.755931,0.061842,0.524219,58.1139,0.735619,0.6838763356249843,17.0,24.0,-0.71472,1.114735,0.24834539048753554,0.9548562195315398,1.1040758343452783,0.3429703943613375,1.0,0.242567,0.241122,0.05814,-0.424464,0.840423,-0.024052,0.183708,21.591,0.273304,0.5650556810820565,21.0,23.0,0.910029,1.238543,0.011691996774312837,0.0140140167999592,0.00747560003659378,0.12101919593431294,0.0
0.689964,0.686149,0.4708,-2.136924,1.755931,0.071464,0.507594,57.1179,0.723012,0.8915038325298386,15.0,29.0,-0.823495,1.333683,0.3027530240810621,0.9877788786544919,1.2319581334555938,0.3247053832876967,1.0,0.221731,0.220352,0.048555,-0.424464,0.840423,0.006166,0.168919,19.6065,0.248183,0.19175733490161026,19.0,27.0,0.651307,1.453497,0.006642365866018382,0.01043655763521507,0.00545321109606421,0.10615235913938034,0.0
0.797832,0.793346,0.629398,-2.735678,1.755931,0.079271,0.601574,63.8466,0.808185,0.6923850436260348,17.0,34.0,-0.767221,1.084118,0.4363257212530699,1.6605312763377977,2.6532823852817278,0.393926525532962,1.0,0.240956,0.239573,0.057395,-0.690874,0.840423,-0.011134,0.179555,19.8676,0.251488,0.504988769135253,19.0,24.0,0.243141,1.369042,0.0019889411867269986,0.014278245664070674,0.003207032925075237,0.1101183242142112,0.0
0.867165,0.861733,0.742584,-2.735678,1.755931,0.158591,0.665325,65.6194,0.830625,0.7663252461940492,17.0,36.0,-0.762011,0.557067,0.4939114212160656,1.966986031378935,2.9547935038291193,0.44232095111586495,1.0,0.217995,0.21666,0.046941,-0.690874,0.468606,-0.002482,0.163306,18.0491,0.22847,0.30306601841025704,18.0,26.0,-0.511036,0.589897,0.004670640713769211,0.007832171380148597,0.0022640158243121284,0.09578364206484208,0.0
0.824282,0.819206,0.671099,-2.735678,1.460952,0.061367,0.628124,61.3678,0.776808,0.8743201084454532,16.0,39.0,-0.681362,0.700328,0.3991490137584176,1.6847557411790508,2.624236260100301,0.41176907603956975,1.0,0.223555,0.222154,0.049352,-0.690874,0.468606,-0.005876,0.166676,18.1486,0.22973,0.28021878177454945,20.0,28.0,-0.527967,0.706469,0.005767684893526022,0.009024361050170902,0.0029933656808964902,0.09428823106988866,0.0
0.796958,0.792514,0.628078,-2.735678,1.460952,0.073856,0.598718,56.8443,0.719548,0.9262706293361023,16.0,40.0,-0.767479,1.116377,0.3255022119272685,1.5774736329968606,2.4441451917198087,0.3820830835394771,1.0,0.226363,0.224978,0.050615,-0.690874,0.468606,-0.004724,0.166712,18.4829,0.23396,0.2984096934637478,22.0,25.0,-0.78388,1.141647,0.0083250443854121,0.010468226925197286,0.0042291826592446265,0.09705713012477574,0.0
0.681429,0.677559,0.459086,-1.979057,1.460952,0.067936,0.516878,49.5285,0.626943,1.1230171875116148,16.0,38.0,-0.395622,0.468578,0.09074128272823011,0.7193397445108812,0.46080605024514076,0.3393206009464824,1.0,0.213595,0.21251,0.045161,-0.629602,0.499247,-0.004724,0.161051,17.4141,0.220432,0.33124221975563134,21.0,24.0,-0.432573,0.746291,0.0027303737442364927,0.00746118393531868,0.0017894472812203573,0.09512361553603267,0.0
